
> dev
> next dev --turbopack

 ⚠ Warning: Next.js inferred your workspace root, but it may not be correct.
 We detected multiple lockfiles and selected the directory of /home/efzyn/yarn.lock as the root directory.
 To silence this warning, set `turbopack.root` in your Next.js config, or consider removing one of the lockfiles if it's not needed.
   See https://nextjs.org/docs/app/api-reference/config/next-config-js/turbopack#root-directory for more information.
 Detected additional lockfiles: 
   * /home/efzyn/Project/engine-calc-id/package-lock.json

   ▲ Next.js 15.5.2 (Turbopack)
   - Local:        http://localhost:3000
   - Network:      http://192.168.1.14:3000
   - Environments: .env.local

 ✓ Starting...
 ○ Compiling middleware ...
 ✓ Compiled middleware in 1545ms
 ✓ Ready in 4.2s
 ○ Compiling / ...
 ✓ Compiled / in 10.1s
 HEAD / 307 in 11239ms
 ○ Compiling /auth/login ...
 ✓ Compiled /auth/login in 4.4s
 HEAD /auth/login 200 in 4907ms
 GET / 307 in 457ms
 ○ Compiling /dashboard ...
 ✓ Compiled /dashboard in 1088ms
 GET /dashboard 200 in 1942ms
 ○ Compiling /calculators/displacement ...
 ✓ Compiled /calculators/displacement in 737ms
 GET /calculators/displacement 200 in 921ms
 GET /dashboard 200 in 285ms
 ○ Compiling /calculators/valve-size ...
 ✓ Compiled /calculators/valve-size in 682ms
 GET /calculators/valve-size 200 in 818ms
 ○ Compiling /calculators/compression-ratio ...
 ✓ Compiled /calculators/compression-ratio in 663ms
 GET /calculators/compression-ratio 200 in 815ms
 ○ Compiling /calculators/carburetor-size ...
 ✓ Compiled /calculators/carburetor-size in 731ms
 GET /calculators/carburetor-size 200 in 892ms
 GET /dashboard 200 in 225ms
 GET / 307 in 792ms
 GET /dashboard 200 in 919ms
 ○ Compiling /favicon.ico ...
 ✓ Compiled /favicon.ico in 1671ms
 GET /calculators/displacement 200 in 143ms
 ✓ Compiled in 1212ms
 ✓ Compiled in 1053ms
 ✓ Compiled in 83ms
 HEAD / 307 in 484ms
 GET /calculators/displacement 200 in 735ms
 GET /dashboard 200 in 559ms
 GET /calculators/displacement 200 in 123ms
 GET /dashboard 200 in 246ms
 ✓ Compiled in 413ms
 ⨯ ./Project/engine-calc-id/components/sidebar.tsx:20:1
Module not found: Can't resolve '@/components/ui/tooltip'
[0m [90m 18 |[39m [36mimport[39m { useState[33m,[39m useEffect } [36mfrom[39m [32m"react"[39m[33m;[39m
 [90m 19 |[39m [36mimport[39m { cn } [36mfrom[39m [32m"@/lib/utils"[39m[33m;[39m
[31m[1m>[22m[39m[90m 20 |[39m [36mimport[39m { [33mTooltip[39m[33m,[39m [33mTooltipContent[39m[33m,[39m [33mTooltipProvider[39m[33m,[39m [33mTooltipTrigger[39m } [36mfrom[39m [32m"@/components/ui/tooltip"[39m[33m;[39m
 [90m    |[39m [31m[1m^[22m[39m[31m[1m^[22m[39m[31m[1m^[22m[39m[31m[1m^[22m[39m[31m[1m^[22m[39m[31m[1m^[22m[39m[31m[1m^[22m[39m[31m[1m^[22m[39m[31m[1m^[22m[39m[31m[1m^[22m[39m[31m[1m^[22m[39m[31m[1m^[22m[39m[31m[1m^[22m[39m[31m[1m^[22m[39m[31m[1m^[22m[39m[31m[1m^[22m[39m[31m[1m^[22m[39m[31m[1m^[22m[39m[31m[1m^[22m[39m[31m[1m^[22m[39m[31m[1m^[22m[39m[31m[1m^[22m[39m[31m[1m^[22m[39m[31m[1m^[22m[39m[31m[1m^[22m[39m[31m[1m^[22m[39m[31m[1m^[22m[39m[31m[1m^[22m[39m[31m[1m^[22m[39m[31m[1m^[22m[39m[31m[1m^[22m[39m[31m[1m^[22m[39m[31m[1m^[22m[39m[31m[1m^[22m[39m[31m[1m^[22m[39m[31m[1m^[22m[39m[31m[1m^[22m[39m[31m[1m^[22m[39m[31m[1m^[22m[39m[31m[1m^[22m[39m[31m[1m^[22m[39m[31m[1m^[22m[39m[31m[1m^[22m[39m[31m[1m^[22m[39m[31m[1m^[22m[39m[31m[1m^[22m[39m[31m[1m^[22m[39m[31m[1m^[22m[39m[31m[1m^[22m[39m[31m[1m^[22m[39m[31m[1m^[22m[39m[31m[1m^[22m[39m[31m[1m^[22m[39m[31m[1m^[22m[39m[31m[1m^[22m[39m[31m[1m^[22m[39m[31m[1m^[22m[39m[31m[1m^[22m[39m[31m[1m^[22m[39m[31m[1m^[22m[39m[31m[1m^[22m[39m[31m[1m^[22m[39m[31m[1m^[22m[39m[31m[1m^[22m[39m[31m[1m^[22m[39m[31m[1m^[22m[39m[31m[1m^[22m[39m[31m[1m^[22m[39m[31m[1m^[22m[39m[31m[1m^[22m[39m[31m[1m^[22m[39m[31m[1m^[22m[39m[31m[1m^[22m[39m[31m[1m^[22m[39m[31m[1m^[22m[39m[31m[1m^[22m[39m[31m[1m^[22m[39m[31m[1m^[22m[39m[31m[1m^[22m[39m[31m[1m^[22m[39m[31m[1m^[22m[39m[31m[1m^[22m[39m[31m[1m^[22m[39m[31m[1m^[22m[39m[31m[1m^[22m[39m[31m[1m^[22m[39m[31m[1m^[22m[39m[31m[1m^[22m[39m[31m[1m^[22m[39m[31m[1m^[22m[39m[31m[1m^[22m[39m[31m[1m^[22m[39m[31m[1m^[22m[39m[31m[1m^[22m[39m[31m[1m^[22m[39m[31m[1m^[22m[39m[31m[1m^[22m[39m[31m[1m^[22m[39m[31m[1m^[22m[39m
 [90m 21 |[39m
 [90m 22 |[39m [36mconst[39m menuItems [33m=[39m [
 [90m 23 |[39m   {[0m

Import map: aliased to relative './components/ui/tooltip' inside of [project]/Project/engine-calc-id


Import traces:
  Client Component Browser:
    ./Project/engine-calc-id/components/sidebar.tsx [Client Component Browser]
    ./Project/engine-calc-id/app/calculators/layout.tsx [Client Component Browser]
    ./Project/engine-calc-id/app/calculators/layout.tsx [Server Component]

  Client Component SSR:
    ./Project/engine-calc-id/components/sidebar.tsx [Client Component SSR]
    ./Project/engine-calc-id/app/calculators/layout.tsx [Client Component SSR]
    ./Project/engine-calc-id/app/calculators/layout.tsx [Server Component]

https://nextjs.org/docs/messages/module-not-found


 ⨯ ./Project/engine-calc-id/components/sidebar.tsx:20:1
Module not found: Can't resolve '@/components/ui/tooltip'
[0m [90m 18 |[39m [36mimport[39m { useState[33m,[39m useEffect } [36mfrom[39m [32m"react"[39m[33m;[39m
 [90m 19 |[39m [36mimport[39m { cn } [36mfrom[39m [32m"@/lib/utils"[39m[33m;[39m
[31m[1m>[22m[39m[90m 20 |[39m [36mimport[39m { [33mTooltip[39m[33m,[39m [33mTooltipContent[39m[33m,[39m [33mTooltipProvider[39m[33m,[39m [33mTooltipTrigger[39m } [36mfrom[39m [32m"@/components/ui/tooltip"[39m[33m;[39m
 [90m    |[39m [31m[1m^[22m[39m[31m[1m^[22m[39m[31m[1m^[22m[39m[31m[1m^[22m[39m[31m[1m^[22m[39m[31m[1m^[22m[39m[31m[1m^[22m[39m[31m[1m^[22m[39m[31m[1m^[22m[39m[31m[1m^[22m[39m[31m[1m^[22m[39m[31m[1m^[22m[39m[31m[1m^[22m[39m[31m[1m^[22m[39m[31m[1m^[22m[39m[31m[1m^[22m[39m[31m[1m^[22m[39m[31m[1m^[22m[39m[31m[1m^[22m[39m[31m[1m^[22m[39m[31m[1m^[22m[39m[31m[1m^[22m[39m[31m[1m^[22m[39m[31m[1m^[22m[39m[31m[1m^[22m[39m[31m[1m^[22m[39m[31m[1m^[22m[39m[31m[1m^[22m[39m[31m[1m^[22m[39m[31m[1m^[22m[39m[31m[1m^[22m[39m[31m[1m^[22m[39m[31m[1m^[22m[39m[31m[1m^[22m[39m[31m[1m^[22m[39m[31m[1m^[22m[39m[31m[1m^[22m[39m[31m[1m^[22m[39m[31m[1m^[22m[39m[31m[1m^[22m[39m[31m[1m^[22m[39m[31m[1m^[22m[39m[31m[1m^[22m[39m[31m[1m^[22m[39m[31m[1m^[22m[39m[31m[1m^[22m[39m[31m[1m^[22m[39m[31m[1m^[22m[39m[31m[1m^[22m[39m[31m[1m^[22m[39m[31m[1m^[22m[39m[31m[1m^[22m[39m[31m[1m^[22m[39m[31m[1m^[22m[39m[31m[1m^[22m[39m[31m[1m^[22m[39m[31m[1m^[22m[39m[31m[1m^[22m[39m[31m[1m^[22m[39m[31m[1m^[22m[39m[31m[1m^[22m[39m[31m[1m^[22m[39m[31m[1m^[22m[39m[31m[1m^[22m[39m[31m[1m^[22m[39m[31m[1m^[22m[39m[31m[1m^[22m[39m[31m[1m^[22m[39m[31m[1m^[22m[39m[31m[1m^[22m[39m[31m[1m^[22m[39m[31m[1m^[22m[39m[31m[1m^[22m[39m[31m[1m^[22m[39m[31m[1m^[22m[39m[31m[1m^[22m[39m[31m[1m^[22m[39m[31m[1m^[22m[39m[31m[1m^[22m[39m[31m[1m^[22m[39m[31m[1m^[22m[39m[31m[1m^[22m[39m[31m[1m^[22m[39m[31m[1m^[22m[39m[31m[1m^[22m[39m[31m[1m^[22m[39m[31m[1m^[22m[39m[31m[1m^[22m[39m[31m[1m^[22m[39m[31m[1m^[22m[39m[31m[1m^[22m[39m[31m[1m^[22m[39m[31m[1m^[22m[39m[31m[1m^[22m[39m[31m[1m^[22m[39m[31m[1m^[22m[39m[31m[1m^[22m[39m[31m[1m^[22m[39m[31m[1m^[22m[39m
 [90m 21 |[39m
 [90m 22 |[39m [36mconst[39m menuItems [33m=[39m [
 [90m 23 |[39m   {[0m

Import map: aliased to relative './components/ui/tooltip' inside of [project]/Project/engine-calc-id


Import traces:
  Client Component Browser:
    ./Project/engine-calc-id/components/sidebar.tsx [Client Component Browser]
    ./Project/engine-calc-id/app/calculators/layout.tsx [Client Component Browser]
    ./Project/engine-calc-id/app/calculators/layout.tsx [Server Component]

  Client Component SSR:
    ./Project/engine-calc-id/components/sidebar.tsx [Client Component SSR]
    ./Project/engine-calc-id/app/calculators/layout.tsx [Client Component SSR]
    ./Project/engine-calc-id/app/calculators/layout.tsx [Server Component]

https://nextjs.org/docs/messages/module-not-found


 ⨯ ./Project/engine-calc-id/components/sidebar.tsx:20:1
Module not found: Can't resolve '@/components/ui/tooltip'
[0m [90m 18 |[39m [36mimport[39m { useState[33m,[39m useEffect } [36mfrom[39m [32m"react"[39m[33m;[39m
 [90m 19 |[39m [36mimport[39m { cn } [36mfrom[39m [32m"@/lib/utils"[39m[33m;[39m
[31m[1m>[22m[39m[90m 20 |[39m [36mimport[39m { [33mTooltip[39m[33m,[39m [33mTooltipContent[39m[33m,[39m [33mTooltipProvider[39m[33m,[39m [33mTooltipTrigger[39m } [36mfrom[39m [32m"@/components/ui/tooltip"[39m[33m;[39m
 [90m    |[39m [31m[1m^[22m[39m[31m[1m^[22m[39m[31m[1m^[22m[39m[31m[1m^[22m[39m[31m[1m^[22m[39m[31m[1m^[22m[39m[31m[1m^[22m[39m[31m[1m^[22m[39m[31m[1m^[22m[39m[31m[1m^[22m[39m[31m[1m^[22m[39m[31m[1m^[22m[39m[31m[1m^[22m[39m[31m[1m^[22m[39m[31m[1m^[22m[39m[31m[1m^[22m[39m[31m[1m^[22m[39m[31m[1m^[22m[39m[31m[1m^[22m[39m[31m[1m^[22m[39m[31m[1m^[22m[39m[31m[1m^[22m[39m[31m[1m^[22m[39m[31m[1m^[22m[39m[31m[1m^[22m[39m[31m[1m^[22m[39m[31m[1m^[22m[39m[31m[1m^[22m[39m[31m[1m^[22m[39m[31m[1m^[22m[39m[31m[1m^[22m[39m[31m[1m^[22m[39m[31m[1m^[22m[39m[31m[1m^[22m[39m[31m[1m^[22m[39m[31m[1m^[22m[39m[31m[1m^[22m[39m[31m[1m^[22m[39m[31m[1m^[22m[39m[31m[1m^[22m[39m[31m[1m^[22m[39m[31m[1m^[22m[39m[31m[1m^[22m[39m[31m[1m^[22m[39m[31m[1m^[22m[39m[31m[1m^[22m[39m[31m[1m^[22m[39m[31m[1m^[22m[39m[31m[1m^[22m[39m[31m[1m^[22m[39m[31m[1m^[22m[39m[31m[1m^[22m[39m[31m[1m^[22m[39m[31m[1m^[22m[39m[31m[1m^[22m[39m[31m[1m^[22m[39m[31m[1m^[22m[39m[31m[1m^[22m[39m[31m[1m^[22m[39m[31m[1m^[22m[39m[31m[1m^[22m[39m[31m[1m^[22m[39m[31m[1m^[22m[39m[31m[1m^[22m[39m[31m[1m^[22m[39m[31m[1m^[22m[39m[31m[1m^[22m[39m[31m[1m^[22m[39m[31m[1m^[22m[39m[31m[1m^[22m[39m[31m[1m^[22m[39m[31m[1m^[22m[39m[31m[1m^[22m[39m[31m[1m^[22m[39m[31m[1m^[22m[39m[31m[1m^[22m[39m[31m[1m^[22m[39m[31m[1m^[22m[39m[31m[1m^[22m[39m[31m[1m^[22m[39m[31m[1m^[22m[39m[31m[1m^[22m[39m[31m[1m^[22m[39m[31m[1m^[22m[39m[31m[1m^[22m[39m[31m[1m^[22m[39m[31m[1m^[22m[39m[31m[1m^[22m[39m[31m[1m^[22m[39m[31m[1m^[22m[39m[31m[1m^[22m[39m[31m[1m^[22m[39m[31m[1m^[22m[39m[31m[1m^[22m[39m[31m[1m^[22m[39m[31m[1m^[22m[39m[31m[1m^[22m[39m[31m[1m^[22m[39m[31m[1m^[22m[39m
 [90m 21 |[39m
 [90m 22 |[39m [36mconst[39m menuItems [33m=[39m [
 [90m 23 |[39m   {[0m

Import map: aliased to relative './components/ui/tooltip' inside of [project]/Project/engine-calc-id


Import traces:
  Client Component Browser:
    ./Project/engine-calc-id/components/sidebar.tsx [Client Component Browser]
    ./Project/engine-calc-id/app/calculators/layout.tsx [Client Component Browser]
    ./Project/engine-calc-id/app/calculators/layout.tsx [Server Component]

  Client Component SSR:
    ./Project/engine-calc-id/components/sidebar.tsx [Client Component SSR]
    ./Project/engine-calc-id/app/calculators/layout.tsx [Client Component SSR]
    ./Project/engine-calc-id/app/calculators/layout.tsx [Server Component]

https://nextjs.org/docs/messages/module-not-found


 ⨯ ./Project/engine-calc-id/components/sidebar.tsx:20:1
Module not found: Can't resolve '@/components/ui/tooltip'
[0m [90m 18 |[39m [36mimport[39m { useState[33m,[39m useEffect } [36mfrom[39m [32m"react"[39m[33m;[39m
 [90m 19 |[39m [36mimport[39m { cn } [36mfrom[39m [32m"@/lib/utils"[39m[33m;[39m
[31m[1m>[22m[39m[90m 20 |[39m [36mimport[39m { [33mTooltip[39m[33m,[39m [33mTooltipContent[39m[33m,[39m [33mTooltipProvider[39m[33m,[39m [33mTooltipTrigger[39m } [36mfrom[39m [32m"@/components/ui/tooltip"[39m[33m;[39m
 [90m    |[39m [31m[1m^[22m[39m[31m[1m^[22m[39m[31m[1m^[22m[39m[31m[1m^[22m[39m[31m[1m^[22m[39m[31m[1m^[22m[39m[31m[1m^[22m[39m[31m[1m^[22m[39m[31m[1m^[22m[39m[31m[1m^[22m[39m[31m[1m^[22m[39m[31m[1m^[22m[39m[31m[1m^[22m[39m[31m[1m^[22m[39m[31m[1m^[22m[39m[31m[1m^[22m[39m[31m[1m^[22m[39m[31m[1m^[22m[39m[31m[1m^[22m[39m[31m[1m^[22m[39m[31m[1m^[22m[39m[31m[1m^[22m[39m[31m[1m^[22m[39m[31m[1m^[22m[39m[31m[1m^[22m[39m[31m[1m^[22m[39m[31m[1m^[22m[39m[31m[1m^[22m[39m[31m[1m^[22m[39m[31m[1m^[22m[39m[31m[1m^[22m[39m[31m[1m^[22m[39m[31m[1m^[22m[39m[31m[1m^[22m[39m[31m[1m^[22m[39m[31m[1m^[22m[39m[31m[1m^[22m[39m[31m[1m^[22m[39m[31m[1m^[22m[39m[31m[1m^[22m[39m[31m[1m^[22m[39m[31m[1m^[22m[39m[31m[1m^[22m[39m[31m[1m^[22m[39m[31m[1m^[22m[39m[31m[1m^[22m[39m[31m[1m^[22m[39m[31m[1m^[22m[39m[31m[1m^[22m[39m[31m[1m^[22m[39m[31m[1m^[22m[39m[31m[1m^[22m[39m[31m[1m^[22m[39m[31m[1m^[22m[39m[31m[1m^[22m[39m[31m[1m^[22m[39m[31m[1m^[22m[39m[31m[1m^[22m[39m[31m[1m^[22m[39m[31m[1m^[22m[39m[31m[1m^[22m[39m[31m[1m^[22m[39m[31m[1m^[22m[39m[31m[1m^[22m[39m[31m[1m^[22m[39m[31m[1m^[22m[39m[31m[1m^[22m[39m[31m[1m^[22m[39m[31m[1m^[22m[39m[31m[1m^[22m[39m[31m[1m^[22m[39m[31m[1m^[22m[39m[31m[1m^[22m[39m[31m[1m^[22m[39m[31m[1m^[22m[39m[31m[1m^[22m[39m[31m[1m^[22m[39m[31m[1m^[22m[39m[31m[1m^[22m[39m[31m[1m^[22m[39m[31m[1m^[22m[39m[31m[1m^[22m[39m[31m[1m^[22m[39m[31m[1m^[22m[39m[31m[1m^[22m[39m[31m[1m^[22m[39m[31m[1m^[22m[39m[31m[1m^[22m[39m[31m[1m^[22m[39m[31m[1m^[22m[39m[31m[1m^[22m[39m[31m[1m^[22m[39m[31m[1m^[22m[39m[31m[1m^[22m[39m[31m[1m^[22m[39m[31m[1m^[22m[39m[31m[1m^[22m[39m[31m[1m^[22m[39m[31m[1m^[22m[39m
 [90m 21 |[39m
 [90m 22 |[39m [36mconst[39m menuItems [33m=[39m [
 [90m 23 |[39m   {[0m

Import map: aliased to relative './components/ui/tooltip' inside of [project]/Project/engine-calc-id


Import traces:
  Client Component Browser:
    ./Project/engine-calc-id/components/sidebar.tsx [Client Component Browser]
    ./Project/engine-calc-id/app/calculators/layout.tsx [Client Component Browser]
    ./Project/engine-calc-id/app/calculators/layout.tsx [Server Component]

  Client Component SSR:
    ./Project/engine-calc-id/components/sidebar.tsx [Client Component SSR]
    ./Project/engine-calc-id/app/calculators/layout.tsx [Client Component SSR]
    ./Project/engine-calc-id/app/calculators/layout.tsx [Server Component]

https://nextjs.org/docs/messages/module-not-found


 ⨯ ./Project/engine-calc-id/components/sidebar.tsx:20:1
Module not found: Can't resolve '@/components/ui/tooltip'
[0m [90m 18 |[39m [36mimport[39m { useState[33m,[39m useEffect } [36mfrom[39m [32m"react"[39m[33m;[39m
 [90m 19 |[39m [36mimport[39m { cn } [36mfrom[39m [32m"@/lib/utils"[39m[33m;[39m
[31m[1m>[22m[39m[90m 20 |[39m [36mimport[39m { [33mTooltip[39m[33m,[39m [33mTooltipContent[39m[33m,[39m [33mTooltipProvider[39m[33m,[39m [33mTooltipTrigger[39m } [36mfrom[39m [32m"@/components/ui/tooltip"[39m[33m;[39m
 [90m    |[39m [31m[1m^[22m[39m[31m[1m^[22m[39m[31m[1m^[22m[39m[31m[1m^[22m[39m[31m[1m^[22m[39m[31m[1m^[22m[39m[31m[1m^[22m[39m[31m[1m^[22m[39m[31m[1m^[22m[39m[31m[1m^[22m[39m[31m[1m^[22m[39m[31m[1m^[22m[39m[31m[1m^[22m[39m[31m[1m^[22m[39m[31m[1m^[22m[39m[31m[1m^[22m[39m[31m[1m^[22m[39m[31m[1m^[22m[39m[31m[1m^[22m[39m[31m[1m^[22m[39m[31m[1m^[22m[39m[31m[1m^[22m[39m[31m[1m^[22m[39m[31m[1m^[22m[39m[31m[1m^[22m[39m[31m[1m^[22m[39m[31m[1m^[22m[39m[31m[1m^[22m[39m[31m[1m^[22m[39m[31m[1m^[22m[39m[31m[1m^[22m[39m[31m[1m^[22m[39m[31m[1m^[22m[39m[31m[1m^[22m[39m[31m[1m^[22m[39m[31m[1m^[22m[39m[31m[1m^[22m[39m[31m[1m^[22m[39m[31m[1m^[22m[39m[31m[1m^[22m[39m[31m[1m^[22m[39m[31m[1m^[22m[39m[31m[1m^[22m[39m[31m[1m^[22m[39m[31m[1m^[22m[39m[31m[1m^[22m[39m[31m[1m^[22m[39m[31m[1m^[22m[39m[31m[1m^[22m[39m[31m[1m^[22m[39m[31m[1m^[22m[39m[31m[1m^[22m[39m[31m[1m^[22m[39m[31m[1m^[22m[39m[31m[1m^[22m[39m[31m[1m^[22m[39m[31m[1m^[22m[39m[31m[1m^[22m[39m[31m[1m^[22m[39m[31m[1m^[22m[39m[31m[1m^[22m[39m[31m[1m^[22m[39m[31m[1m^[22m[39m[31m[1m^[22m[39m[31m[1m^[22m[39m[31m[1m^[22m[39m[31m[1m^[22m[39m[31m[1m^[22m[39m[31m[1m^[22m[39m[31m[1m^[22m[39m[31m[1m^[22m[39m[31m[1m^[22m[39m[31m[1m^[22m[39m[31m[1m^[22m[39m[31m[1m^[22m[39m[31m[1m^[22m[39m[31m[1m^[22m[39m[31m[1m^[22m[39m[31m[1m^[22m[39m[31m[1m^[22m[39m[31m[1m^[22m[39m[31m[1m^[22m[39m[31m[1m^[22m[39m[31m[1m^[22m[39m[31m[1m^[22m[39m[31m[1m^[22m[39m[31m[1m^[22m[39m[31m[1m^[22m[39m[31m[1m^[22m[39m[31m[1m^[22m[39m[31m[1m^[22m[39m[31m[1m^[22m[39m[31m[1m^[22m[39m[31m[1m^[22m[39m[31m[1m^[22m[39m[31m[1m^[22m[39m[31m[1m^[22m[39m[31m[1m^[22m[39m[31m[1m^[22m[39m
 [90m 21 |[39m
 [90m 22 |[39m [36mconst[39m menuItems [33m=[39m [
 [90m 23 |[39m   {[0m

Import map: aliased to relative './components/ui/tooltip' inside of [project]/Project/engine-calc-id


Import traces:
  Client Component Browser:
    ./Project/engine-calc-id/components/sidebar.tsx [Client Component Browser]
    ./Project/engine-calc-id/app/calculators/layout.tsx [Client Component Browser]
    ./Project/engine-calc-id/app/calculators/layout.tsx [Server Component]

  Client Component SSR:
    ./Project/engine-calc-id/components/sidebar.tsx [Client Component SSR]
    ./Project/engine-calc-id/app/calculators/layout.tsx [Client Component SSR]
    ./Project/engine-calc-id/app/calculators/layout.tsx [Server Component]

https://nextjs.org/docs/messages/module-not-found


 ⨯ ./Project/engine-calc-id/components/sidebar.tsx:20:1
Module not found: Can't resolve '@/components/ui/tooltip'
[0m [90m 18 |[39m [36mimport[39m { useState[33m,[39m useEffect } [36mfrom[39m [32m"react"[39m[33m;[39m
 [90m 19 |[39m [36mimport[39m { cn } [36mfrom[39m [32m"@/lib/utils"[39m[33m;[39m
[31m[1m>[22m[39m[90m 20 |[39m [36mimport[39m { [33mTooltip[39m[33m,[39m [33mTooltipContent[39m[33m,[39m [33mTooltipProvider[39m[33m,[39m [33mTooltipTrigger[39m } [36mfrom[39m [32m"@/components/ui/tooltip"[39m[33m;[39m
 [90m    |[39m [31m[1m^[22m[39m[31m[1m^[22m[39m[31m[1m^[22m[39m[31m[1m^[22m[39m[31m[1m^[22m[39m[31m[1m^[22m[39m[31m[1m^[22m[39m[31m[1m^[22m[39m[31m[1m^[22m[39m[31m[1m^[22m[39m[31m[1m^[22m[39m[31m[1m^[22m[39m[31m[1m^[22m[39m[31m[1m^[22m[39m[31m[1m^[22m[39m[31m[1m^[22m[39m[31m[1m^[22m[39m[31m[1m^[22m[39m[31m[1m^[22m[39m[31m[1m^[22m[39m[31m[1m^[22m[39m[31m[1m^[22m[39m[31m[1m^[22m[39m[31m[1m^[22m[39m[31m[1m^[22m[39m[31m[1m^[22m[39m[31m[1m^[22m[39m[31m[1m^[22m[39m[31m[1m^[22m[39m[31m[1m^[22m[39m[31m[1m^[22m[39m[31m[1m^[22m[39m[31m[1m^[22m[39m[31m[1m^[22m[39m[31m[1m^[22m[39m[31m[1m^[22m[39m[31m[1m^[22m[39m[31m[1m^[22m[39m[31m[1m^[22m[39m[31m[1m^[22m[39m[31m[1m^[22m[39m[31m[1m^[22m[39m[31m[1m^[22m[39m[31m[1m^[22m[39m[31m[1m^[22m[39m[31m[1m^[22m[39m[31m[1m^[22m[39m[31m[1m^[22m[39m[31m[1m^[22m[39m[31m[1m^[22m[39m[31m[1m^[22m[39m[31m[1m^[22m[39m[31m[1m^[22m[39m[31m[1m^[22m[39m[31m[1m^[22m[39m[31m[1m^[22m[39m[31m[1m^[22m[39m[31m[1m^[22m[39m[31m[1m^[22m[39m[31m[1m^[22m[39m[31m[1m^[22m[39m[31m[1m^[22m[39m[31m[1m^[22m[39m[31m[1m^[22m[39m[31m[1m^[22m[39m[31m[1m^[22m[39m[31m[1m^[22m[39m[31m[1m^[22m[39m[31m[1m^[22m[39m[31m[1m^[22m[39m[31m[1m^[22m[39m[31m[1m^[22m[39m[31m[1m^[22m[39m[31m[1m^[22m[39m[31m[1m^[22m[39m[31m[1m^[22m[39m[31m[1m^[22m[39m[31m[1m^[22m[39m[31m[1m^[22m[39m[31m[1m^[22m[39m[31m[1m^[22m[39m[31m[1m^[22m[39m[31m[1m^[22m[39m[31m[1m^[22m[39m[31m[1m^[22m[39m[31m[1m^[22m[39m[31m[1m^[22m[39m[31m[1m^[22m[39m[31m[1m^[22m[39m[31m[1m^[22m[39m[31m[1m^[22m[39m[31m[1m^[22m[39m[31m[1m^[22m[39m[31m[1m^[22m[39m[31m[1m^[22m[39m[31m[1m^[22m[39m[31m[1m^[22m[39m[31m[1m^[22m[39m[31m[1m^[22m[39m
 [90m 21 |[39m
 [90m 22 |[39m [36mconst[39m menuItems [33m=[39m [
 [90m 23 |[39m   {[0m

Import map: aliased to relative './components/ui/tooltip' inside of [project]/Project/engine-calc-id


Import traces:
  Client Component Browser:
    ./Project/engine-calc-id/components/sidebar.tsx [Client Component Browser]
    ./Project/engine-calc-id/app/calculators/layout.tsx [Client Component Browser]
    ./Project/engine-calc-id/app/calculators/layout.tsx [Server Component]

  Client Component SSR:
    ./Project/engine-calc-id/components/sidebar.tsx [Client Component SSR]
    ./Project/engine-calc-id/app/calculators/layout.tsx [Client Component SSR]
    ./Project/engine-calc-id/app/calculators/layout.tsx [Server Component]

https://nextjs.org/docs/messages/module-not-found


 ⨯ ./Project/engine-calc-id/components/sidebar.tsx:20:1
Module not found: Can't resolve '@/components/ui/tooltip'
[0m [90m 18 |[39m [36mimport[39m { useState[33m,[39m useEffect } [36mfrom[39m [32m"react"[39m[33m;[39m
 [90m 19 |[39m [36mimport[39m { cn } [36mfrom[39m [32m"@/lib/utils"[39m[33m;[39m
[31m[1m>[22m[39m[90m 20 |[39m [36mimport[39m { [33mTooltip[39m[33m,[39m [33mTooltipContent[39m[33m,[39m [33mTooltipProvider[39m[33m,[39m [33mTooltipTrigger[39m } [36mfrom[39m [32m"@/components/ui/tooltip"[39m[33m;[39m
 [90m    |[39m [31m[1m^[22m[39m[31m[1m^[22m[39m[31m[1m^[22m[39m[31m[1m^[22m[39m[31m[1m^[22m[39m[31m[1m^[22m[39m[31m[1m^[22m[39m[31m[1m^[22m[39m[31m[1m^[22m[39m[31m[1m^[22m[39m[31m[1m^[22m[39m[31m[1m^[22m[39m[31m[1m^[22m[39m[31m[1m^[22m[39m[31m[1m^[22m[39m[31m[1m^[22m[39m[31m[1m^[22m[39m[31m[1m^[22m[39m[31m[1m^[22m[39m[31m[1m^[22m[39m[31m[1m^[22m[39m[31m[1m^[22m[39m[31m[1m^[22m[39m[31m[1m^[22m[39m[31m[1m^[22m[39m[31m[1m^[22m[39m[31m[1m^[22m[39m[31m[1m^[22m[39m[31m[1m^[22m[39m[31m[1m^[22m[39m[31m[1m^[22m[39m[31m[1m^[22m[39m[31m[1m^[22m[39m[31m[1m^[22m[39m[31m[1m^[22m[39m[31m[1m^[22m[39m[31m[1m^[22m[39m[31m[1m^[22m[39m[31m[1m^[22m[39m[31m[1m^[22m[39m[31m[1m^[22m[39m[31m[1m^[22m[39m[31m[1m^[22m[39m[31m[1m^[22m[39m[31m[1m^[22m[39m[31m[1m^[22m[39m[31m[1m^[22m[39m[31m[1m^[22m[39m[31m[1m^[22m[39m[31m[1m^[22m[39m[31m[1m^[22m[39m[31m[1m^[22m[39m[31m[1m^[22m[39m[31m[1m^[22m[39m[31m[1m^[22m[39m[31m[1m^[22m[39m[31m[1m^[22m[39m[31m[1m^[22m[39m[31m[1m^[22m[39m[31m[1m^[22m[39m[31m[1m^[22m[39m[31m[1m^[22m[39m[31m[1m^[22m[39m[31m[1m^[22m[39m[31m[1m^[22m[39m[31m[1m^[22m[39m[31m[1m^[22m[39m[31m[1m^[22m[39m[31m[1m^[22m[39m[31m[1m^[22m[39m[31m[1m^[22m[39m[31m[1m^[22m[39m[31m[1m^[22m[39m[31m[1m^[22m[39m[31m[1m^[22m[39m[31m[1m^[22m[39m[31m[1m^[22m[39m[31m[1m^[22m[39m[31m[1m^[22m[39m[31m[1m^[22m[39m[31m[1m^[22m[39m[31m[1m^[22m[39m[31m[1m^[22m[39m[31m[1m^[22m[39m[31m[1m^[22m[39m[31m[1m^[22m[39m[31m[1m^[22m[39m[31m[1m^[22m[39m[31m[1m^[22m[39m[31m[1m^[22m[39m[31m[1m^[22m[39m[31m[1m^[22m[39m[31m[1m^[22m[39m[31m[1m^[22m[39m[31m[1m^[22m[39m[31m[1m^[22m[39m[31m[1m^[22m[39m[31m[1m^[22m[39m[31m[1m^[22m[39m
 [90m 21 |[39m
 [90m 22 |[39m [36mconst[39m menuItems [33m=[39m [
 [90m 23 |[39m   {[0m

Import map: aliased to relative './components/ui/tooltip' inside of [project]/Project/engine-calc-id


Import traces:
  Client Component Browser:
    ./Project/engine-calc-id/components/sidebar.tsx [Client Component Browser]
    ./Project/engine-calc-id/app/calculators/layout.tsx [Client Component Browser]
    ./Project/engine-calc-id/app/calculators/layout.tsx [Server Component]

  Client Component SSR:
    ./Project/engine-calc-id/components/sidebar.tsx [Client Component SSR]
    ./Project/engine-calc-id/app/calculators/layout.tsx [Client Component SSR]
    ./Project/engine-calc-id/app/calculators/layout.tsx [Server Component]

https://nextjs.org/docs/messages/module-not-found


 ⨯ ./Project/engine-calc-id/components/sidebar.tsx:20:1
Module not found: Can't resolve '@/components/ui/tooltip'
[0m [90m 18 |[39m [36mimport[39m { useState[33m,[39m useEffect } [36mfrom[39m [32m"react"[39m[33m;[39m
 [90m 19 |[39m [36mimport[39m { cn } [36mfrom[39m [32m"@/lib/utils"[39m[33m;[39m
[31m[1m>[22m[39m[90m 20 |[39m [36mimport[39m { [33mTooltip[39m[33m,[39m [33mTooltipContent[39m[33m,[39m [33mTooltipProvider[39m[33m,[39m [33mTooltipTrigger[39m } [36mfrom[39m [32m"@/components/ui/tooltip"[39m[33m;[39m
 [90m    |[39m [31m[1m^[22m[39m[31m[1m^[22m[39m[31m[1m^[22m[39m[31m[1m^[22m[39m[31m[1m^[22m[39m[31m[1m^[22m[39m[31m[1m^[22m[39m[31m[1m^[22m[39m[31m[1m^[22m[39m[31m[1m^[22m[39m[31m[1m^[22m[39m[31m[1m^[22m[39m[31m[1m^[22m[39m[31m[1m^[22m[39m[31m[1m^[22m[39m[31m[1m^[22m[39m[31m[1m^[22m[39m[31m[1m^[22m[39m[31m[1m^[22m[39m[31m[1m^[22m[39m[31m[1m^[22m[39m[31m[1m^[22m[39m[31m[1m^[22m[39m[31m[1m^[22m[39m[31m[1m^[22m[39m[31m[1m^[22m[39m[31m[1m^[22m[39m[31m[1m^[22m[39m[31m[1m^[22m[39m[31m[1m^[22m[39m[31m[1m^[22m[39m[31m[1m^[22m[39m[31m[1m^[22m[39m[31m[1m^[22m[39m[31m[1m^[22m[39m[31m[1m^[22m[39m[31m[1m^[22m[39m[31m[1m^[22m[39m[31m[1m^[22m[39m[31m[1m^[22m[39m[31m[1m^[22m[39m[31m[1m^[22m[39m[31m[1m^[22m[39m[31m[1m^[22m[39m[31m[1m^[22m[39m[31m[1m^[22m[39m[31m[1m^[22m[39m[31m[1m^[22m[39m[31m[1m^[22m[39m[31m[1m^[22m[39m[31m[1m^[22m[39m[31m[1m^[22m[39m[31m[1m^[22m[39m[31m[1m^[22m[39m[31m[1m^[22m[39m[31m[1m^[22m[39m[31m[1m^[22m[39m[31m[1m^[22m[39m[31m[1m^[22m[39m[31m[1m^[22m[39m[31m[1m^[22m[39m[31m[1m^[22m[39m[31m[1m^[22m[39m[31m[1m^[22m[39m[31m[1m^[22m[39m[31m[1m^[22m[39m[31m[1m^[22m[39m[31m[1m^[22m[39m[31m[1m^[22m[39m[31m[1m^[22m[39m[31m[1m^[22m[39m[31m[1m^[22m[39m[31m[1m^[22m[39m[31m[1m^[22m[39m[31m[1m^[22m[39m[31m[1m^[22m[39m[31m[1m^[22m[39m[31m[1m^[22m[39m[31m[1m^[22m[39m[31m[1m^[22m[39m[31m[1m^[22m[39m[31m[1m^[22m[39m[31m[1m^[22m[39m[31m[1m^[22m[39m[31m[1m^[22m[39m[31m[1m^[22m[39m[31m[1m^[22m[39m[31m[1m^[22m[39m[31m[1m^[22m[39m[31m[1m^[22m[39m[31m[1m^[22m[39m[31m[1m^[22m[39m[31m[1m^[22m[39m[31m[1m^[22m[39m[31m[1m^[22m[39m[31m[1m^[22m[39m[31m[1m^[22m[39m[31m[1m^[22m[39m[31m[1m^[22m[39m
 [90m 21 |[39m
 [90m 22 |[39m [36mconst[39m menuItems [33m=[39m [
 [90m 23 |[39m   {[0m

Import map: aliased to relative './components/ui/tooltip' inside of [project]/Project/engine-calc-id


Import traces:
  Client Component Browser:
    ./Project/engine-calc-id/components/sidebar.tsx [Client Component Browser]
    ./Project/engine-calc-id/app/calculators/layout.tsx [Client Component Browser]
    ./Project/engine-calc-id/app/calculators/layout.tsx [Server Component]

  Client Component SSR:
    ./Project/engine-calc-id/components/sidebar.tsx [Client Component SSR]
    ./Project/engine-calc-id/app/calculators/layout.tsx [Client Component SSR]
    ./Project/engine-calc-id/app/calculators/layout.tsx [Server Component]

https://nextjs.org/docs/messages/module-not-found


 ⨯ ./Project/engine-calc-id/components/sidebar.tsx:20:1
Module not found: Can't resolve '@/components/ui/tooltip'
[0m [90m 18 |[39m [36mimport[39m { useState[33m,[39m useEffect } [36mfrom[39m [32m"react"[39m[33m;[39m
 [90m 19 |[39m [36mimport[39m { cn } [36mfrom[39m [32m"@/lib/utils"[39m[33m;[39m
[31m[1m>[22m[39m[90m 20 |[39m [36mimport[39m { [33mTooltip[39m[33m,[39m [33mTooltipContent[39m[33m,[39m [33mTooltipProvider[39m[33m,[39m [33mTooltipTrigger[39m } [36mfrom[39m [32m"@/components/ui/tooltip"[39m[33m;[39m
 [90m    |[39m [31m[1m^[22m[39m[31m[1m^[22m[39m[31m[1m^[22m[39m[31m[1m^[22m[39m[31m[1m^[22m[39m[31m[1m^[22m[39m[31m[1m^[22m[39m[31m[1m^[22m[39m[31m[1m^[22m[39m[31m[1m^[22m[39m[31m[1m^[22m[39m[31m[1m^[22m[39m[31m[1m^[22m[39m[31m[1m^[22m[39m[31m[1m^[22m[39m[31m[1m^[22m[39m[31m[1m^[22m[39m[31m[1m^[22m[39m[31m[1m^[22m[39m[31m[1m^[22m[39m[31m[1m^[22m[39m[31m[1m^[22m[39m[31m[1m^[22m[39m[31m[1m^[22m[39m[31m[1m^[22m[39m[31m[1m^[22m[39m[31m[1m^[22m[39m[31m[1m^[22m[39m[31m[1m^[22m[39m[31m[1m^[22m[39m[31m[1m^[22m[39m[31m[1m^[22m[39m[31m[1m^[22m[39m[31m[1m^[22m[39m[31m[1m^[22m[39m[31m[1m^[22m[39m[31m[1m^[22m[39m[31m[1m^[22m[39m[31m[1m^[22m[39m[31m[1m^[22m[39m[31m[1m^[22m[39m[31m[1m^[22m[39m[31m[1m^[22m[39m[31m[1m^[22m[39m[31m[1m^[22m[39m[31m[1m^[22m[39m[31m[1m^[22m[39m[31m[1m^[22m[39m[31m[1m^[22m[39m[31m[1m^[22m[39m[31m[1m^[22m[39m[31m[1m^[22m[39m[31m[1m^[22m[39m[31m[1m^[22m[39m[31m[1m^[22m[39m[31m[1m^[22m[39m[31m[1m^[22m[39m[31m[1m^[22m[39m[31m[1m^[22m[39m[31m[1m^[22m[39m[31m[1m^[22m[39m[31m[1m^[22m[39m[31m[1m^[22m[39m[31m[1m^[22m[39m[31m[1m^[22m[39m[31m[1m^[22m[39m[31m[1m^[22m[39m[31m[1m^[22m[39m[31m[1m^[22m[39m[31m[1m^[22m[39m[31m[1m^[22m[39m[31m[1m^[22m[39m[31m[1m^[22m[39m[31m[1m^[22m[39m[31m[1m^[22m[39m[31m[1m^[22m[39m[31m[1m^[22m[39m[31m[1m^[22m[39m[31m[1m^[22m[39m[31m[1m^[22m[39m[31m[1m^[22m[39m[31m[1m^[22m[39m[31m[1m^[22m[39m[31m[1m^[22m[39m[31m[1m^[22m[39m[31m[1m^[22m[39m[31m[1m^[22m[39m[31m[1m^[22m[39m[31m[1m^[22m[39m[31m[1m^[22m[39m[31m[1m^[22m[39m[31m[1m^[22m[39m[31m[1m^[22m[39m[31m[1m^[22m[39m[31m[1m^[22m[39m[31m[1m^[22m[39m[31m[1m^[22m[39m[31m[1m^[22m[39m[31m[1m^[22m[39m
 [90m 21 |[39m
 [90m 22 |[39m [36mconst[39m menuItems [33m=[39m [
 [90m 23 |[39m   {[0m

Import map: aliased to relative './components/ui/tooltip' inside of [project]/Project/engine-calc-id


Import traces:
  Client Component Browser:
    ./Project/engine-calc-id/components/sidebar.tsx [Client Component Browser]
    ./Project/engine-calc-id/app/calculators/layout.tsx [Client Component Browser]
    ./Project/engine-calc-id/app/calculators/layout.tsx [Server Component]

  Client Component SSR:
    ./Project/engine-calc-id/components/sidebar.tsx [Client Component SSR]
    ./Project/engine-calc-id/app/calculators/layout.tsx [Client Component SSR]
    ./Project/engine-calc-id/app/calculators/layout.tsx [Server Component]

https://nextjs.org/docs/messages/module-not-found


 ⨯ ./Project/engine-calc-id/components/sidebar.tsx:20:1
Module not found: Can't resolve '@/components/ui/tooltip'
[0m [90m 18 |[39m [36mimport[39m { useState[33m,[39m useEffect } [36mfrom[39m [32m"react"[39m[33m;[39m
 [90m 19 |[39m [36mimport[39m { cn } [36mfrom[39m [32m"@/lib/utils"[39m[33m;[39m
[31m[1m>[22m[39m[90m 20 |[39m [36mimport[39m { [33mTooltip[39m[33m,[39m [33mTooltipContent[39m[33m,[39m [33mTooltipProvider[39m[33m,[39m [33mTooltipTrigger[39m } [36mfrom[39m [32m"@/components/ui/tooltip"[39m[33m;[39m
 [90m    |[39m [31m[1m^[22m[39m[31m[1m^[22m[39m[31m[1m^[22m[39m[31m[1m^[22m[39m[31m[1m^[22m[39m[31m[1m^[22m[39m[31m[1m^[22m[39m[31m[1m^[22m[39m[31m[1m^[22m[39m[31m[1m^[22m[39m[31m[1m^[22m[39m[31m[1m^[22m[39m[31m[1m^[22m[39m[31m[1m^[22m[39m[31m[1m^[22m[39m[31m[1m^[22m[39m[31m[1m^[22m[39m[31m[1m^[22m[39m[31m[1m^[22m[39m[31m[1m^[22m[39m[31m[1m^[22m[39m[31m[1m^[22m[39m[31m[1m^[22m[39m[31m[1m^[22m[39m[31m[1m^[22m[39m[31m[1m^[22m[39m[31m[1m^[22m[39m[31m[1m^[22m[39m[31m[1m^[22m[39m[31m[1m^[22m[39m[31m[1m^[22m[39m[31m[1m^[22m[39m[31m[1m^[22m[39m[31m[1m^[22m[39m[31m[1m^[22m[39m[31m[1m^[22m[39m[31m[1m^[22m[39m[31m[1m^[22m[39m[31m[1m^[22m[39m[31m[1m^[22m[39m[31m[1m^[22m[39m[31m[1m^[22m[39m[31m[1m^[22m[39m[31m[1m^[22m[39m[31m[1m^[22m[39m[31m[1m^[22m[39m[31m[1m^[22m[39m[31m[1m^[22m[39m[31m[1m^[22m[39m[31m[1m^[22m[39m[31m[1m^[22m[39m[31m[1m^[22m[39m[31m[1m^[22m[39m[31m[1m^[22m[39m[31m[1m^[22m[39m[31m[1m^[22m[39m[31m[1m^[22m[39m[31m[1m^[22m[39m[31m[1m^[22m[39m[31m[1m^[22m[39m[31m[1m^[22m[39m[31m[1m^[22m[39m[31m[1m^[22m[39m[31m[1m^[22m[39m[31m[1m^[22m[39m[31m[1m^[22m[39m[31m[1m^[22m[39m[31m[1m^[22m[39m[31m[1m^[22m[39m[31m[1m^[22m[39m[31m[1m^[22m[39m[31m[1m^[22m[39m[31m[1m^[22m[39m[31m[1m^[22m[39m[31m[1m^[22m[39m[31m[1m^[22m[39m[31m[1m^[22m[39m[31m[1m^[22m[39m[31m[1m^[22m[39m[31m[1m^[22m[39m[31m[1m^[22m[39m[31m[1m^[22m[39m[31m[1m^[22m[39m[31m[1m^[22m[39m[31m[1m^[22m[39m[31m[1m^[22m[39m[31m[1m^[22m[39m[31m[1m^[22m[39m[31m[1m^[22m[39m[31m[1m^[22m[39m[31m[1m^[22m[39m[31m[1m^[22m[39m[31m[1m^[22m[39m[31m[1m^[22m[39m[31m[1m^[22m[39m[31m[1m^[22m[39m[31m[1m^[22m[39m[31m[1m^[22m[39m[31m[1m^[22m[39m
 [90m 21 |[39m
 [90m 22 |[39m [36mconst[39m menuItems [33m=[39m [
 [90m 23 |[39m   {[0m

Import map: aliased to relative './components/ui/tooltip' inside of [project]/Project/engine-calc-id


Import traces:
  Client Component Browser:
    ./Project/engine-calc-id/components/sidebar.tsx [Client Component Browser]
    ./Project/engine-calc-id/app/calculators/layout.tsx [Client Component Browser]
    ./Project/engine-calc-id/app/calculators/layout.tsx [Server Component]

  Client Component SSR:
    ./Project/engine-calc-id/components/sidebar.tsx [Client Component SSR]
    ./Project/engine-calc-id/app/calculators/layout.tsx [Client Component SSR]
    ./Project/engine-calc-id/app/calculators/layout.tsx [Server Component]

https://nextjs.org/docs/messages/module-not-found


 ⨯ ./Project/engine-calc-id/components/sidebar.tsx:20:1
Module not found: Can't resolve '@/components/ui/tooltip'
[0m [90m 18 |[39m [36mimport[39m { useState[33m,[39m useEffect } [36mfrom[39m [32m"react"[39m[33m;[39m
 [90m 19 |[39m [36mimport[39m { cn } [36mfrom[39m [32m"@/lib/utils"[39m[33m;[39m
[31m[1m>[22m[39m[90m 20 |[39m [36mimport[39m { [33mTooltip[39m[33m,[39m [33mTooltipContent[39m[33m,[39m [33mTooltipProvider[39m[33m,[39m [33mTooltipTrigger[39m } [36mfrom[39m [32m"@/components/ui/tooltip"[39m[33m;[39m
 [90m    |[39m [31m[1m^[22m[39m[31m[1m^[22m[39m[31m[1m^[22m[39m[31m[1m^[22m[39m[31m[1m^[22m[39m[31m[1m^[22m[39m[31m[1m^[22m[39m[31m[1m^[22m[39m[31m[1m^[22m[39m[31m[1m^[22m[39m[31m[1m^[22m[39m[31m[1m^[22m[39m[31m[1m^[22m[39m[31m[1m^[22m[39m[31m[1m^[22m[39m[31m[1m^[22m[39m[31m[1m^[22m[39m[31m[1m^[22m[39m[31m[1m^[22m[39m[31m[1m^[22m[39m[31m[1m^[22m[39m[31m[1m^[22m[39m[31m[1m^[22m[39m[31m[1m^[22m[39m[31m[1m^[22m[39m[31m[1m^[22m[39m[31m[1m^[22m[39m[31m[1m^[22m[39m[31m[1m^[22m[39m[31m[1m^[22m[39m[31m[1m^[22m[39m[31m[1m^[22m[39m[31m[1m^[22m[39m[31m[1m^[22m[39m[31m[1m^[22m[39m[31m[1m^[22m[39m[31m[1m^[22m[39m[31m[1m^[22m[39m[31m[1m^[22m[39m[31m[1m^[22m[39m[31m[1m^[22m[39m[31m[1m^[22m[39m[31m[1m^[22m[39m[31m[1m^[22m[39m[31m[1m^[22m[39m[31m[1m^[22m[39m[31m[1m^[22m[39m[31m[1m^[22m[39m[31m[1m^[22m[39m[31m[1m^[22m[39m[31m[1m^[22m[39m[31m[1m^[22m[39m[31m[1m^[22m[39m[31m[1m^[22m[39m[31m[1m^[22m[39m[31m[1m^[22m[39m[31m[1m^[22m[39m[31m[1m^[22m[39m[31m[1m^[22m[39m[31m[1m^[22m[39m[31m[1m^[22m[39m[31m[1m^[22m[39m[31m[1m^[22m[39m[31m[1m^[22m[39m[31m[1m^[22m[39m[31m[1m^[22m[39m[31m[1m^[22m[39m[31m[1m^[22m[39m[31m[1m^[22m[39m[31m[1m^[22m[39m[31m[1m^[22m[39m[31m[1m^[22m[39m[31m[1m^[22m[39m[31m[1m^[22m[39m[31m[1m^[22m[39m[31m[1m^[22m[39m[31m[1m^[22m[39m[31m[1m^[22m[39m[31m[1m^[22m[39m[31m[1m^[22m[39m[31m[1m^[22m[39m[31m[1m^[22m[39m[31m[1m^[22m[39m[31m[1m^[22m[39m[31m[1m^[22m[39m[31m[1m^[22m[39m[31m[1m^[22m[39m[31m[1m^[22m[39m[31m[1m^[22m[39m[31m[1m^[22m[39m[31m[1m^[22m[39m[31m[1m^[22m[39m[31m[1m^[22m[39m[31m[1m^[22m[39m[31m[1m^[22m[39m[31m[1m^[22m[39m[31m[1m^[22m[39m[31m[1m^[22m[39m[31m[1m^[22m[39m
 [90m 21 |[39m
 [90m 22 |[39m [36mconst[39m menuItems [33m=[39m [
 [90m 23 |[39m   {[0m

Import map: aliased to relative './components/ui/tooltip' inside of [project]/Project/engine-calc-id


Import traces:
  Client Component Browser:
    ./Project/engine-calc-id/components/sidebar.tsx [Client Component Browser]
    ./Project/engine-calc-id/app/calculators/layout.tsx [Client Component Browser]
    ./Project/engine-calc-id/app/calculators/layout.tsx [Server Component]

  Client Component SSR:
    ./Project/engine-calc-id/components/sidebar.tsx [Client Component SSR]
    ./Project/engine-calc-id/app/calculators/layout.tsx [Client Component SSR]
    ./Project/engine-calc-id/app/calculators/layout.tsx [Server Component]

https://nextjs.org/docs/messages/module-not-found


 ⨯ ./Project/engine-calc-id/components/sidebar.tsx:20:1
Module not found: Can't resolve '@/components/ui/tooltip'
[0m [90m 18 |[39m [36mimport[39m { useState[33m,[39m useEffect } [36mfrom[39m [32m"react"[39m[33m;[39m
 [90m 19 |[39m [36mimport[39m { cn } [36mfrom[39m [32m"@/lib/utils"[39m[33m;[39m
[31m[1m>[22m[39m[90m 20 |[39m [36mimport[39m { [33mTooltip[39m[33m,[39m [33mTooltipContent[39m[33m,[39m [33mTooltipProvider[39m[33m,[39m [33mTooltipTrigger[39m } [36mfrom[39m [32m"@/components/ui/tooltip"[39m[33m;[39m
 [90m    |[39m [31m[1m^[22m[39m[31m[1m^[22m[39m[31m[1m^[22m[39m[31m[1m^[22m[39m[31m[1m^[22m[39m[31m[1m^[22m[39m[31m[1m^[22m[39m[31m[1m^[22m[39m[31m[1m^[22m[39m[31m[1m^[22m[39m[31m[1m^[22m[39m[31m[1m^[22m[39m[31m[1m^[22m[39m[31m[1m^[22m[39m[31m[1m^[22m[39m[31m[1m^[22m[39m[31m[1m^[22m[39m[31m[1m^[22m[39m[31m[1m^[22m[39m[31m[1m^[22m[39m[31m[1m^[22m[39m[31m[1m^[22m[39m[31m[1m^[22m[39m[31m[1m^[22m[39m[31m[1m^[22m[39m[31m[1m^[22m[39m[31m[1m^[22m[39m[31m[1m^[22m[39m[31m[1m^[22m[39m[31m[1m^[22m[39m[31m[1m^[22m[39m[31m[1m^[22m[39m[31m[1m^[22m[39m[31m[1m^[22m[39m[31m[1m^[22m[39m[31m[1m^[22m[39m[31m[1m^[22m[39m[31m[1m^[22m[39m[31m[1m^[22m[39m[31m[1m^[22m[39m[31m[1m^[22m[39m[31m[1m^[22m[39m[31m[1m^[22m[39m[31m[1m^[22m[39m[31m[1m^[22m[39m[31m[1m^[22m[39m[31m[1m^[22m[39m[31m[1m^[22m[39m[31m[1m^[22m[39m[31m[1m^[22m[39m[31m[1m^[22m[39m[31m[1m^[22m[39m[31m[1m^[22m[39m[31m[1m^[22m[39m[31m[1m^[22m[39m[31m[1m^[22m[39m[31m[1m^[22m[39m[31m[1m^[22m[39m[31m[1m^[22m[39m[31m[1m^[22m[39m[31m[1m^[22m[39m[31m[1m^[22m[39m[31m[1m^[22m[39m[31m[1m^[22m[39m[31m[1m^[22m[39m[31m[1m^[22m[39m[31m[1m^[22m[39m[31m[1m^[22m[39m[31m[1m^[22m[39m[31m[1m^[22m[39m[31m[1m^[22m[39m[31m[1m^[22m[39m[31m[1m^[22m[39m[31m[1m^[22m[39m[31m[1m^[22m[39m[31m[1m^[22m[39m[31m[1m^[22m[39m[31m[1m^[22m[39m[31m[1m^[22m[39m[31m[1m^[22m[39m[31m[1m^[22m[39m[31m[1m^[22m[39m[31m[1m^[22m[39m[31m[1m^[22m[39m[31m[1m^[22m[39m[31m[1m^[22m[39m[31m[1m^[22m[39m[31m[1m^[22m[39m[31m[1m^[22m[39m[31m[1m^[22m[39m[31m[1m^[22m[39m[31m[1m^[22m[39m[31m[1m^[22m[39m[31m[1m^[22m[39m[31m[1m^[22m[39m[31m[1m^[22m[39m[31m[1m^[22m[39m[31m[1m^[22m[39m[31m[1m^[22m[39m
 [90m 21 |[39m
 [90m 22 |[39m [36mconst[39m menuItems [33m=[39m [
 [90m 23 |[39m   {[0m

Import map: aliased to relative './components/ui/tooltip' inside of [project]/Project/engine-calc-id


Import traces:
  Client Component Browser:
    ./Project/engine-calc-id/components/sidebar.tsx [Client Component Browser]
    ./Project/engine-calc-id/app/calculators/layout.tsx [Client Component Browser]
    ./Project/engine-calc-id/app/calculators/layout.tsx [Server Component]

  Client Component SSR:
    ./Project/engine-calc-id/components/sidebar.tsx [Client Component SSR]
    ./Project/engine-calc-id/app/calculators/layout.tsx [Client Component SSR]
    ./Project/engine-calc-id/app/calculators/layout.tsx [Server Component]

https://nextjs.org/docs/messages/module-not-found


 ⨯ ./Project/engine-calc-id/components/sidebar.tsx:20:1
Module not found: Can't resolve '@/components/ui/tooltip'
[0m [90m 18 |[39m [36mimport[39m { useState[33m,[39m useEffect } [36mfrom[39m [32m"react"[39m[33m;[39m
 [90m 19 |[39m [36mimport[39m { cn } [36mfrom[39m [32m"@/lib/utils"[39m[33m;[39m
[31m[1m>[22m[39m[90m 20 |[39m [36mimport[39m { [33mTooltip[39m[33m,[39m [33mTooltipContent[39m[33m,[39m [33mTooltipProvider[39m[33m,[39m [33mTooltipTrigger[39m } [36mfrom[39m [32m"@/components/ui/tooltip"[39m[33m;[39m
 [90m    |[39m [31m[1m^[22m[39m[31m[1m^[22m[39m[31m[1m^[22m[39m[31m[1m^[22m[39m[31m[1m^[22m[39m[31m[1m^[22m[39m[31m[1m^[22m[39m[31m[1m^[22m[39m[31m[1m^[22m[39m[31m[1m^[22m[39m[31m[1m^[22m[39m[31m[1m^[22m[39m[31m[1m^[22m[39m[31m[1m^[22m[39m[31m[1m^[22m[39m[31m[1m^[22m[39m[31m[1m^[22m[39m[31m[1m^[22m[39m[31m[1m^[22m[39m[31m[1m^[22m[39m[31m[1m^[22m[39m[31m[1m^[22m[39m[31m[1m^[22m[39m[31m[1m^[22m[39m[31m[1m^[22m[39m[31m[1m^[22m[39m[31m[1m^[22m[39m[31m[1m^[22m[39m[31m[1m^[22m[39m[31m[1m^[22m[39m[31m[1m^[22m[39m[31m[1m^[22m[39m[31m[1m^[22m[39m[31m[1m^[22m[39m[31m[1m^[22m[39m[31m[1m^[22m[39m[31m[1m^[22m[39m[31m[1m^[22m[39m[31m[1m^[22m[39m[31m[1m^[22m[39m[31m[1m^[22m[39m[31m[1m^[22m[39m[31m[1m^[22m[39m[31m[1m^[22m[39m[31m[1m^[22m[39m[31m[1m^[22m[39m[31m[1m^[22m[39m[31m[1m^[22m[39m[31m[1m^[22m[39m[31m[1m^[22m[39m[31m[1m^[22m[39m[31m[1m^[22m[39m[31m[1m^[22m[39m[31m[1m^[22m[39m[31m[1m^[22m[39m[31m[1m^[22m[39m[31m[1m^[22m[39m[31m[1m^[22m[39m[31m[1m^[22m[39m[31m[1m^[22m[39m[31m[1m^[22m[39m[31m[1m^[22m[39m[31m[1m^[22m[39m[31m[1m^[22m[39m[31m[1m^[22m[39m[31m[1m^[22m[39m[31m[1m^[22m[39m[31m[1m^[22m[39m[31m[1m^[22m[39m[31m[1m^[22m[39m[31m[1m^[22m[39m[31m[1m^[22m[39m[31m[1m^[22m[39m[31m[1m^[22m[39m[31m[1m^[22m[39m[31m[1m^[22m[39m[31m[1m^[22m[39m[31m[1m^[22m[39m[31m[1m^[22m[39m[31m[1m^[22m[39m[31m[1m^[22m[39m[31m[1m^[22m[39m[31m[1m^[22m[39m[31m[1m^[22m[39m[31m[1m^[22m[39m[31m[1m^[22m[39m[31m[1m^[22m[39m[31m[1m^[22m[39m[31m[1m^[22m[39m[31m[1m^[22m[39m[31m[1m^[22m[39m[31m[1m^[22m[39m[31m[1m^[22m[39m[31m[1m^[22m[39m[31m[1m^[22m[39m[31m[1m^[22m[39m[31m[1m^[22m[39m[31m[1m^[22m[39m[31m[1m^[22m[39m
 [90m 21 |[39m
 [90m 22 |[39m [36mconst[39m menuItems [33m=[39m [
 [90m 23 |[39m   {[0m

Import map: aliased to relative './components/ui/tooltip' inside of [project]/Project/engine-calc-id


Import traces:
  Client Component Browser:
    ./Project/engine-calc-id/components/sidebar.tsx [Client Component Browser]
    ./Project/engine-calc-id/app/calculators/layout.tsx [Client Component Browser]
    ./Project/engine-calc-id/app/calculators/layout.tsx [Server Component]

  Client Component SSR:
    ./Project/engine-calc-id/components/sidebar.tsx [Client Component SSR]
    ./Project/engine-calc-id/app/calculators/layout.tsx [Client Component SSR]
    ./Project/engine-calc-id/app/calculators/layout.tsx [Server Component]

https://nextjs.org/docs/messages/module-not-found


 ⨯ ./Project/engine-calc-id/components/sidebar.tsx:20:1
Module not found: Can't resolve '@/components/ui/tooltip'
[0m [90m 18 |[39m [36mimport[39m { useState[33m,[39m useEffect } [36mfrom[39m [32m"react"[39m[33m;[39m
 [90m 19 |[39m [36mimport[39m { cn } [36mfrom[39m [32m"@/lib/utils"[39m[33m;[39m
[31m[1m>[22m[39m[90m 20 |[39m [36mimport[39m { [33mTooltip[39m[33m,[39m [33mTooltipContent[39m[33m,[39m [33mTooltipProvider[39m[33m,[39m [33mTooltipTrigger[39m } [36mfrom[39m [32m"@/components/ui/tooltip"[39m[33m;[39m
 [90m    |[39m [31m[1m^[22m[39m[31m[1m^[22m[39m[31m[1m^[22m[39m[31m[1m^[22m[39m[31m[1m^[22m[39m[31m[1m^[22m[39m[31m[1m^[22m[39m[31m[1m^[22m[39m[31m[1m^[22m[39m[31m[1m^[22m[39m[31m[1m^[22m[39m[31m[1m^[22m[39m[31m[1m^[22m[39m[31m[1m^[22m[39m[31m[1m^[22m[39m[31m[1m^[22m[39m[31m[1m^[22m[39m[31m[1m^[22m[39m[31m[1m^[22m[39m[31m[1m^[22m[39m[31m[1m^[22m[39m[31m[1m^[22m[39m[31m[1m^[22m[39m[31m[1m^[22m[39m[31m[1m^[22m[39m[31m[1m^[22m[39m[31m[1m^[22m[39m[31m[1m^[22m[39m[31m[1m^[22m[39m[31m[1m^[22m[39m[31m[1m^[22m[39m[31m[1m^[22m[39m[31m[1m^[22m[39m[31m[1m^[22m[39m[31m[1m^[22m[39m[31m[1m^[22m[39m[31m[1m^[22m[39m[31m[1m^[22m[39m[31m[1m^[22m[39m[31m[1m^[22m[39m[31m[1m^[22m[39m[31m[1m^[22m[39m[31m[1m^[22m[39m[31m[1m^[22m[39m[31m[1m^[22m[39m[31m[1m^[22m[39m[31m[1m^[22m[39m[31m[1m^[22m[39m[31m[1m^[22m[39m[31m[1m^[22m[39m[31m[1m^[22m[39m[31m[1m^[22m[39m[31m[1m^[22m[39m[31m[1m^[22m[39m[31m[1m^[22m[39m[31m[1m^[22m[39m[31m[1m^[22m[39m[31m[1m^[22m[39m[31m[1m^[22m[39m[31m[1m^[22m[39m[31m[1m^[22m[39m[31m[1m^[22m[39m[31m[1m^[22m[39m[31m[1m^[22m[39m[31m[1m^[22m[39m[31m[1m^[22m[39m[31m[1m^[22m[39m[31m[1m^[22m[39m[31m[1m^[22m[39m[31m[1m^[22m[39m[31m[1m^[22m[39m[31m[1m^[22m[39m[31m[1m^[22m[39m[31m[1m^[22m[39m[31m[1m^[22m[39m[31m[1m^[22m[39m[31m[1m^[22m[39m[31m[1m^[22m[39m[31m[1m^[22m[39m[31m[1m^[22m[39m[31m[1m^[22m[39m[31m[1m^[22m[39m[31m[1m^[22m[39m[31m[1m^[22m[39m[31m[1m^[22m[39m[31m[1m^[22m[39m[31m[1m^[22m[39m[31m[1m^[22m[39m[31m[1m^[22m[39m[31m[1m^[22m[39m[31m[1m^[22m[39m[31m[1m^[22m[39m[31m[1m^[22m[39m[31m[1m^[22m[39m[31m[1m^[22m[39m[31m[1m^[22m[39m[31m[1m^[22m[39m[31m[1m^[22m[39m[31m[1m^[22m[39m
 [90m 21 |[39m
 [90m 22 |[39m [36mconst[39m menuItems [33m=[39m [
 [90m 23 |[39m   {[0m

Import map: aliased to relative './components/ui/tooltip' inside of [project]/Project/engine-calc-id


Import traces:
  Client Component Browser:
    ./Project/engine-calc-id/components/sidebar.tsx [Client Component Browser]
    ./Project/engine-calc-id/app/calculators/layout.tsx [Client Component Browser]
    ./Project/engine-calc-id/app/calculators/layout.tsx [Server Component]

  Client Component SSR:
    ./Project/engine-calc-id/components/sidebar.tsx [Client Component SSR]
    ./Project/engine-calc-id/app/calculators/layout.tsx [Client Component SSR]
    ./Project/engine-calc-id/app/calculators/layout.tsx [Server Component]

https://nextjs.org/docs/messages/module-not-found


 ⨯ ./Project/engine-calc-id/components/sidebar.tsx:20:1
Module not found: Can't resolve '@/components/ui/tooltip'
[0m [90m 18 |[39m [36mimport[39m { useState[33m,[39m useEffect } [36mfrom[39m [32m"react"[39m[33m;[39m
 [90m 19 |[39m [36mimport[39m { cn } [36mfrom[39m [32m"@/lib/utils"[39m[33m;[39m
[31m[1m>[22m[39m[90m 20 |[39m [36mimport[39m { [33mTooltip[39m[33m,[39m [33mTooltipContent[39m[33m,[39m [33mTooltipProvider[39m[33m,[39m [33mTooltipTrigger[39m } [36mfrom[39m [32m"@/components/ui/tooltip"[39m[33m;[39m
 [90m    |[39m [31m[1m^[22m[39m[31m[1m^[22m[39m[31m[1m^[22m[39m[31m[1m^[22m[39m[31m[1m^[22m[39m[31m[1m^[22m[39m[31m[1m^[22m[39m[31m[1m^[22m[39m[31m[1m^[22m[39m[31m[1m^[22m[39m[31m[1m^[22m[39m[31m[1m^[22m[39m[31m[1m^[22m[39m[31m[1m^[22m[39m[31m[1m^[22m[39m[31m[1m^[22m[39m[31m[1m^[22m[39m[31m[1m^[22m[39m[31m[1m^[22m[39m[31m[1m^[22m[39m[31m[1m^[22m[39m[31m[1m^[22m[39m[31m[1m^[22m[39m[31m[1m^[22m[39m[31m[1m^[22m[39m[31m[1m^[22m[39m[31m[1m^[22m[39m[31m[1m^[22m[39m[31m[1m^[22m[39m[31m[1m^[22m[39m[31m[1m^[22m[39m[31m[1m^[22m[39m[31m[1m^[22m[39m[31m[1m^[22m[39m[31m[1m^[22m[39m[31m[1m^[22m[39m[31m[1m^[22m[39m[31m[1m^[22m[39m[31m[1m^[22m[39m[31m[1m^[22m[39m[31m[1m^[22m[39m[31m[1m^[22m[39m[31m[1m^[22m[39m[31m[1m^[22m[39m[31m[1m^[22m[39m[31m[1m^[22m[39m[31m[1m^[22m[39m[31m[1m^[22m[39m[31m[1m^[22m[39m[31m[1m^[22m[39m[31m[1m^[22m[39m[31m[1m^[22m[39m[31m[1m^[22m[39m[31m[1m^[22m[39m[31m[1m^[22m[39m[31m[1m^[22m[39m[31m[1m^[22m[39m[31m[1m^[22m[39m[31m[1m^[22m[39m[31m[1m^[22m[39m[31m[1m^[22m[39m[31m[1m^[22m[39m[31m[1m^[22m[39m[31m[1m^[22m[39m[31m[1m^[22m[39m[31m[1m^[22m[39m[31m[1m^[22m[39m[31m[1m^[22m[39m[31m[1m^[22m[39m[31m[1m^[22m[39m[31m[1m^[22m[39m[31m[1m^[22m[39m[31m[1m^[22m[39m[31m[1m^[22m[39m[31m[1m^[22m[39m[31m[1m^[22m[39m[31m[1m^[22m[39m[31m[1m^[22m[39m[31m[1m^[22m[39m[31m[1m^[22m[39m[31m[1m^[22m[39m[31m[1m^[22m[39m[31m[1m^[22m[39m[31m[1m^[22m[39m[31m[1m^[22m[39m[31m[1m^[22m[39m[31m[1m^[22m[39m[31m[1m^[22m[39m[31m[1m^[22m[39m[31m[1m^[22m[39m[31m[1m^[22m[39m[31m[1m^[22m[39m[31m[1m^[22m[39m[31m[1m^[22m[39m[31m[1m^[22m[39m[31m[1m^[22m[39m[31m[1m^[22m[39m[31m[1m^[22m[39m[31m[1m^[22m[39m
 [90m 21 |[39m
 [90m 22 |[39m [36mconst[39m menuItems [33m=[39m [
 [90m 23 |[39m   {[0m

Import map: aliased to relative './components/ui/tooltip' inside of [project]/Project/engine-calc-id


Import traces:
  Client Component Browser:
    ./Project/engine-calc-id/components/sidebar.tsx [Client Component Browser]
    ./Project/engine-calc-id/app/calculators/layout.tsx [Client Component Browser]
    ./Project/engine-calc-id/app/calculators/layout.tsx [Server Component]

  Client Component SSR:
    ./Project/engine-calc-id/components/sidebar.tsx [Client Component SSR]
    ./Project/engine-calc-id/app/calculators/layout.tsx [Client Component SSR]
    ./Project/engine-calc-id/app/calculators/layout.tsx [Server Component]

https://nextjs.org/docs/messages/module-not-found


 ⨯ ./Project/engine-calc-id/components/sidebar.tsx:20:1
Module not found: Can't resolve '@/components/ui/tooltip'
[0m [90m 18 |[39m [36mimport[39m { useState[33m,[39m useEffect } [36mfrom[39m [32m"react"[39m[33m;[39m
 [90m 19 |[39m [36mimport[39m { cn } [36mfrom[39m [32m"@/lib/utils"[39m[33m;[39m
[31m[1m>[22m[39m[90m 20 |[39m [36mimport[39m { [33mTooltip[39m[33m,[39m [33mTooltipContent[39m[33m,[39m [33mTooltipProvider[39m[33m,[39m [33mTooltipTrigger[39m } [36mfrom[39m [32m"@/components/ui/tooltip"[39m[33m;[39m
 [90m    |[39m [31m[1m^[22m[39m[31m[1m^[22m[39m[31m[1m^[22m[39m[31m[1m^[22m[39m[31m[1m^[22m[39m[31m[1m^[22m[39m[31m[1m^[22m[39m[31m[1m^[22m[39m[31m[1m^[22m[39m[31m[1m^[22m[39m[31m[1m^[22m[39m[31m[1m^[22m[39m[31m[1m^[22m[39m[31m[1m^[22m[39m[31m[1m^[22m[39m[31m[1m^[22m[39m[31m[1m^[22m[39m[31m[1m^[22m[39m[31m[1m^[22m[39m[31m[1m^[22m[39m[31m[1m^[22m[39m[31m[1m^[22m[39m[31m[1m^[22m[39m[31m[1m^[22m[39m[31m[1m^[22m[39m[31m[1m^[22m[39m[31m[1m^[22m[39m[31m[1m^[22m[39m[31m[1m^[22m[39m[31m[1m^[22m[39m[31m[1m^[22m[39m[31m[1m^[22m[39m[31m[1m^[22m[39m[31m[1m^[22m[39m[31m[1m^[22m[39m[31m[1m^[22m[39m[31m[1m^[22m[39m[31m[1m^[22m[39m[31m[1m^[22m[39m[31m[1m^[22m[39m[31m[1m^[22m[39m[31m[1m^[22m[39m[31m[1m^[22m[39m[31m[1m^[22m[39m[31m[1m^[22m[39m[31m[1m^[22m[39m[31m[1m^[22m[39m[31m[1m^[22m[39m[31m[1m^[22m[39m[31m[1m^[22m[39m[31m[1m^[22m[39m[31m[1m^[22m[39m[31m[1m^[22m[39m[31m[1m^[22m[39m[31m[1m^[22m[39m[31m[1m^[22m[39m[31m[1m^[22m[39m[31m[1m^[22m[39m[31m[1m^[22m[39m[31m[1m^[22m[39m[31m[1m^[22m[39m[31m[1m^[22m[39m[31m[1m^[22m[39m[31m[1m^[22m[39m[31m[1m^[22m[39m[31m[1m^[22m[39m[31m[1m^[22m[39m[31m[1m^[22m[39m[31m[1m^[22m[39m[31m[1m^[22m[39m[31m[1m^[22m[39m[31m[1m^[22m[39m[31m[1m^[22m[39m[31m[1m^[22m[39m[31m[1m^[22m[39m[31m[1m^[22m[39m[31m[1m^[22m[39m[31m[1m^[22m[39m[31m[1m^[22m[39m[31m[1m^[22m[39m[31m[1m^[22m[39m[31m[1m^[22m[39m[31m[1m^[22m[39m[31m[1m^[22m[39m[31m[1m^[22m[39m[31m[1m^[22m[39m[31m[1m^[22m[39m[31m[1m^[22m[39m[31m[1m^[22m[39m[31m[1m^[22m[39m[31m[1m^[22m[39m[31m[1m^[22m[39m[31m[1m^[22m[39m[31m[1m^[22m[39m[31m[1m^[22m[39m[31m[1m^[22m[39m[31m[1m^[22m[39m[31m[1m^[22m[39m[31m[1m^[22m[39m
 [90m 21 |[39m
 [90m 22 |[39m [36mconst[39m menuItems [33m=[39m [
 [90m 23 |[39m   {[0m

Import map: aliased to relative './components/ui/tooltip' inside of [project]/Project/engine-calc-id


Import traces:
  Client Component Browser:
    ./Project/engine-calc-id/components/sidebar.tsx [Client Component Browser]
    ./Project/engine-calc-id/app/calculators/layout.tsx [Client Component Browser]
    ./Project/engine-calc-id/app/calculators/layout.tsx [Server Component]

  Client Component SSR:
    ./Project/engine-calc-id/components/sidebar.tsx [Client Component SSR]
    ./Project/engine-calc-id/app/calculators/layout.tsx [Client Component SSR]
    ./Project/engine-calc-id/app/calculators/layout.tsx [Server Component]

https://nextjs.org/docs/messages/module-not-found


 ⨯ ./Project/engine-calc-id/components/sidebar.tsx:20:1
Module not found: Can't resolve '@/components/ui/tooltip'
[0m [90m 18 |[39m [36mimport[39m { useState[33m,[39m useEffect } [36mfrom[39m [32m"react"[39m[33m;[39m
 [90m 19 |[39m [36mimport[39m { cn } [36mfrom[39m [32m"@/lib/utils"[39m[33m;[39m
[31m[1m>[22m[39m[90m 20 |[39m [36mimport[39m { [33mTooltip[39m[33m,[39m [33mTooltipContent[39m[33m,[39m [33mTooltipProvider[39m[33m,[39m [33mTooltipTrigger[39m } [36mfrom[39m [32m"@/components/ui/tooltip"[39m[33m;[39m
 [90m    |[39m [31m[1m^[22m[39m[31m[1m^[22m[39m[31m[1m^[22m[39m[31m[1m^[22m[39m[31m[1m^[22m[39m[31m[1m^[22m[39m[31m[1m^[22m[39m[31m[1m^[22m[39m[31m[1m^[22m[39m[31m[1m^[22m[39m[31m[1m^[22m[39m[31m[1m^[22m[39m[31m[1m^[22m[39m[31m[1m^[22m[39m[31m[1m^[22m[39m[31m[1m^[22m[39m[31m[1m^[22m[39m[31m[1m^[22m[39m[31m[1m^[22m[39m[31m[1m^[22m[39m[31m[1m^[22m[39m[31m[1m^[22m[39m[31m[1m^[22m[39m[31m[1m^[22m[39m[31m[1m^[22m[39m[31m[1m^[22m[39m[31m[1m^[22m[39m[31m[1m^[22m[39m[31m[1m^[22m[39m[31m[1m^[22m[39m[31m[1m^[22m[39m[31m[1m^[22m[39m[31m[1m^[22m[39m[31m[1m^[22m[39m[31m[1m^[22m[39m[31m[1m^[22m[39m[31m[1m^[22m[39m[31m[1m^[22m[39m[31m[1m^[22m[39m[31m[1m^[22m[39m[31m[1m^[22m[39m[31m[1m^[22m[39m[31m[1m^[22m[39m[31m[1m^[22m[39m[31m[1m^[22m[39m[31m[1m^[22m[39m[31m[1m^[22m[39m[31m[1m^[22m[39m[31m[1m^[22m[39m[31m[1m^[22m[39m[31m[1m^[22m[39m[31m[1m^[22m[39m[31m[1m^[22m[39m[31m[1m^[22m[39m[31m[1m^[22m[39m[31m[1m^[22m[39m[31m[1m^[22m[39m[31m[1m^[22m[39m[31m[1m^[22m[39m[31m[1m^[22m[39m[31m[1m^[22m[39m[31m[1m^[22m[39m[31m[1m^[22m[39m[31m[1m^[22m[39m[31m[1m^[22m[39m[31m[1m^[22m[39m[31m[1m^[22m[39m[31m[1m^[22m[39m[31m[1m^[22m[39m[31m[1m^[22m[39m[31m[1m^[22m[39m[31m[1m^[22m[39m[31m[1m^[22m[39m[31m[1m^[22m[39m[31m[1m^[22m[39m[31m[1m^[22m[39m[31m[1m^[22m[39m[31m[1m^[22m[39m[31m[1m^[22m[39m[31m[1m^[22m[39m[31m[1m^[22m[39m[31m[1m^[22m[39m[31m[1m^[22m[39m[31m[1m^[22m[39m[31m[1m^[22m[39m[31m[1m^[22m[39m[31m[1m^[22m[39m[31m[1m^[22m[39m[31m[1m^[22m[39m[31m[1m^[22m[39m[31m[1m^[22m[39m[31m[1m^[22m[39m[31m[1m^[22m[39m[31m[1m^[22m[39m[31m[1m^[22m[39m[31m[1m^[22m[39m[31m[1m^[22m[39m[31m[1m^[22m[39m[31m[1m^[22m[39m
 [90m 21 |[39m
 [90m 22 |[39m [36mconst[39m menuItems [33m=[39m [
 [90m 23 |[39m   {[0m

Import map: aliased to relative './components/ui/tooltip' inside of [project]/Project/engine-calc-id


Import traces:
  Client Component Browser:
    ./Project/engine-calc-id/components/sidebar.tsx [Client Component Browser]
    ./Project/engine-calc-id/app/calculators/layout.tsx [Client Component Browser]
    ./Project/engine-calc-id/app/calculators/layout.tsx [Server Component]

  Client Component SSR:
    ./Project/engine-calc-id/components/sidebar.tsx [Client Component SSR]
    ./Project/engine-calc-id/app/calculators/layout.tsx [Client Component SSR]
    ./Project/engine-calc-id/app/calculators/layout.tsx [Server Component]

https://nextjs.org/docs/messages/module-not-found


 ⨯ ./Project/engine-calc-id/components/sidebar.tsx:20:1
Module not found: Can't resolve '@/components/ui/tooltip'
[0m [90m 18 |[39m [36mimport[39m { useState[33m,[39m useEffect } [36mfrom[39m [32m"react"[39m[33m;[39m
 [90m 19 |[39m [36mimport[39m { cn } [36mfrom[39m [32m"@/lib/utils"[39m[33m;[39m
[31m[1m>[22m[39m[90m 20 |[39m [36mimport[39m { [33mTooltip[39m[33m,[39m [33mTooltipContent[39m[33m,[39m [33mTooltipProvider[39m[33m,[39m [33mTooltipTrigger[39m } [36mfrom[39m [32m"@/components/ui/tooltip"[39m[33m;[39m
 [90m    |[39m [31m[1m^[22m[39m[31m[1m^[22m[39m[31m[1m^[22m[39m[31m[1m^[22m[39m[31m[1m^[22m[39m[31m[1m^[22m[39m[31m[1m^[22m[39m[31m[1m^[22m[39m[31m[1m^[22m[39m[31m[1m^[22m[39m[31m[1m^[22m[39m[31m[1m^[22m[39m[31m[1m^[22m[39m[31m[1m^[22m[39m[31m[1m^[22m[39m[31m[1m^[22m[39m[31m[1m^[22m[39m[31m[1m^[22m[39m[31m[1m^[22m[39m[31m[1m^[22m[39m[31m[1m^[22m[39m[31m[1m^[22m[39m[31m[1m^[22m[39m[31m[1m^[22m[39m[31m[1m^[22m[39m[31m[1m^[22m[39m[31m[1m^[22m[39m[31m[1m^[22m[39m[31m[1m^[22m[39m[31m[1m^[22m[39m[31m[1m^[22m[39m[31m[1m^[22m[39m[31m[1m^[22m[39m[31m[1m^[22m[39m[31m[1m^[22m[39m[31m[1m^[22m[39m[31m[1m^[22m[39m[31m[1m^[22m[39m[31m[1m^[22m[39m[31m[1m^[22m[39m[31m[1m^[22m[39m[31m[1m^[22m[39m[31m[1m^[22m[39m[31m[1m^[22m[39m[31m[1m^[22m[39m[31m[1m^[22m[39m[31m[1m^[22m[39m[31m[1m^[22m[39m[31m[1m^[22m[39m[31m[1m^[22m[39m[31m[1m^[22m[39m[31m[1m^[22m[39m[31m[1m^[22m[39m[31m[1m^[22m[39m[31m[1m^[22m[39m[31m[1m^[22m[39m[31m[1m^[22m[39m[31m[1m^[22m[39m[31m[1m^[22m[39m[31m[1m^[22m[39m[31m[1m^[22m[39m[31m[1m^[22m[39m[31m[1m^[22m[39m[31m[1m^[22m[39m[31m[1m^[22m[39m[31m[1m^[22m[39m[31m[1m^[22m[39m[31m[1m^[22m[39m[31m[1m^[22m[39m[31m[1m^[22m[39m[31m[1m^[22m[39m[31m[1m^[22m[39m[31m[1m^[22m[39m[31m[1m^[22m[39m[31m[1m^[22m[39m[31m[1m^[22m[39m[31m[1m^[22m[39m[31m[1m^[22m[39m[31m[1m^[22m[39m[31m[1m^[22m[39m[31m[1m^[22m[39m[31m[1m^[22m[39m[31m[1m^[22m[39m[31m[1m^[22m[39m[31m[1m^[22m[39m[31m[1m^[22m[39m[31m[1m^[22m[39m[31m[1m^[22m[39m[31m[1m^[22m[39m[31m[1m^[22m[39m[31m[1m^[22m[39m[31m[1m^[22m[39m[31m[1m^[22m[39m[31m[1m^[22m[39m[31m[1m^[22m[39m[31m[1m^[22m[39m[31m[1m^[22m[39m[31m[1m^[22m[39m[31m[1m^[22m[39m
 [90m 21 |[39m
 [90m 22 |[39m [36mconst[39m menuItems [33m=[39m [
 [90m 23 |[39m   {[0m

Import map: aliased to relative './components/ui/tooltip' inside of [project]/Project/engine-calc-id


Import traces:
  Client Component Browser:
    ./Project/engine-calc-id/components/sidebar.tsx [Client Component Browser]
    ./Project/engine-calc-id/app/calculators/layout.tsx [Client Component Browser]
    ./Project/engine-calc-id/app/calculators/layout.tsx [Server Component]

  Client Component SSR:
    ./Project/engine-calc-id/components/sidebar.tsx [Client Component SSR]
    ./Project/engine-calc-id/app/calculators/layout.tsx [Client Component SSR]
    ./Project/engine-calc-id/app/calculators/layout.tsx [Server Component]

https://nextjs.org/docs/messages/module-not-found


 ⨯ ./Project/engine-calc-id/components/sidebar.tsx:20:1
Module not found: Can't resolve '@/components/ui/tooltip'
[0m [90m 18 |[39m [36mimport[39m { useState[33m,[39m useEffect } [36mfrom[39m [32m"react"[39m[33m;[39m
 [90m 19 |[39m [36mimport[39m { cn } [36mfrom[39m [32m"@/lib/utils"[39m[33m;[39m
[31m[1m>[22m[39m[90m 20 |[39m [36mimport[39m { [33mTooltip[39m[33m,[39m [33mTooltipContent[39m[33m,[39m [33mTooltipProvider[39m[33m,[39m [33mTooltipTrigger[39m } [36mfrom[39m [32m"@/components/ui/tooltip"[39m[33m;[39m
 [90m    |[39m [31m[1m^[22m[39m[31m[1m^[22m[39m[31m[1m^[22m[39m[31m[1m^[22m[39m[31m[1m^[22m[39m[31m[1m^[22m[39m[31m[1m^[22m[39m[31m[1m^[22m[39m[31m[1m^[22m[39m[31m[1m^[22m[39m[31m[1m^[22m[39m[31m[1m^[22m[39m[31m[1m^[22m[39m[31m[1m^[22m[39m[31m[1m^[22m[39m[31m[1m^[22m[39m[31m[1m^[22m[39m[31m[1m^[22m[39m[31m[1m^[22m[39m[31m[1m^[22m[39m[31m[1m^[22m[39m[31m[1m^[22m[39m[31m[1m^[22m[39m[31m[1m^[22m[39m[31m[1m^[22m[39m[31m[1m^[22m[39m[31m[1m^[22m[39m[31m[1m^[22m[39m[31m[1m^[22m[39m[31m[1m^[22m[39m[31m[1m^[22m[39m[31m[1m^[22m[39m[31m[1m^[22m[39m[31m[1m^[22m[39m[31m[1m^[22m[39m[31m[1m^[22m[39m[31m[1m^[22m[39m[31m[1m^[22m[39m[31m[1m^[22m[39m[31m[1m^[22m[39m[31m[1m^[22m[39m[31m[1m^[22m[39m[31m[1m^[22m[39m[31m[1m^[22m[39m[31m[1m^[22m[39m[31m[1m^[22m[39m[31m[1m^[22m[39m[31m[1m^[22m[39m[31m[1m^[22m[39m[31m[1m^[22m[39m[31m[1m^[22m[39m[31m[1m^[22m[39m[31m[1m^[22m[39m[31m[1m^[22m[39m[31m[1m^[22m[39m[31m[1m^[22m[39m[31m[1m^[22m[39m[31m[1m^[22m[39m[31m[1m^[22m[39m[31m[1m^[22m[39m[31m[1m^[22m[39m[31m[1m^[22m[39m[31m[1m^[22m[39m[31m[1m^[22m[39m[31m[1m^[22m[39m[31m[1m^[22m[39m[31m[1m^[22m[39m[31m[1m^[22m[39m[31m[1m^[22m[39m[31m[1m^[22m[39m[31m[1m^[22m[39m[31m[1m^[22m[39m[31m[1m^[22m[39m[31m[1m^[22m[39m[31m[1m^[22m[39m[31m[1m^[22m[39m[31m[1m^[22m[39m[31m[1m^[22m[39m[31m[1m^[22m[39m[31m[1m^[22m[39m[31m[1m^[22m[39m[31m[1m^[22m[39m[31m[1m^[22m[39m[31m[1m^[22m[39m[31m[1m^[22m[39m[31m[1m^[22m[39m[31m[1m^[22m[39m[31m[1m^[22m[39m[31m[1m^[22m[39m[31m[1m^[22m[39m[31m[1m^[22m[39m[31m[1m^[22m[39m[31m[1m^[22m[39m[31m[1m^[22m[39m[31m[1m^[22m[39m[31m[1m^[22m[39m[31m[1m^[22m[39m[31m[1m^[22m[39m[31m[1m^[22m[39m
 [90m 21 |[39m
 [90m 22 |[39m [36mconst[39m menuItems [33m=[39m [
 [90m 23 |[39m   {[0m

Import map: aliased to relative './components/ui/tooltip' inside of [project]/Project/engine-calc-id


Import traces:
  Client Component Browser:
    ./Project/engine-calc-id/components/sidebar.tsx [Client Component Browser]
    ./Project/engine-calc-id/app/calculators/layout.tsx [Client Component Browser]
    ./Project/engine-calc-id/app/calculators/layout.tsx [Server Component]

  Client Component SSR:
    ./Project/engine-calc-id/components/sidebar.tsx [Client Component SSR]
    ./Project/engine-calc-id/app/calculators/layout.tsx [Client Component SSR]
    ./Project/engine-calc-id/app/calculators/layout.tsx [Server Component]

https://nextjs.org/docs/messages/module-not-found


 ⨯ ./Project/engine-calc-id/components/sidebar.tsx:20:1
Module not found: Can't resolve '@/components/ui/tooltip'
[0m [90m 18 |[39m [36mimport[39m { useState[33m,[39m useEffect } [36mfrom[39m [32m"react"[39m[33m;[39m
 [90m 19 |[39m [36mimport[39m { cn } [36mfrom[39m [32m"@/lib/utils"[39m[33m;[39m
[31m[1m>[22m[39m[90m 20 |[39m [36mimport[39m { [33mTooltip[39m[33m,[39m [33mTooltipContent[39m[33m,[39m [33mTooltipProvider[39m[33m,[39m [33mTooltipTrigger[39m } [36mfrom[39m [32m"@/components/ui/tooltip"[39m[33m;[39m
 [90m    |[39m [31m[1m^[22m[39m[31m[1m^[22m[39m[31m[1m^[22m[39m[31m[1m^[22m[39m[31m[1m^[22m[39m[31m[1m^[22m[39m[31m[1m^[22m[39m[31m[1m^[22m[39m[31m[1m^[22m[39m[31m[1m^[22m[39m[31m[1m^[22m[39m[31m[1m^[22m[39m[31m[1m^[22m[39m[31m[1m^[22m[39m[31m[1m^[22m[39m[31m[1m^[22m[39m[31m[1m^[22m[39m[31m[1m^[22m[39m[31m[1m^[22m[39m[31m[1m^[22m[39m[31m[1m^[22m[39m[31m[1m^[22m[39m[31m[1m^[22m[39m[31m[1m^[22m[39m[31m[1m^[22m[39m[31m[1m^[22m[39m[31m[1m^[22m[39m[31m[1m^[22m[39m[31m[1m^[22m[39m[31m[1m^[22m[39m[31m[1m^[22m[39m[31m[1m^[22m[39m[31m[1m^[22m[39m[31m[1m^[22m[39m[31m[1m^[22m[39m[31m[1m^[22m[39m[31m[1m^[22m[39m[31m[1m^[22m[39m[31m[1m^[22m[39m[31m[1m^[22m[39m[31m[1m^[22m[39m[31m[1m^[22m[39m[31m[1m^[22m[39m[31m[1m^[22m[39m[31m[1m^[22m[39m[31m[1m^[22m[39m[31m[1m^[22m[39m[31m[1m^[22m[39m[31m[1m^[22m[39m[31m[1m^[22m[39m[31m[1m^[22m[39m[31m[1m^[22m[39m[31m[1m^[22m[39m[31m[1m^[22m[39m[31m[1m^[22m[39m[31m[1m^[22m[39m[31m[1m^[22m[39m[31m[1m^[22m[39m[31m[1m^[22m[39m[31m[1m^[22m[39m[31m[1m^[22m[39m[31m[1m^[22m[39m[31m[1m^[22m[39m[31m[1m^[22m[39m[31m[1m^[22m[39m[31m[1m^[22m[39m[31m[1m^[22m[39m[31m[1m^[22m[39m[31m[1m^[22m[39m[31m[1m^[22m[39m[31m[1m^[22m[39m[31m[1m^[22m[39m[31m[1m^[22m[39m[31m[1m^[22m[39m[31m[1m^[22m[39m[31m[1m^[22m[39m[31m[1m^[22m[39m[31m[1m^[22m[39m[31m[1m^[22m[39m[31m[1m^[22m[39m[31m[1m^[22m[39m[31m[1m^[22m[39m[31m[1m^[22m[39m[31m[1m^[22m[39m[31m[1m^[22m[39m[31m[1m^[22m[39m[31m[1m^[22m[39m[31m[1m^[22m[39m[31m[1m^[22m[39m[31m[1m^[22m[39m[31m[1m^[22m[39m[31m[1m^[22m[39m[31m[1m^[22m[39m[31m[1m^[22m[39m[31m[1m^[22m[39m[31m[1m^[22m[39m[31m[1m^[22m[39m[31m[1m^[22m[39m[31m[1m^[22m[39m
 [90m 21 |[39m
 [90m 22 |[39m [36mconst[39m menuItems [33m=[39m [
 [90m 23 |[39m   {[0m

Import map: aliased to relative './components/ui/tooltip' inside of [project]/Project/engine-calc-id


Import traces:
  Client Component Browser:
    ./Project/engine-calc-id/components/sidebar.tsx [Client Component Browser]
    ./Project/engine-calc-id/app/calculators/layout.tsx [Client Component Browser]
    ./Project/engine-calc-id/app/calculators/layout.tsx [Server Component]

  Client Component SSR:
    ./Project/engine-calc-id/components/sidebar.tsx [Client Component SSR]
    ./Project/engine-calc-id/app/calculators/layout.tsx [Client Component SSR]
    ./Project/engine-calc-id/app/calculators/layout.tsx [Server Component]

https://nextjs.org/docs/messages/module-not-found


 ⨯ ./Project/engine-calc-id/components/sidebar.tsx:20:1
Module not found: Can't resolve '@/components/ui/tooltip'
[0m [90m 18 |[39m [36mimport[39m { useState[33m,[39m useEffect } [36mfrom[39m [32m"react"[39m[33m;[39m
 [90m 19 |[39m [36mimport[39m { cn } [36mfrom[39m [32m"@/lib/utils"[39m[33m;[39m
[31m[1m>[22m[39m[90m 20 |[39m [36mimport[39m { [33mTooltip[39m[33m,[39m [33mTooltipContent[39m[33m,[39m [33mTooltipProvider[39m[33m,[39m [33mTooltipTrigger[39m } [36mfrom[39m [32m"@/components/ui/tooltip"[39m[33m;[39m
 [90m    |[39m [31m[1m^[22m[39m[31m[1m^[22m[39m[31m[1m^[22m[39m[31m[1m^[22m[39m[31m[1m^[22m[39m[31m[1m^[22m[39m[31m[1m^[22m[39m[31m[1m^[22m[39m[31m[1m^[22m[39m[31m[1m^[22m[39m[31m[1m^[22m[39m[31m[1m^[22m[39m[31m[1m^[22m[39m[31m[1m^[22m[39m[31m[1m^[22m[39m[31m[1m^[22m[39m[31m[1m^[22m[39m[31m[1m^[22m[39m[31m[1m^[22m[39m[31m[1m^[22m[39m[31m[1m^[22m[39m[31m[1m^[22m[39m[31m[1m^[22m[39m[31m[1m^[22m[39m[31m[1m^[22m[39m[31m[1m^[22m[39m[31m[1m^[22m[39m[31m[1m^[22m[39m[31m[1m^[22m[39m[31m[1m^[22m[39m[31m[1m^[22m[39m[31m[1m^[22m[39m[31m[1m^[22m[39m[31m[1m^[22m[39m[31m[1m^[22m[39m[31m[1m^[22m[39m[31m[1m^[22m[39m[31m[1m^[22m[39m[31m[1m^[22m[39m[31m[1m^[22m[39m[31m[1m^[22m[39m[31m[1m^[22m[39m[31m[1m^[22m[39m[31m[1m^[22m[39m[31m[1m^[22m[39m[31m[1m^[22m[39m[31m[1m^[22m[39m[31m[1m^[22m[39m[31m[1m^[22m[39m[31m[1m^[22m[39m[31m[1m^[22m[39m[31m[1m^[22m[39m[31m[1m^[22m[39m[31m[1m^[22m[39m[31m[1m^[22m[39m[31m[1m^[22m[39m[31m[1m^[22m[39m[31m[1m^[22m[39m[31m[1m^[22m[39m[31m[1m^[22m[39m[31m[1m^[22m[39m[31m[1m^[22m[39m[31m[1m^[22m[39m[31m[1m^[22m[39m[31m[1m^[22m[39m[31m[1m^[22m[39m[31m[1m^[22m[39m[31m[1m^[22m[39m[31m[1m^[22m[39m[31m[1m^[22m[39m[31m[1m^[22m[39m[31m[1m^[22m[39m[31m[1m^[22m[39m[31m[1m^[22m[39m[31m[1m^[22m[39m[31m[1m^[22m[39m[31m[1m^[22m[39m[31m[1m^[22m[39m[31m[1m^[22m[39m[31m[1m^[22m[39m[31m[1m^[22m[39m[31m[1m^[22m[39m[31m[1m^[22m[39m[31m[1m^[22m[39m[31m[1m^[22m[39m[31m[1m^[22m[39m[31m[1m^[22m[39m[31m[1m^[22m[39m[31m[1m^[22m[39m[31m[1m^[22m[39m[31m[1m^[22m[39m[31m[1m^[22m[39m[31m[1m^[22m[39m[31m[1m^[22m[39m[31m[1m^[22m[39m[31m[1m^[22m[39m[31m[1m^[22m[39m[31m[1m^[22m[39m[31m[1m^[22m[39m
 [90m 21 |[39m
 [90m 22 |[39m [36mconst[39m menuItems [33m=[39m [
 [90m 23 |[39m   {[0m

Import map: aliased to relative './components/ui/tooltip' inside of [project]/Project/engine-calc-id


Import traces:
  Client Component Browser:
    ./Project/engine-calc-id/components/sidebar.tsx [Client Component Browser]
    ./Project/engine-calc-id/app/calculators/layout.tsx [Client Component Browser]
    ./Project/engine-calc-id/app/calculators/layout.tsx [Server Component]

  Client Component SSR:
    ./Project/engine-calc-id/components/sidebar.tsx [Client Component SSR]
    ./Project/engine-calc-id/app/calculators/layout.tsx [Client Component SSR]
    ./Project/engine-calc-id/app/calculators/layout.tsx [Server Component]

https://nextjs.org/docs/messages/module-not-found


 ⨯ ./Project/engine-calc-id/components/sidebar.tsx:20:1
Module not found: Can't resolve '@/components/ui/tooltip'
[0m [90m 18 |[39m [36mimport[39m { useState[33m,[39m useEffect } [36mfrom[39m [32m"react"[39m[33m;[39m
 [90m 19 |[39m [36mimport[39m { cn } [36mfrom[39m [32m"@/lib/utils"[39m[33m;[39m
[31m[1m>[22m[39m[90m 20 |[39m [36mimport[39m { [33mTooltip[39m[33m,[39m [33mTooltipContent[39m[33m,[39m [33mTooltipProvider[39m[33m,[39m [33mTooltipTrigger[39m } [36mfrom[39m [32m"@/components/ui/tooltip"[39m[33m;[39m
 [90m    |[39m [31m[1m^[22m[39m[31m[1m^[22m[39m[31m[1m^[22m[39m[31m[1m^[22m[39m[31m[1m^[22m[39m[31m[1m^[22m[39m[31m[1m^[22m[39m[31m[1m^[22m[39m[31m[1m^[22m[39m[31m[1m^[22m[39m[31m[1m^[22m[39m[31m[1m^[22m[39m[31m[1m^[22m[39m[31m[1m^[22m[39m[31m[1m^[22m[39m[31m[1m^[22m[39m[31m[1m^[22m[39m[31m[1m^[22m[39m[31m[1m^[22m[39m[31m[1m^[22m[39m[31m[1m^[22m[39m[31m[1m^[22m[39m[31m[1m^[22m[39m[31m[1m^[22m[39m[31m[1m^[22m[39m[31m[1m^[22m[39m[31m[1m^[22m[39m[31m[1m^[22m[39m[31m[1m^[22m[39m[31m[1m^[22m[39m[31m[1m^[22m[39m[31m[1m^[22m[39m[31m[1m^[22m[39m[31m[1m^[22m[39m[31m[1m^[22m[39m[31m[1m^[22m[39m[31m[1m^[22m[39m[31m[1m^[22m[39m[31m[1m^[22m[39m[31m[1m^[22m[39m[31m[1m^[22m[39m[31m[1m^[22m[39m[31m[1m^[22m[39m[31m[1m^[22m[39m[31m[1m^[22m[39m[31m[1m^[22m[39m[31m[1m^[22m[39m[31m[1m^[22m[39m[31m[1m^[22m[39m[31m[1m^[22m[39m[31m[1m^[22m[39m[31m[1m^[22m[39m[31m[1m^[22m[39m[31m[1m^[22m[39m[31m[1m^[22m[39m[31m[1m^[22m[39m[31m[1m^[22m[39m[31m[1m^[22m[39m[31m[1m^[22m[39m[31m[1m^[22m[39m[31m[1m^[22m[39m[31m[1m^[22m[39m[31m[1m^[22m[39m[31m[1m^[22m[39m[31m[1m^[22m[39m[31m[1m^[22m[39m[31m[1m^[22m[39m[31m[1m^[22m[39m[31m[1m^[22m[39m[31m[1m^[22m[39m[31m[1m^[22m[39m[31m[1m^[22m[39m[31m[1m^[22m[39m[31m[1m^[22m[39m[31m[1m^[22m[39m[31m[1m^[22m[39m[31m[1m^[22m[39m[31m[1m^[22m[39m[31m[1m^[22m[39m[31m[1m^[22m[39m[31m[1m^[22m[39m[31m[1m^[22m[39m[31m[1m^[22m[39m[31m[1m^[22m[39m[31m[1m^[22m[39m[31m[1m^[22m[39m[31m[1m^[22m[39m[31m[1m^[22m[39m[31m[1m^[22m[39m[31m[1m^[22m[39m[31m[1m^[22m[39m[31m[1m^[22m[39m[31m[1m^[22m[39m[31m[1m^[22m[39m[31m[1m^[22m[39m[31m[1m^[22m[39m[31m[1m^[22m[39m[31m[1m^[22m[39m[31m[1m^[22m[39m
 [90m 21 |[39m
 [90m 22 |[39m [36mconst[39m menuItems [33m=[39m [
 [90m 23 |[39m   {[0m

Import map: aliased to relative './components/ui/tooltip' inside of [project]/Project/engine-calc-id


Import traces:
  Client Component Browser:
    ./Project/engine-calc-id/components/sidebar.tsx [Client Component Browser]
    ./Project/engine-calc-id/app/calculators/layout.tsx [Client Component Browser]
    ./Project/engine-calc-id/app/calculators/layout.tsx [Server Component]

  Client Component SSR:
    ./Project/engine-calc-id/components/sidebar.tsx [Client Component SSR]
    ./Project/engine-calc-id/app/calculators/layout.tsx [Client Component SSR]
    ./Project/engine-calc-id/app/calculators/layout.tsx [Server Component]

https://nextjs.org/docs/messages/module-not-found


 ⨯ ./Project/engine-calc-id/components/sidebar.tsx:20:1
Module not found: Can't resolve '@/components/ui/tooltip'
[0m [90m 18 |[39m [36mimport[39m { useState[33m,[39m useEffect } [36mfrom[39m [32m"react"[39m[33m;[39m
 [90m 19 |[39m [36mimport[39m { cn } [36mfrom[39m [32m"@/lib/utils"[39m[33m;[39m
[31m[1m>[22m[39m[90m 20 |[39m [36mimport[39m { [33mTooltip[39m[33m,[39m [33mTooltipContent[39m[33m,[39m [33mTooltipProvider[39m[33m,[39m [33mTooltipTrigger[39m } [36mfrom[39m [32m"@/components/ui/tooltip"[39m[33m;[39m
 [90m    |[39m [31m[1m^[22m[39m[31m[1m^[22m[39m[31m[1m^[22m[39m[31m[1m^[22m[39m[31m[1m^[22m[39m[31m[1m^[22m[39m[31m[1m^[22m[39m[31m[1m^[22m[39m[31m[1m^[22m[39m[31m[1m^[22m[39m[31m[1m^[22m[39m[31m[1m^[22m[39m[31m[1m^[22m[39m[31m[1m^[22m[39m[31m[1m^[22m[39m[31m[1m^[22m[39m[31m[1m^[22m[39m[31m[1m^[22m[39m[31m[1m^[22m[39m[31m[1m^[22m[39m[31m[1m^[22m[39m[31m[1m^[22m[39m[31m[1m^[22m[39m[31m[1m^[22m[39m[31m[1m^[22m[39m[31m[1m^[22m[39m[31m[1m^[22m[39m[31m[1m^[22m[39m[31m[1m^[22m[39m[31m[1m^[22m[39m[31m[1m^[22m[39m[31m[1m^[22m[39m[31m[1m^[22m[39m[31m[1m^[22m[39m[31m[1m^[22m[39m[31m[1m^[22m[39m[31m[1m^[22m[39m[31m[1m^[22m[39m[31m[1m^[22m[39m[31m[1m^[22m[39m[31m[1m^[22m[39m[31m[1m^[22m[39m[31m[1m^[22m[39m[31m[1m^[22m[39m[31m[1m^[22m[39m[31m[1m^[22m[39m[31m[1m^[22m[39m[31m[1m^[22m[39m[31m[1m^[22m[39m[31m[1m^[22m[39m[31m[1m^[22m[39m[31m[1m^[22m[39m[31m[1m^[22m[39m[31m[1m^[22m[39m[31m[1m^[22m[39m[31m[1m^[22m[39m[31m[1m^[22m[39m[31m[1m^[22m[39m[31m[1m^[22m[39m[31m[1m^[22m[39m[31m[1m^[22m[39m[31m[1m^[22m[39m[31m[1m^[22m[39m[31m[1m^[22m[39m[31m[1m^[22m[39m[31m[1m^[22m[39m[31m[1m^[22m[39m[31m[1m^[22m[39m[31m[1m^[22m[39m[31m[1m^[22m[39m[31m[1m^[22m[39m[31m[1m^[22m[39m[31m[1m^[22m[39m[31m[1m^[22m[39m[31m[1m^[22m[39m[31m[1m^[22m[39m[31m[1m^[22m[39m[31m[1m^[22m[39m[31m[1m^[22m[39m[31m[1m^[22m[39m[31m[1m^[22m[39m[31m[1m^[22m[39m[31m[1m^[22m[39m[31m[1m^[22m[39m[31m[1m^[22m[39m[31m[1m^[22m[39m[31m[1m^[22m[39m[31m[1m^[22m[39m[31m[1m^[22m[39m[31m[1m^[22m[39m[31m[1m^[22m[39m[31m[1m^[22m[39m[31m[1m^[22m[39m[31m[1m^[22m[39m[31m[1m^[22m[39m[31m[1m^[22m[39m[31m[1m^[22m[39m[31m[1m^[22m[39m[31m[1m^[22m[39m
 [90m 21 |[39m
 [90m 22 |[39m [36mconst[39m menuItems [33m=[39m [
 [90m 23 |[39m   {[0m

Import map: aliased to relative './components/ui/tooltip' inside of [project]/Project/engine-calc-id


Import traces:
  Client Component Browser:
    ./Project/engine-calc-id/components/sidebar.tsx [Client Component Browser]
    ./Project/engine-calc-id/app/calculators/layout.tsx [Client Component Browser]
    ./Project/engine-calc-id/app/calculators/layout.tsx [Server Component]

  Client Component SSR:
    ./Project/engine-calc-id/components/sidebar.tsx [Client Component SSR]
    ./Project/engine-calc-id/app/calculators/layout.tsx [Client Component SSR]
    ./Project/engine-calc-id/app/calculators/layout.tsx [Server Component]

https://nextjs.org/docs/messages/module-not-found


 ⨯ ./Project/engine-calc-id/components/sidebar.tsx:20:1
Module not found: Can't resolve '@/components/ui/tooltip'
[0m [90m 18 |[39m [36mimport[39m { useState[33m,[39m useEffect } [36mfrom[39m [32m"react"[39m[33m;[39m
 [90m 19 |[39m [36mimport[39m { cn } [36mfrom[39m [32m"@/lib/utils"[39m[33m;[39m
[31m[1m>[22m[39m[90m 20 |[39m [36mimport[39m { [33mTooltip[39m[33m,[39m [33mTooltipContent[39m[33m,[39m [33mTooltipProvider[39m[33m,[39m [33mTooltipTrigger[39m } [36mfrom[39m [32m"@/components/ui/tooltip"[39m[33m;[39m
 [90m    |[39m [31m[1m^[22m[39m[31m[1m^[22m[39m[31m[1m^[22m[39m[31m[1m^[22m[39m[31m[1m^[22m[39m[31m[1m^[22m[39m[31m[1m^[22m[39m[31m[1m^[22m[39m[31m[1m^[22m[39m[31m[1m^[22m[39m[31m[1m^[22m[39m[31m[1m^[22m[39m[31m[1m^[22m[39m[31m[1m^[22m[39m[31m[1m^[22m[39m[31m[1m^[22m[39m[31m[1m^[22m[39m[31m[1m^[22m[39m[31m[1m^[22m[39m[31m[1m^[22m[39m[31m[1m^[22m[39m[31m[1m^[22m[39m[31m[1m^[22m[39m[31m[1m^[22m[39m[31m[1m^[22m[39m[31m[1m^[22m[39m[31m[1m^[22m[39m[31m[1m^[22m[39m[31m[1m^[22m[39m[31m[1m^[22m[39m[31m[1m^[22m[39m[31m[1m^[22m[39m[31m[1m^[22m[39m[31m[1m^[22m[39m[31m[1m^[22m[39m[31m[1m^[22m[39m[31m[1m^[22m[39m[31m[1m^[22m[39m[31m[1m^[22m[39m[31m[1m^[22m[39m[31m[1m^[22m[39m[31m[1m^[22m[39m[31m[1m^[22m[39m[31m[1m^[22m[39m[31m[1m^[22m[39m[31m[1m^[22m[39m[31m[1m^[22m[39m[31m[1m^[22m[39m[31m[1m^[22m[39m[31m[1m^[22m[39m[31m[1m^[22m[39m[31m[1m^[22m[39m[31m[1m^[22m[39m[31m[1m^[22m[39m[31m[1m^[22m[39m[31m[1m^[22m[39m[31m[1m^[22m[39m[31m[1m^[22m[39m[31m[1m^[22m[39m[31m[1m^[22m[39m[31m[1m^[22m[39m[31m[1m^[22m[39m[31m[1m^[22m[39m[31m[1m^[22m[39m[31m[1m^[22m[39m[31m[1m^[22m[39m[31m[1m^[22m[39m[31m[1m^[22m[39m[31m[1m^[22m[39m[31m[1m^[22m[39m[31m[1m^[22m[39m[31m[1m^[22m[39m[31m[1m^[22m[39m[31m[1m^[22m[39m[31m[1m^[22m[39m[31m[1m^[22m[39m[31m[1m^[22m[39m[31m[1m^[22m[39m[31m[1m^[22m[39m[31m[1m^[22m[39m[31m[1m^[22m[39m[31m[1m^[22m[39m[31m[1m^[22m[39m[31m[1m^[22m[39m[31m[1m^[22m[39m[31m[1m^[22m[39m[31m[1m^[22m[39m[31m[1m^[22m[39m[31m[1m^[22m[39m[31m[1m^[22m[39m[31m[1m^[22m[39m[31m[1m^[22m[39m[31m[1m^[22m[39m[31m[1m^[22m[39m[31m[1m^[22m[39m[31m[1m^[22m[39m[31m[1m^[22m[39m[31m[1m^[22m[39m[31m[1m^[22m[39m
 [90m 21 |[39m
 [90m 22 |[39m [36mconst[39m menuItems [33m=[39m [
 [90m 23 |[39m   {[0m

Import map: aliased to relative './components/ui/tooltip' inside of [project]/Project/engine-calc-id


Import traces:
  Client Component Browser:
    ./Project/engine-calc-id/components/sidebar.tsx [Client Component Browser]
    ./Project/engine-calc-id/app/calculators/layout.tsx [Client Component Browser]
    ./Project/engine-calc-id/app/calculators/layout.tsx [Server Component]

  Client Component SSR:
    ./Project/engine-calc-id/components/sidebar.tsx [Client Component SSR]
    ./Project/engine-calc-id/app/calculators/layout.tsx [Client Component SSR]
    ./Project/engine-calc-id/app/calculators/layout.tsx [Server Component]

https://nextjs.org/docs/messages/module-not-found


 ⨯ ./Project/engine-calc-id/components/sidebar.tsx:20:1
Module not found: Can't resolve '@/components/ui/tooltip'
[0m [90m 18 |[39m [36mimport[39m { useState[33m,[39m useEffect } [36mfrom[39m [32m"react"[39m[33m;[39m
 [90m 19 |[39m [36mimport[39m { cn } [36mfrom[39m [32m"@/lib/utils"[39m[33m;[39m
[31m[1m>[22m[39m[90m 20 |[39m [36mimport[39m { [33mTooltip[39m[33m,[39m [33mTooltipContent[39m[33m,[39m [33mTooltipProvider[39m[33m,[39m [33mTooltipTrigger[39m } [36mfrom[39m [32m"@/components/ui/tooltip"[39m[33m;[39m
 [90m    |[39m [31m[1m^[22m[39m[31m[1m^[22m[39m[31m[1m^[22m[39m[31m[1m^[22m[39m[31m[1m^[22m[39m[31m[1m^[22m[39m[31m[1m^[22m[39m[31m[1m^[22m[39m[31m[1m^[22m[39m[31m[1m^[22m[39m[31m[1m^[22m[39m[31m[1m^[22m[39m[31m[1m^[22m[39m[31m[1m^[22m[39m[31m[1m^[22m[39m[31m[1m^[22m[39m[31m[1m^[22m[39m[31m[1m^[22m[39m[31m[1m^[22m[39m[31m[1m^[22m[39m[31m[1m^[22m[39m[31m[1m^[22m[39m[31m[1m^[22m[39m[31m[1m^[22m[39m[31m[1m^[22m[39m[31m[1m^[22m[39m[31m[1m^[22m[39m[31m[1m^[22m[39m[31m[1m^[22m[39m[31m[1m^[22m[39m[31m[1m^[22m[39m[31m[1m^[22m[39m[31m[1m^[22m[39m[31m[1m^[22m[39m[31m[1m^[22m[39m[31m[1m^[22m[39m[31m[1m^[22m[39m[31m[1m^[22m[39m[31m[1m^[22m[39m[31m[1m^[22m[39m[31m[1m^[22m[39m[31m[1m^[22m[39m[31m[1m^[22m[39m[31m[1m^[22m[39m[31m[1m^[22m[39m[31m[1m^[22m[39m[31m[1m^[22m[39m[31m[1m^[22m[39m[31m[1m^[22m[39m[31m[1m^[22m[39m[31m[1m^[22m[39m[31m[1m^[22m[39m[31m[1m^[22m[39m[31m[1m^[22m[39m[31m[1m^[22m[39m[31m[1m^[22m[39m[31m[1m^[22m[39m[31m[1m^[22m[39m[31m[1m^[22m[39m[31m[1m^[22m[39m[31m[1m^[22m[39m[31m[1m^[22m[39m[31m[1m^[22m[39m[31m[1m^[22m[39m[31m[1m^[22m[39m[31m[1m^[22m[39m[31m[1m^[22m[39m[31m[1m^[22m[39m[31m[1m^[22m[39m[31m[1m^[22m[39m[31m[1m^[22m[39m[31m[1m^[22m[39m[31m[1m^[22m[39m[31m[1m^[22m[39m[31m[1m^[22m[39m[31m[1m^[22m[39m[31m[1m^[22m[39m[31m[1m^[22m[39m[31m[1m^[22m[39m[31m[1m^[22m[39m[31m[1m^[22m[39m[31m[1m^[22m[39m[31m[1m^[22m[39m[31m[1m^[22m[39m[31m[1m^[22m[39m[31m[1m^[22m[39m[31m[1m^[22m[39m[31m[1m^[22m[39m[31m[1m^[22m[39m[31m[1m^[22m[39m[31m[1m^[22m[39m[31m[1m^[22m[39m[31m[1m^[22m[39m[31m[1m^[22m[39m[31m[1m^[22m[39m[31m[1m^[22m[39m[31m[1m^[22m[39m[31m[1m^[22m[39m[31m[1m^[22m[39m
 [90m 21 |[39m
 [90m 22 |[39m [36mconst[39m menuItems [33m=[39m [
 [90m 23 |[39m   {[0m

Import map: aliased to relative './components/ui/tooltip' inside of [project]/Project/engine-calc-id


Import traces:
  Client Component Browser:
    ./Project/engine-calc-id/components/sidebar.tsx [Client Component Browser]
    ./Project/engine-calc-id/app/calculators/layout.tsx [Client Component Browser]
    ./Project/engine-calc-id/app/calculators/layout.tsx [Server Component]

  Client Component SSR:
    ./Project/engine-calc-id/components/sidebar.tsx [Client Component SSR]
    ./Project/engine-calc-id/app/calculators/layout.tsx [Client Component SSR]
    ./Project/engine-calc-id/app/calculators/layout.tsx [Server Component]

https://nextjs.org/docs/messages/module-not-found


 ⨯ ./Project/engine-calc-id/components/sidebar.tsx:20:1
Module not found: Can't resolve '@/components/ui/tooltip'
[0m [90m 18 |[39m [36mimport[39m { useState[33m,[39m useEffect } [36mfrom[39m [32m"react"[39m[33m;[39m
 [90m 19 |[39m [36mimport[39m { cn } [36mfrom[39m [32m"@/lib/utils"[39m[33m;[39m
[31m[1m>[22m[39m[90m 20 |[39m [36mimport[39m { [33mTooltip[39m[33m,[39m [33mTooltipContent[39m[33m,[39m [33mTooltipProvider[39m[33m,[39m [33mTooltipTrigger[39m } [36mfrom[39m [32m"@/components/ui/tooltip"[39m[33m;[39m
 [90m    |[39m [31m[1m^[22m[39m[31m[1m^[22m[39m[31m[1m^[22m[39m[31m[1m^[22m[39m[31m[1m^[22m[39m[31m[1m^[22m[39m[31m[1m^[22m[39m[31m[1m^[22m[39m[31m[1m^[22m[39m[31m[1m^[22m[39m[31m[1m^[22m[39m[31m[1m^[22m[39m[31m[1m^[22m[39m[31m[1m^[22m[39m[31m[1m^[22m[39m[31m[1m^[22m[39m[31m[1m^[22m[39m[31m[1m^[22m[39m[31m[1m^[22m[39m[31m[1m^[22m[39m[31m[1m^[22m[39m[31m[1m^[22m[39m[31m[1m^[22m[39m[31m[1m^[22m[39m[31m[1m^[22m[39m[31m[1m^[22m[39m[31m[1m^[22m[39m[31m[1m^[22m[39m[31m[1m^[22m[39m[31m[1m^[22m[39m[31m[1m^[22m[39m[31m[1m^[22m[39m[31m[1m^[22m[39m[31m[1m^[22m[39m[31m[1m^[22m[39m[31m[1m^[22m[39m[31m[1m^[22m[39m[31m[1m^[22m[39m[31m[1m^[22m[39m[31m[1m^[22m[39m[31m[1m^[22m[39m[31m[1m^[22m[39m[31m[1m^[22m[39m[31m[1m^[22m[39m[31m[1m^[22m[39m[31m[1m^[22m[39m[31m[1m^[22m[39m[31m[1m^[22m[39m[31m[1m^[22m[39m[31m[1m^[22m[39m[31m[1m^[22m[39m[31m[1m^[22m[39m[31m[1m^[22m[39m[31m[1m^[22m[39m[31m[1m^[22m[39m[31m[1m^[22m[39m[31m[1m^[22m[39m[31m[1m^[22m[39m[31m[1m^[22m[39m[31m[1m^[22m[39m[31m[1m^[22m[39m[31m[1m^[22m[39m[31m[1m^[22m[39m[31m[1m^[22m[39m[31m[1m^[22m[39m[31m[1m^[22m[39m[31m[1m^[22m[39m[31m[1m^[22m[39m[31m[1m^[22m[39m[31m[1m^[22m[39m[31m[1m^[22m[39m[31m[1m^[22m[39m[31m[1m^[22m[39m[31m[1m^[22m[39m[31m[1m^[22m[39m[31m[1m^[22m[39m[31m[1m^[22m[39m[31m[1m^[22m[39m[31m[1m^[22m[39m[31m[1m^[22m[39m[31m[1m^[22m[39m[31m[1m^[22m[39m[31m[1m^[22m[39m[31m[1m^[22m[39m[31m[1m^[22m[39m[31m[1m^[22m[39m[31m[1m^[22m[39m[31m[1m^[22m[39m[31m[1m^[22m[39m[31m[1m^[22m[39m[31m[1m^[22m[39m[31m[1m^[22m[39m[31m[1m^[22m[39m[31m[1m^[22m[39m[31m[1m^[22m[39m[31m[1m^[22m[39m[31m[1m^[22m[39m[31m[1m^[22m[39m[31m[1m^[22m[39m
 [90m 21 |[39m
 [90m 22 |[39m [36mconst[39m menuItems [33m=[39m [
 [90m 23 |[39m   {[0m

Import map: aliased to relative './components/ui/tooltip' inside of [project]/Project/engine-calc-id


Import traces:
  Client Component Browser:
    ./Project/engine-calc-id/components/sidebar.tsx [Client Component Browser]
    ./Project/engine-calc-id/app/calculators/layout.tsx [Client Component Browser]
    ./Project/engine-calc-id/app/calculators/layout.tsx [Server Component]

  Client Component SSR:
    ./Project/engine-calc-id/components/sidebar.tsx [Client Component SSR]
    ./Project/engine-calc-id/app/calculators/layout.tsx [Client Component SSR]
    ./Project/engine-calc-id/app/calculators/layout.tsx [Server Component]

https://nextjs.org/docs/messages/module-not-found


 ⨯ ./Project/engine-calc-id/components/sidebar.tsx:20:1
Module not found: Can't resolve '@/components/ui/tooltip'
[0m [90m 18 |[39m [36mimport[39m { useState[33m,[39m useEffect } [36mfrom[39m [32m"react"[39m[33m;[39m
 [90m 19 |[39m [36mimport[39m { cn } [36mfrom[39m [32m"@/lib/utils"[39m[33m;[39m
[31m[1m>[22m[39m[90m 20 |[39m [36mimport[39m { [33mTooltip[39m[33m,[39m [33mTooltipContent[39m[33m,[39m [33mTooltipProvider[39m[33m,[39m [33mTooltipTrigger[39m } [36mfrom[39m [32m"@/components/ui/tooltip"[39m[33m;[39m
 [90m    |[39m [31m[1m^[22m[39m[31m[1m^[22m[39m[31m[1m^[22m[39m[31m[1m^[22m[39m[31m[1m^[22m[39m[31m[1m^[22m[39m[31m[1m^[22m[39m[31m[1m^[22m[39m[31m[1m^[22m[39m[31m[1m^[22m[39m[31m[1m^[22m[39m[31m[1m^[22m[39m[31m[1m^[22m[39m[31m[1m^[22m[39m[31m[1m^[22m[39m[31m[1m^[22m[39m[31m[1m^[22m[39m[31m[1m^[22m[39m[31m[1m^[22m[39m[31m[1m^[22m[39m[31m[1m^[22m[39m[31m[1m^[22m[39m[31m[1m^[22m[39m[31m[1m^[22m[39m[31m[1m^[22m[39m[31m[1m^[22m[39m[31m[1m^[22m[39m[31m[1m^[22m[39m[31m[1m^[22m[39m[31m[1m^[22m[39m[31m[1m^[22m[39m[31m[1m^[22m[39m[31m[1m^[22m[39m[31m[1m^[22m[39m[31m[1m^[22m[39m[31m[1m^[22m[39m[31m[1m^[22m[39m[31m[1m^[22m[39m[31m[1m^[22m[39m[31m[1m^[22m[39m[31m[1m^[22m[39m[31m[1m^[22m[39m[31m[1m^[22m[39m[31m[1m^[22m[39m[31m[1m^[22m[39m[31m[1m^[22m[39m[31m[1m^[22m[39m[31m[1m^[22m[39m[31m[1m^[22m[39m[31m[1m^[22m[39m[31m[1m^[22m[39m[31m[1m^[22m[39m[31m[1m^[22m[39m[31m[1m^[22m[39m[31m[1m^[22m[39m[31m[1m^[22m[39m[31m[1m^[22m[39m[31m[1m^[22m[39m[31m[1m^[22m[39m[31m[1m^[22m[39m[31m[1m^[22m[39m[31m[1m^[22m[39m[31m[1m^[22m[39m[31m[1m^[22m[39m[31m[1m^[22m[39m[31m[1m^[22m[39m[31m[1m^[22m[39m[31m[1m^[22m[39m[31m[1m^[22m[39m[31m[1m^[22m[39m[31m[1m^[22m[39m[31m[1m^[22m[39m[31m[1m^[22m[39m[31m[1m^[22m[39m[31m[1m^[22m[39m[31m[1m^[22m[39m[31m[1m^[22m[39m[31m[1m^[22m[39m[31m[1m^[22m[39m[31m[1m^[22m[39m[31m[1m^[22m[39m[31m[1m^[22m[39m[31m[1m^[22m[39m[31m[1m^[22m[39m[31m[1m^[22m[39m[31m[1m^[22m[39m[31m[1m^[22m[39m[31m[1m^[22m[39m[31m[1m^[22m[39m[31m[1m^[22m[39m[31m[1m^[22m[39m[31m[1m^[22m[39m[31m[1m^[22m[39m[31m[1m^[22m[39m[31m[1m^[22m[39m[31m[1m^[22m[39m[31m[1m^[22m[39m[31m[1m^[22m[39m[31m[1m^[22m[39m
 [90m 21 |[39m
 [90m 22 |[39m [36mconst[39m menuItems [33m=[39m [
 [90m 23 |[39m   {[0m

Import map: aliased to relative './components/ui/tooltip' inside of [project]/Project/engine-calc-id


Import traces:
  Client Component Browser:
    ./Project/engine-calc-id/components/sidebar.tsx [Client Component Browser]
    ./Project/engine-calc-id/app/calculators/layout.tsx [Client Component Browser]
    ./Project/engine-calc-id/app/calculators/layout.tsx [Server Component]

  Client Component SSR:
    ./Project/engine-calc-id/components/sidebar.tsx [Client Component SSR]
    ./Project/engine-calc-id/app/calculators/layout.tsx [Client Component SSR]
    ./Project/engine-calc-id/app/calculators/layout.tsx [Server Component]

https://nextjs.org/docs/messages/module-not-found


 ⨯ ./Project/engine-calc-id/components/sidebar.tsx:20:1
Module not found: Can't resolve '@/components/ui/tooltip'
[0m [90m 18 |[39m [36mimport[39m { useState[33m,[39m useEffect } [36mfrom[39m [32m"react"[39m[33m;[39m
 [90m 19 |[39m [36mimport[39m { cn } [36mfrom[39m [32m"@/lib/utils"[39m[33m;[39m
[31m[1m>[22m[39m[90m 20 |[39m [36mimport[39m { [33mTooltip[39m[33m,[39m [33mTooltipContent[39m[33m,[39m [33mTooltipProvider[39m[33m,[39m [33mTooltipTrigger[39m } [36mfrom[39m [32m"@/components/ui/tooltip"[39m[33m;[39m
 [90m    |[39m [31m[1m^[22m[39m[31m[1m^[22m[39m[31m[1m^[22m[39m[31m[1m^[22m[39m[31m[1m^[22m[39m[31m[1m^[22m[39m[31m[1m^[22m[39m[31m[1m^[22m[39m[31m[1m^[22m[39m[31m[1m^[22m[39m[31m[1m^[22m[39m[31m[1m^[22m[39m[31m[1m^[22m[39m[31m[1m^[22m[39m[31m[1m^[22m[39m[31m[1m^[22m[39m[31m[1m^[22m[39m[31m[1m^[22m[39m[31m[1m^[22m[39m[31m[1m^[22m[39m[31m[1m^[22m[39m[31m[1m^[22m[39m[31m[1m^[22m[39m[31m[1m^[22m[39m[31m[1m^[22m[39m[31m[1m^[22m[39m[31m[1m^[22m[39m[31m[1m^[22m[39m[31m[1m^[22m[39m[31m[1m^[22m[39m[31m[1m^[22m[39m[31m[1m^[22m[39m[31m[1m^[22m[39m[31m[1m^[22m[39m[31m[1m^[22m[39m[31m[1m^[22m[39m[31m[1m^[22m[39m[31m[1m^[22m[39m[31m[1m^[22m[39m[31m[1m^[22m[39m[31m[1m^[22m[39m[31m[1m^[22m[39m[31m[1m^[22m[39m[31m[1m^[22m[39m[31m[1m^[22m[39m[31m[1m^[22m[39m[31m[1m^[22m[39m[31m[1m^[22m[39m[31m[1m^[22m[39m[31m[1m^[22m[39m[31m[1m^[22m[39m[31m[1m^[22m[39m[31m[1m^[22m[39m[31m[1m^[22m[39m[31m[1m^[22m[39m[31m[1m^[22m[39m[31m[1m^[22m[39m[31m[1m^[22m[39m[31m[1m^[22m[39m[31m[1m^[22m[39m[31m[1m^[22m[39m[31m[1m^[22m[39m[31m[1m^[22m[39m[31m[1m^[22m[39m[31m[1m^[22m[39m[31m[1m^[22m[39m[31m[1m^[22m[39m[31m[1m^[22m[39m[31m[1m^[22m[39m[31m[1m^[22m[39m[31m[1m^[22m[39m[31m[1m^[22m[39m[31m[1m^[22m[39m[31m[1m^[22m[39m[31m[1m^[22m[39m[31m[1m^[22m[39m[31m[1m^[22m[39m[31m[1m^[22m[39m[31m[1m^[22m[39m[31m[1m^[22m[39m[31m[1m^[22m[39m[31m[1m^[22m[39m[31m[1m^[22m[39m[31m[1m^[22m[39m[31m[1m^[22m[39m[31m[1m^[22m[39m[31m[1m^[22m[39m[31m[1m^[22m[39m[31m[1m^[22m[39m[31m[1m^[22m[39m[31m[1m^[22m[39m[31m[1m^[22m[39m[31m[1m^[22m[39m[31m[1m^[22m[39m[31m[1m^[22m[39m[31m[1m^[22m[39m[31m[1m^[22m[39m[31m[1m^[22m[39m[31m[1m^[22m[39m
 [90m 21 |[39m
 [90m 22 |[39m [36mconst[39m menuItems [33m=[39m [
 [90m 23 |[39m   {[0m

Import map: aliased to relative './components/ui/tooltip' inside of [project]/Project/engine-calc-id


Import traces:
  Client Component Browser:
    ./Project/engine-calc-id/components/sidebar.tsx [Client Component Browser]
    ./Project/engine-calc-id/app/calculators/layout.tsx [Client Component Browser]
    ./Project/engine-calc-id/app/calculators/layout.tsx [Server Component]

  Client Component SSR:
    ./Project/engine-calc-id/components/sidebar.tsx [Client Component SSR]
    ./Project/engine-calc-id/app/calculators/layout.tsx [Client Component SSR]
    ./Project/engine-calc-id/app/calculators/layout.tsx [Server Component]

https://nextjs.org/docs/messages/module-not-found


 ⨯ ./Project/engine-calc-id/components/sidebar.tsx:20:1
Module not found: Can't resolve '@/components/ui/tooltip'
[0m [90m 18 |[39m [36mimport[39m { useState[33m,[39m useEffect } [36mfrom[39m [32m"react"[39m[33m;[39m
 [90m 19 |[39m [36mimport[39m { cn } [36mfrom[39m [32m"@/lib/utils"[39m[33m;[39m
[31m[1m>[22m[39m[90m 20 |[39m [36mimport[39m { [33mTooltip[39m[33m,[39m [33mTooltipContent[39m[33m,[39m [33mTooltipProvider[39m[33m,[39m [33mTooltipTrigger[39m } [36mfrom[39m [32m"@/components/ui/tooltip"[39m[33m;[39m
 [90m    |[39m [31m[1m^[22m[39m[31m[1m^[22m[39m[31m[1m^[22m[39m[31m[1m^[22m[39m[31m[1m^[22m[39m[31m[1m^[22m[39m[31m[1m^[22m[39m[31m[1m^[22m[39m[31m[1m^[22m[39m[31m[1m^[22m[39m[31m[1m^[22m[39m[31m[1m^[22m[39m[31m[1m^[22m[39m[31m[1m^[22m[39m[31m[1m^[22m[39m[31m[1m^[22m[39m[31m[1m^[22m[39m[31m[1m^[22m[39m[31m[1m^[22m[39m[31m[1m^[22m[39m[31m[1m^[22m[39m[31m[1m^[22m[39m[31m[1m^[22m[39m[31m[1m^[22m[39m[31m[1m^[22m[39m[31m[1m^[22m[39m[31m[1m^[22m[39m[31m[1m^[22m[39m[31m[1m^[22m[39m[31m[1m^[22m[39m[31m[1m^[22m[39m[31m[1m^[22m[39m[31m[1m^[22m[39m[31m[1m^[22m[39m[31m[1m^[22m[39m[31m[1m^[22m[39m[31m[1m^[22m[39m[31m[1m^[22m[39m[31m[1m^[22m[39m[31m[1m^[22m[39m[31m[1m^[22m[39m[31m[1m^[22m[39m[31m[1m^[22m[39m[31m[1m^[22m[39m[31m[1m^[22m[39m[31m[1m^[22m[39m[31m[1m^[22m[39m[31m[1m^[22m[39m[31m[1m^[22m[39m[31m[1m^[22m[39m[31m[1m^[22m[39m[31m[1m^[22m[39m[31m[1m^[22m[39m[31m[1m^[22m[39m[31m[1m^[22m[39m[31m[1m^[22m[39m[31m[1m^[22m[39m[31m[1m^[22m[39m[31m[1m^[22m[39m[31m[1m^[22m[39m[31m[1m^[22m[39m[31m[1m^[22m[39m[31m[1m^[22m[39m[31m[1m^[22m[39m[31m[1m^[22m[39m[31m[1m^[22m[39m[31m[1m^[22m[39m[31m[1m^[22m[39m[31m[1m^[22m[39m[31m[1m^[22m[39m[31m[1m^[22m[39m[31m[1m^[22m[39m[31m[1m^[22m[39m[31m[1m^[22m[39m[31m[1m^[22m[39m[31m[1m^[22m[39m[31m[1m^[22m[39m[31m[1m^[22m[39m[31m[1m^[22m[39m[31m[1m^[22m[39m[31m[1m^[22m[39m[31m[1m^[22m[39m[31m[1m^[22m[39m[31m[1m^[22m[39m[31m[1m^[22m[39m[31m[1m^[22m[39m[31m[1m^[22m[39m[31m[1m^[22m[39m[31m[1m^[22m[39m[31m[1m^[22m[39m[31m[1m^[22m[39m[31m[1m^[22m[39m[31m[1m^[22m[39m[31m[1m^[22m[39m[31m[1m^[22m[39m[31m[1m^[22m[39m[31m[1m^[22m[39m[31m[1m^[22m[39m[31m[1m^[22m[39m
 [90m 21 |[39m
 [90m 22 |[39m [36mconst[39m menuItems [33m=[39m [
 [90m 23 |[39m   {[0m

Import map: aliased to relative './components/ui/tooltip' inside of [project]/Project/engine-calc-id


Import traces:
  Client Component Browser:
    ./Project/engine-calc-id/components/sidebar.tsx [Client Component Browser]
    ./Project/engine-calc-id/app/calculators/layout.tsx [Client Component Browser]
    ./Project/engine-calc-id/app/calculators/layout.tsx [Server Component]

  Client Component SSR:
    ./Project/engine-calc-id/components/sidebar.tsx [Client Component SSR]
    ./Project/engine-calc-id/app/calculators/layout.tsx [Client Component SSR]
    ./Project/engine-calc-id/app/calculators/layout.tsx [Server Component]

https://nextjs.org/docs/messages/module-not-found


 ⨯ ./Project/engine-calc-id/components/sidebar.tsx:20:1
Module not found: Can't resolve '@/components/ui/tooltip'
[0m [90m 18 |[39m [36mimport[39m { useState[33m,[39m useEffect } [36mfrom[39m [32m"react"[39m[33m;[39m
 [90m 19 |[39m [36mimport[39m { cn } [36mfrom[39m [32m"@/lib/utils"[39m[33m;[39m
[31m[1m>[22m[39m[90m 20 |[39m [36mimport[39m { [33mTooltip[39m[33m,[39m [33mTooltipContent[39m[33m,[39m [33mTooltipProvider[39m[33m,[39m [33mTooltipTrigger[39m } [36mfrom[39m [32m"@/components/ui/tooltip"[39m[33m;[39m
 [90m    |[39m [31m[1m^[22m[39m[31m[1m^[22m[39m[31m[1m^[22m[39m[31m[1m^[22m[39m[31m[1m^[22m[39m[31m[1m^[22m[39m[31m[1m^[22m[39m[31m[1m^[22m[39m[31m[1m^[22m[39m[31m[1m^[22m[39m[31m[1m^[22m[39m[31m[1m^[22m[39m[31m[1m^[22m[39m[31m[1m^[22m[39m[31m[1m^[22m[39m[31m[1m^[22m[39m[31m[1m^[22m[39m[31m[1m^[22m[39m[31m[1m^[22m[39m[31m[1m^[22m[39m[31m[1m^[22m[39m[31m[1m^[22m[39m[31m[1m^[22m[39m[31m[1m^[22m[39m[31m[1m^[22m[39m[31m[1m^[22m[39m[31m[1m^[22m[39m[31m[1m^[22m[39m[31m[1m^[22m[39m[31m[1m^[22m[39m[31m[1m^[22m[39m[31m[1m^[22m[39m[31m[1m^[22m[39m[31m[1m^[22m[39m[31m[1m^[22m[39m[31m[1m^[22m[39m[31m[1m^[22m[39m[31m[1m^[22m[39m[31m[1m^[22m[39m[31m[1m^[22m[39m[31m[1m^[22m[39m[31m[1m^[22m[39m[31m[1m^[22m[39m[31m[1m^[22m[39m[31m[1m^[22m[39m[31m[1m^[22m[39m[31m[1m^[22m[39m[31m[1m^[22m[39m[31m[1m^[22m[39m[31m[1m^[22m[39m[31m[1m^[22m[39m[31m[1m^[22m[39m[31m[1m^[22m[39m[31m[1m^[22m[39m[31m[1m^[22m[39m[31m[1m^[22m[39m[31m[1m^[22m[39m[31m[1m^[22m[39m[31m[1m^[22m[39m[31m[1m^[22m[39m[31m[1m^[22m[39m[31m[1m^[22m[39m[31m[1m^[22m[39m[31m[1m^[22m[39m[31m[1m^[22m[39m[31m[1m^[22m[39m[31m[1m^[22m[39m[31m[1m^[22m[39m[31m[1m^[22m[39m[31m[1m^[22m[39m[31m[1m^[22m[39m[31m[1m^[22m[39m[31m[1m^[22m[39m[31m[1m^[22m[39m[31m[1m^[22m[39m[31m[1m^[22m[39m[31m[1m^[22m[39m[31m[1m^[22m[39m[31m[1m^[22m[39m[31m[1m^[22m[39m[31m[1m^[22m[39m[31m[1m^[22m[39m[31m[1m^[22m[39m[31m[1m^[22m[39m[31m[1m^[22m[39m[31m[1m^[22m[39m[31m[1m^[22m[39m[31m[1m^[22m[39m[31m[1m^[22m[39m[31m[1m^[22m[39m[31m[1m^[22m[39m[31m[1m^[22m[39m[31m[1m^[22m[39m[31m[1m^[22m[39m[31m[1m^[22m[39m[31m[1m^[22m[39m[31m[1m^[22m[39m[31m[1m^[22m[39m[31m[1m^[22m[39m
 [90m 21 |[39m
 [90m 22 |[39m [36mconst[39m menuItems [33m=[39m [
 [90m 23 |[39m   {[0m

Import map: aliased to relative './components/ui/tooltip' inside of [project]/Project/engine-calc-id


Import traces:
  Client Component Browser:
    ./Project/engine-calc-id/components/sidebar.tsx [Client Component Browser]
    ./Project/engine-calc-id/app/calculators/layout.tsx [Client Component Browser]
    ./Project/engine-calc-id/app/calculators/layout.tsx [Server Component]

  Client Component SSR:
    ./Project/engine-calc-id/components/sidebar.tsx [Client Component SSR]
    ./Project/engine-calc-id/app/calculators/layout.tsx [Client Component SSR]
    ./Project/engine-calc-id/app/calculators/layout.tsx [Server Component]

https://nextjs.org/docs/messages/module-not-found


 ⨯ ./Project/engine-calc-id/components/sidebar.tsx:20:1
Module not found: Can't resolve '@/components/ui/tooltip'
[0m [90m 18 |[39m [36mimport[39m { useState[33m,[39m useEffect } [36mfrom[39m [32m"react"[39m[33m;[39m
 [90m 19 |[39m [36mimport[39m { cn } [36mfrom[39m [32m"@/lib/utils"[39m[33m;[39m
[31m[1m>[22m[39m[90m 20 |[39m [36mimport[39m { [33mTooltip[39m[33m,[39m [33mTooltipContent[39m[33m,[39m [33mTooltipProvider[39m[33m,[39m [33mTooltipTrigger[39m } [36mfrom[39m [32m"@/components/ui/tooltip"[39m[33m;[39m
 [90m    |[39m [31m[1m^[22m[39m[31m[1m^[22m[39m[31m[1m^[22m[39m[31m[1m^[22m[39m[31m[1m^[22m[39m[31m[1m^[22m[39m[31m[1m^[22m[39m[31m[1m^[22m[39m[31m[1m^[22m[39m[31m[1m^[22m[39m[31m[1m^[22m[39m[31m[1m^[22m[39m[31m[1m^[22m[39m[31m[1m^[22m[39m[31m[1m^[22m[39m[31m[1m^[22m[39m[31m[1m^[22m[39m[31m[1m^[22m[39m[31m[1m^[22m[39m[31m[1m^[22m[39m[31m[1m^[22m[39m[31m[1m^[22m[39m[31m[1m^[22m[39m[31m[1m^[22m[39m[31m[1m^[22m[39m[31m[1m^[22m[39m[31m[1m^[22m[39m[31m[1m^[22m[39m[31m[1m^[22m[39m[31m[1m^[22m[39m[31m[1m^[22m[39m[31m[1m^[22m[39m[31m[1m^[22m[39m[31m[1m^[22m[39m[31m[1m^[22m[39m[31m[1m^[22m[39m[31m[1m^[22m[39m[31m[1m^[22m[39m[31m[1m^[22m[39m[31m[1m^[22m[39m[31m[1m^[22m[39m[31m[1m^[22m[39m[31m[1m^[22m[39m[31m[1m^[22m[39m[31m[1m^[22m[39m[31m[1m^[22m[39m[31m[1m^[22m[39m[31m[1m^[22m[39m[31m[1m^[22m[39m[31m[1m^[22m[39m[31m[1m^[22m[39m[31m[1m^[22m[39m[31m[1m^[22m[39m[31m[1m^[22m[39m[31m[1m^[22m[39m[31m[1m^[22m[39m[31m[1m^[22m[39m[31m[1m^[22m[39m[31m[1m^[22m[39m[31m[1m^[22m[39m[31m[1m^[22m[39m[31m[1m^[22m[39m[31m[1m^[22m[39m[31m[1m^[22m[39m[31m[1m^[22m[39m[31m[1m^[22m[39m[31m[1m^[22m[39m[31m[1m^[22m[39m[31m[1m^[22m[39m[31m[1m^[22m[39m[31m[1m^[22m[39m[31m[1m^[22m[39m[31m[1m^[22m[39m[31m[1m^[22m[39m[31m[1m^[22m[39m[31m[1m^[22m[39m[31m[1m^[22m[39m[31m[1m^[22m[39m[31m[1m^[22m[39m[31m[1m^[22m[39m[31m[1m^[22m[39m[31m[1m^[22m[39m[31m[1m^[22m[39m[31m[1m^[22m[39m[31m[1m^[22m[39m[31m[1m^[22m[39m[31m[1m^[22m[39m[31m[1m^[22m[39m[31m[1m^[22m[39m[31m[1m^[22m[39m[31m[1m^[22m[39m[31m[1m^[22m[39m[31m[1m^[22m[39m[31m[1m^[22m[39m[31m[1m^[22m[39m[31m[1m^[22m[39m[31m[1m^[22m[39m[31m[1m^[22m[39m[31m[1m^[22m[39m
 [90m 21 |[39m
 [90m 22 |[39m [36mconst[39m menuItems [33m=[39m [
 [90m 23 |[39m   {[0m

Import map: aliased to relative './components/ui/tooltip' inside of [project]/Project/engine-calc-id


Import traces:
  Client Component Browser:
    ./Project/engine-calc-id/components/sidebar.tsx [Client Component Browser]
    ./Project/engine-calc-id/app/calculators/layout.tsx [Client Component Browser]
    ./Project/engine-calc-id/app/calculators/layout.tsx [Server Component]

  Client Component SSR:
    ./Project/engine-calc-id/components/sidebar.tsx [Client Component SSR]
    ./Project/engine-calc-id/app/calculators/layout.tsx [Client Component SSR]
    ./Project/engine-calc-id/app/calculators/layout.tsx [Server Component]

https://nextjs.org/docs/messages/module-not-found


 ⨯ ./Project/engine-calc-id/components/sidebar.tsx:20:1
Module not found: Can't resolve '@/components/ui/tooltip'
[0m [90m 18 |[39m [36mimport[39m { useState[33m,[39m useEffect } [36mfrom[39m [32m"react"[39m[33m;[39m
 [90m 19 |[39m [36mimport[39m { cn } [36mfrom[39m [32m"@/lib/utils"[39m[33m;[39m
[31m[1m>[22m[39m[90m 20 |[39m [36mimport[39m { [33mTooltip[39m[33m,[39m [33mTooltipContent[39m[33m,[39m [33mTooltipProvider[39m[33m,[39m [33mTooltipTrigger[39m } [36mfrom[39m [32m"@/components/ui/tooltip"[39m[33m;[39m
 [90m    |[39m [31m[1m^[22m[39m[31m[1m^[22m[39m[31m[1m^[22m[39m[31m[1m^[22m[39m[31m[1m^[22m[39m[31m[1m^[22m[39m[31m[1m^[22m[39m[31m[1m^[22m[39m[31m[1m^[22m[39m[31m[1m^[22m[39m[31m[1m^[22m[39m[31m[1m^[22m[39m[31m[1m^[22m[39m[31m[1m^[22m[39m[31m[1m^[22m[39m[31m[1m^[22m[39m[31m[1m^[22m[39m[31m[1m^[22m[39m[31m[1m^[22m[39m[31m[1m^[22m[39m[31m[1m^[22m[39m[31m[1m^[22m[39m[31m[1m^[22m[39m[31m[1m^[22m[39m[31m[1m^[22m[39m[31m[1m^[22m[39m[31m[1m^[22m[39m[31m[1m^[22m[39m[31m[1m^[22m[39m[31m[1m^[22m[39m[31m[1m^[22m[39m[31m[1m^[22m[39m[31m[1m^[22m[39m[31m[1m^[22m[39m[31m[1m^[22m[39m[31m[1m^[22m[39m[31m[1m^[22m[39m[31m[1m^[22m[39m[31m[1m^[22m[39m[31m[1m^[22m[39m[31m[1m^[22m[39m[31m[1m^[22m[39m[31m[1m^[22m[39m[31m[1m^[22m[39m[31m[1m^[22m[39m[31m[1m^[22m[39m[31m[1m^[22m[39m[31m[1m^[22m[39m[31m[1m^[22m[39m[31m[1m^[22m[39m[31m[1m^[22m[39m[31m[1m^[22m[39m[31m[1m^[22m[39m[31m[1m^[22m[39m[31m[1m^[22m[39m[31m[1m^[22m[39m[31m[1m^[22m[39m[31m[1m^[22m[39m[31m[1m^[22m[39m[31m[1m^[22m[39m[31m[1m^[22m[39m[31m[1m^[22m[39m[31m[1m^[22m[39m[31m[1m^[22m[39m[31m[1m^[22m[39m[31m[1m^[22m[39m[31m[1m^[22m[39m[31m[1m^[22m[39m[31m[1m^[22m[39m[31m[1m^[22m[39m[31m[1m^[22m[39m[31m[1m^[22m[39m[31m[1m^[22m[39m[31m[1m^[22m[39m[31m[1m^[22m[39m[31m[1m^[22m[39m[31m[1m^[22m[39m[31m[1m^[22m[39m[31m[1m^[22m[39m[31m[1m^[22m[39m[31m[1m^[22m[39m[31m[1m^[22m[39m[31m[1m^[22m[39m[31m[1m^[22m[39m[31m[1m^[22m[39m[31m[1m^[22m[39m[31m[1m^[22m[39m[31m[1m^[22m[39m[31m[1m^[22m[39m[31m[1m^[22m[39m[31m[1m^[22m[39m[31m[1m^[22m[39m[31m[1m^[22m[39m[31m[1m^[22m[39m[31m[1m^[22m[39m[31m[1m^[22m[39m[31m[1m^[22m[39m[31m[1m^[22m[39m[31m[1m^[22m[39m
 [90m 21 |[39m
 [90m 22 |[39m [36mconst[39m menuItems [33m=[39m [
 [90m 23 |[39m   {[0m

Import map: aliased to relative './components/ui/tooltip' inside of [project]/Project/engine-calc-id


Import traces:
  Client Component Browser:
    ./Project/engine-calc-id/components/sidebar.tsx [Client Component Browser]
    ./Project/engine-calc-id/app/calculators/layout.tsx [Client Component Browser]
    ./Project/engine-calc-id/app/calculators/layout.tsx [Server Component]

  Client Component SSR:
    ./Project/engine-calc-id/components/sidebar.tsx [Client Component SSR]
    ./Project/engine-calc-id/app/calculators/layout.tsx [Client Component SSR]
    ./Project/engine-calc-id/app/calculators/layout.tsx [Server Component]

https://nextjs.org/docs/messages/module-not-found


 ⨯ ./Project/engine-calc-id/components/sidebar.tsx:20:1
Module not found: Can't resolve '@/components/ui/tooltip'
[0m [90m 18 |[39m [36mimport[39m { useState[33m,[39m useEffect } [36mfrom[39m [32m"react"[39m[33m;[39m
 [90m 19 |[39m [36mimport[39m { cn } [36mfrom[39m [32m"@/lib/utils"[39m[33m;[39m
[31m[1m>[22m[39m[90m 20 |[39m [36mimport[39m { [33mTooltip[39m[33m,[39m [33mTooltipContent[39m[33m,[39m [33mTooltipProvider[39m[33m,[39m [33mTooltipTrigger[39m } [36mfrom[39m [32m"@/components/ui/tooltip"[39m[33m;[39m
 [90m    |[39m [31m[1m^[22m[39m[31m[1m^[22m[39m[31m[1m^[22m[39m[31m[1m^[22m[39m[31m[1m^[22m[39m[31m[1m^[22m[39m[31m[1m^[22m[39m[31m[1m^[22m[39m[31m[1m^[22m[39m[31m[1m^[22m[39m[31m[1m^[22m[39m[31m[1m^[22m[39m[31m[1m^[22m[39m[31m[1m^[22m[39m[31m[1m^[22m[39m[31m[1m^[22m[39m[31m[1m^[22m[39m[31m[1m^[22m[39m[31m[1m^[22m[39m[31m[1m^[22m[39m[31m[1m^[22m[39m[31m[1m^[22m[39m[31m[1m^[22m[39m[31m[1m^[22m[39m[31m[1m^[22m[39m[31m[1m^[22m[39m[31m[1m^[22m[39m[31m[1m^[22m[39m[31m[1m^[22m[39m[31m[1m^[22m[39m[31m[1m^[22m[39m[31m[1m^[22m[39m[31m[1m^[22m[39m[31m[1m^[22m[39m[31m[1m^[22m[39m[31m[1m^[22m[39m[31m[1m^[22m[39m[31m[1m^[22m[39m[31m[1m^[22m[39m[31m[1m^[22m[39m[31m[1m^[22m[39m[31m[1m^[22m[39m[31m[1m^[22m[39m[31m[1m^[22m[39m[31m[1m^[22m[39m[31m[1m^[22m[39m[31m[1m^[22m[39m[31m[1m^[22m[39m[31m[1m^[22m[39m[31m[1m^[22m[39m[31m[1m^[22m[39m[31m[1m^[22m[39m[31m[1m^[22m[39m[31m[1m^[22m[39m[31m[1m^[22m[39m[31m[1m^[22m[39m[31m[1m^[22m[39m[31m[1m^[22m[39m[31m[1m^[22m[39m[31m[1m^[22m[39m[31m[1m^[22m[39m[31m[1m^[22m[39m[31m[1m^[22m[39m[31m[1m^[22m[39m[31m[1m^[22m[39m[31m[1m^[22m[39m[31m[1m^[22m[39m[31m[1m^[22m[39m[31m[1m^[22m[39m[31m[1m^[22m[39m[31m[1m^[22m[39m[31m[1m^[22m[39m[31m[1m^[22m[39m[31m[1m^[22m[39m[31m[1m^[22m[39m[31m[1m^[22m[39m[31m[1m^[22m[39m[31m[1m^[22m[39m[31m[1m^[22m[39m[31m[1m^[22m[39m[31m[1m^[22m[39m[31m[1m^[22m[39m[31m[1m^[22m[39m[31m[1m^[22m[39m[31m[1m^[22m[39m[31m[1m^[22m[39m[31m[1m^[22m[39m[31m[1m^[22m[39m[31m[1m^[22m[39m[31m[1m^[22m[39m[31m[1m^[22m[39m[31m[1m^[22m[39m[31m[1m^[22m[39m[31m[1m^[22m[39m[31m[1m^[22m[39m[31m[1m^[22m[39m[31m[1m^[22m[39m[31m[1m^[22m[39m[31m[1m^[22m[39m
 [90m 21 |[39m
 [90m 22 |[39m [36mconst[39m menuItems [33m=[39m [
 [90m 23 |[39m   {[0m

Import map: aliased to relative './components/ui/tooltip' inside of [project]/Project/engine-calc-id


Import traces:
  Client Component Browser:
    ./Project/engine-calc-id/components/sidebar.tsx [Client Component Browser]
    ./Project/engine-calc-id/app/calculators/layout.tsx [Client Component Browser]
    ./Project/engine-calc-id/app/calculators/layout.tsx [Server Component]

  Client Component SSR:
    ./Project/engine-calc-id/components/sidebar.tsx [Client Component SSR]
    ./Project/engine-calc-id/app/calculators/layout.tsx [Client Component SSR]
    ./Project/engine-calc-id/app/calculators/layout.tsx [Server Component]

https://nextjs.org/docs/messages/module-not-found


 ⨯ ./Project/engine-calc-id/components/sidebar.tsx:20:1
Module not found: Can't resolve '@/components/ui/tooltip'
[0m [90m 18 |[39m [36mimport[39m { useState[33m,[39m useEffect } [36mfrom[39m [32m"react"[39m[33m;[39m
 [90m 19 |[39m [36mimport[39m { cn } [36mfrom[39m [32m"@/lib/utils"[39m[33m;[39m
[31m[1m>[22m[39m[90m 20 |[39m [36mimport[39m { [33mTooltip[39m[33m,[39m [33mTooltipContent[39m[33m,[39m [33mTooltipProvider[39m[33m,[39m [33mTooltipTrigger[39m } [36mfrom[39m [32m"@/components/ui/tooltip"[39m[33m;[39m
 [90m    |[39m [31m[1m^[22m[39m[31m[1m^[22m[39m[31m[1m^[22m[39m[31m[1m^[22m[39m[31m[1m^[22m[39m[31m[1m^[22m[39m[31m[1m^[22m[39m[31m[1m^[22m[39m[31m[1m^[22m[39m[31m[1m^[22m[39m[31m[1m^[22m[39m[31m[1m^[22m[39m[31m[1m^[22m[39m[31m[1m^[22m[39m[31m[1m^[22m[39m[31m[1m^[22m[39m[31m[1m^[22m[39m[31m[1m^[22m[39m[31m[1m^[22m[39m[31m[1m^[22m[39m[31m[1m^[22m[39m[31m[1m^[22m[39m[31m[1m^[22m[39m[31m[1m^[22m[39m[31m[1m^[22m[39m[31m[1m^[22m[39m[31m[1m^[22m[39m[31m[1m^[22m[39m[31m[1m^[22m[39m[31m[1m^[22m[39m[31m[1m^[22m[39m[31m[1m^[22m[39m[31m[1m^[22m[39m[31m[1m^[22m[39m[31m[1m^[22m[39m[31m[1m^[22m[39m[31m[1m^[22m[39m[31m[1m^[22m[39m[31m[1m^[22m[39m[31m[1m^[22m[39m[31m[1m^[22m[39m[31m[1m^[22m[39m[31m[1m^[22m[39m[31m[1m^[22m[39m[31m[1m^[22m[39m[31m[1m^[22m[39m[31m[1m^[22m[39m[31m[1m^[22m[39m[31m[1m^[22m[39m[31m[1m^[22m[39m[31m[1m^[22m[39m[31m[1m^[22m[39m[31m[1m^[22m[39m[31m[1m^[22m[39m[31m[1m^[22m[39m[31m[1m^[22m[39m[31m[1m^[22m[39m[31m[1m^[22m[39m[31m[1m^[22m[39m[31m[1m^[22m[39m[31m[1m^[22m[39m[31m[1m^[22m[39m[31m[1m^[22m[39m[31m[1m^[22m[39m[31m[1m^[22m[39m[31m[1m^[22m[39m[31m[1m^[22m[39m[31m[1m^[22m[39m[31m[1m^[22m[39m[31m[1m^[22m[39m[31m[1m^[22m[39m[31m[1m^[22m[39m[31m[1m^[22m[39m[31m[1m^[22m[39m[31m[1m^[22m[39m[31m[1m^[22m[39m[31m[1m^[22m[39m[31m[1m^[22m[39m[31m[1m^[22m[39m[31m[1m^[22m[39m[31m[1m^[22m[39m[31m[1m^[22m[39m[31m[1m^[22m[39m[31m[1m^[22m[39m[31m[1m^[22m[39m[31m[1m^[22m[39m[31m[1m^[22m[39m[31m[1m^[22m[39m[31m[1m^[22m[39m[31m[1m^[22m[39m[31m[1m^[22m[39m[31m[1m^[22m[39m[31m[1m^[22m[39m[31m[1m^[22m[39m[31m[1m^[22m[39m[31m[1m^[22m[39m[31m[1m^[22m[39m[31m[1m^[22m[39m[31m[1m^[22m[39m
 [90m 21 |[39m
 [90m 22 |[39m [36mconst[39m menuItems [33m=[39m [
 [90m 23 |[39m   {[0m

Import map: aliased to relative './components/ui/tooltip' inside of [project]/Project/engine-calc-id


Import traces:
  Client Component Browser:
    ./Project/engine-calc-id/components/sidebar.tsx [Client Component Browser]
    ./Project/engine-calc-id/app/calculators/layout.tsx [Client Component Browser]
    ./Project/engine-calc-id/app/calculators/layout.tsx [Server Component]

  Client Component SSR:
    ./Project/engine-calc-id/components/sidebar.tsx [Client Component SSR]
    ./Project/engine-calc-id/app/calculators/layout.tsx [Client Component SSR]
    ./Project/engine-calc-id/app/calculators/layout.tsx [Server Component]

https://nextjs.org/docs/messages/module-not-found


 ⨯ ./Project/engine-calc-id/components/sidebar.tsx:20:1
Module not found: Can't resolve '@/components/ui/tooltip'
[0m [90m 18 |[39m [36mimport[39m { useState[33m,[39m useEffect } [36mfrom[39m [32m"react"[39m[33m;[39m
 [90m 19 |[39m [36mimport[39m { cn } [36mfrom[39m [32m"@/lib/utils"[39m[33m;[39m
[31m[1m>[22m[39m[90m 20 |[39m [36mimport[39m { [33mTooltip[39m[33m,[39m [33mTooltipContent[39m[33m,[39m [33mTooltipProvider[39m[33m,[39m [33mTooltipTrigger[39m } [36mfrom[39m [32m"@/components/ui/tooltip"[39m[33m;[39m
 [90m    |[39m [31m[1m^[22m[39m[31m[1m^[22m[39m[31m[1m^[22m[39m[31m[1m^[22m[39m[31m[1m^[22m[39m[31m[1m^[22m[39m[31m[1m^[22m[39m[31m[1m^[22m[39m[31m[1m^[22m[39m[31m[1m^[22m[39m[31m[1m^[22m[39m[31m[1m^[22m[39m[31m[1m^[22m[39m[31m[1m^[22m[39m[31m[1m^[22m[39m[31m[1m^[22m[39m[31m[1m^[22m[39m[31m[1m^[22m[39m[31m[1m^[22m[39m[31m[1m^[22m[39m[31m[1m^[22m[39m[31m[1m^[22m[39m[31m[1m^[22m[39m[31m[1m^[22m[39m[31m[1m^[22m[39m[31m[1m^[22m[39m[31m[1m^[22m[39m[31m[1m^[22m[39m[31m[1m^[22m[39m[31m[1m^[22m[39m[31m[1m^[22m[39m[31m[1m^[22m[39m[31m[1m^[22m[39m[31m[1m^[22m[39m[31m[1m^[22m[39m[31m[1m^[22m[39m[31m[1m^[22m[39m[31m[1m^[22m[39m[31m[1m^[22m[39m[31m[1m^[22m[39m[31m[1m^[22m[39m[31m[1m^[22m[39m[31m[1m^[22m[39m[31m[1m^[22m[39m[31m[1m^[22m[39m[31m[1m^[22m[39m[31m[1m^[22m[39m[31m[1m^[22m[39m[31m[1m^[22m[39m[31m[1m^[22m[39m[31m[1m^[22m[39m[31m[1m^[22m[39m[31m[1m^[22m[39m[31m[1m^[22m[39m[31m[1m^[22m[39m[31m[1m^[22m[39m[31m[1m^[22m[39m[31m[1m^[22m[39m[31m[1m^[22m[39m[31m[1m^[22m[39m[31m[1m^[22m[39m[31m[1m^[22m[39m[31m[1m^[22m[39m[31m[1m^[22m[39m[31m[1m^[22m[39m[31m[1m^[22m[39m[31m[1m^[22m[39m[31m[1m^[22m[39m[31m[1m^[22m[39m[31m[1m^[22m[39m[31m[1m^[22m[39m[31m[1m^[22m[39m[31m[1m^[22m[39m[31m[1m^[22m[39m[31m[1m^[22m[39m[31m[1m^[22m[39m[31m[1m^[22m[39m[31m[1m^[22m[39m[31m[1m^[22m[39m[31m[1m^[22m[39m[31m[1m^[22m[39m[31m[1m^[22m[39m[31m[1m^[22m[39m[31m[1m^[22m[39m[31m[1m^[22m[39m[31m[1m^[22m[39m[31m[1m^[22m[39m[31m[1m^[22m[39m[31m[1m^[22m[39m[31m[1m^[22m[39m[31m[1m^[22m[39m[31m[1m^[22m[39m[31m[1m^[22m[39m[31m[1m^[22m[39m[31m[1m^[22m[39m[31m[1m^[22m[39m[31m[1m^[22m[39m[31m[1m^[22m[39m[31m[1m^[22m[39m
 [90m 21 |[39m
 [90m 22 |[39m [36mconst[39m menuItems [33m=[39m [
 [90m 23 |[39m   {[0m

Import map: aliased to relative './components/ui/tooltip' inside of [project]/Project/engine-calc-id


Import traces:
  Client Component Browser:
    ./Project/engine-calc-id/components/sidebar.tsx [Client Component Browser]
    ./Project/engine-calc-id/app/calculators/layout.tsx [Client Component Browser]
    ./Project/engine-calc-id/app/calculators/layout.tsx [Server Component]

  Client Component SSR:
    ./Project/engine-calc-id/components/sidebar.tsx [Client Component SSR]
    ./Project/engine-calc-id/app/calculators/layout.tsx [Client Component SSR]
    ./Project/engine-calc-id/app/calculators/layout.tsx [Server Component]

https://nextjs.org/docs/messages/module-not-found


 ⨯ ./Project/engine-calc-id/components/sidebar.tsx:20:1
Module not found: Can't resolve '@/components/ui/tooltip'
[0m [90m 18 |[39m [36mimport[39m { useState[33m,[39m useEffect } [36mfrom[39m [32m"react"[39m[33m;[39m
 [90m 19 |[39m [36mimport[39m { cn } [36mfrom[39m [32m"@/lib/utils"[39m[33m;[39m
[31m[1m>[22m[39m[90m 20 |[39m [36mimport[39m { [33mTooltip[39m[33m,[39m [33mTooltipContent[39m[33m,[39m [33mTooltipProvider[39m[33m,[39m [33mTooltipTrigger[39m } [36mfrom[39m [32m"@/components/ui/tooltip"[39m[33m;[39m
 [90m    |[39m [31m[1m^[22m[39m[31m[1m^[22m[39m[31m[1m^[22m[39m[31m[1m^[22m[39m[31m[1m^[22m[39m[31m[1m^[22m[39m[31m[1m^[22m[39m[31m[1m^[22m[39m[31m[1m^[22m[39m[31m[1m^[22m[39m[31m[1m^[22m[39m[31m[1m^[22m[39m[31m[1m^[22m[39m[31m[1m^[22m[39m[31m[1m^[22m[39m[31m[1m^[22m[39m[31m[1m^[22m[39m[31m[1m^[22m[39m[31m[1m^[22m[39m[31m[1m^[22m[39m[31m[1m^[22m[39m[31m[1m^[22m[39m[31m[1m^[22m[39m[31m[1m^[22m[39m[31m[1m^[22m[39m[31m[1m^[22m[39m[31m[1m^[22m[39m[31m[1m^[22m[39m[31m[1m^[22m[39m[31m[1m^[22m[39m[31m[1m^[22m[39m[31m[1m^[22m[39m[31m[1m^[22m[39m[31m[1m^[22m[39m[31m[1m^[22m[39m[31m[1m^[22m[39m[31m[1m^[22m[39m[31m[1m^[22m[39m[31m[1m^[22m[39m[31m[1m^[22m[39m[31m[1m^[22m[39m[31m[1m^[22m[39m[31m[1m^[22m[39m[31m[1m^[22m[39m[31m[1m^[22m[39m[31m[1m^[22m[39m[31m[1m^[22m[39m[31m[1m^[22m[39m[31m[1m^[22m[39m[31m[1m^[22m[39m[31m[1m^[22m[39m[31m[1m^[22m[39m[31m[1m^[22m[39m[31m[1m^[22m[39m[31m[1m^[22m[39m[31m[1m^[22m[39m[31m[1m^[22m[39m[31m[1m^[22m[39m[31m[1m^[22m[39m[31m[1m^[22m[39m[31m[1m^[22m[39m[31m[1m^[22m[39m[31m[1m^[22m[39m[31m[1m^[22m[39m[31m[1m^[22m[39m[31m[1m^[22m[39m[31m[1m^[22m[39m[31m[1m^[22m[39m[31m[1m^[22m[39m[31m[1m^[22m[39m[31m[1m^[22m[39m[31m[1m^[22m[39m[31m[1m^[22m[39m[31m[1m^[22m[39m[31m[1m^[22m[39m[31m[1m^[22m[39m[31m[1m^[22m[39m[31m[1m^[22m[39m[31m[1m^[22m[39m[31m[1m^[22m[39m[31m[1m^[22m[39m[31m[1m^[22m[39m[31m[1m^[22m[39m[31m[1m^[22m[39m[31m[1m^[22m[39m[31m[1m^[22m[39m[31m[1m^[22m[39m[31m[1m^[22m[39m[31m[1m^[22m[39m[31m[1m^[22m[39m[31m[1m^[22m[39m[31m[1m^[22m[39m[31m[1m^[22m[39m[31m[1m^[22m[39m[31m[1m^[22m[39m[31m[1m^[22m[39m[31m[1m^[22m[39m[31m[1m^[22m[39m[31m[1m^[22m[39m
 [90m 21 |[39m
 [90m 22 |[39m [36mconst[39m menuItems [33m=[39m [
 [90m 23 |[39m   {[0m

Import map: aliased to relative './components/ui/tooltip' inside of [project]/Project/engine-calc-id


Import traces:
  Client Component Browser:
    ./Project/engine-calc-id/components/sidebar.tsx [Client Component Browser]
    ./Project/engine-calc-id/app/calculators/layout.tsx [Client Component Browser]
    ./Project/engine-calc-id/app/calculators/layout.tsx [Server Component]

  Client Component SSR:
    ./Project/engine-calc-id/components/sidebar.tsx [Client Component SSR]
    ./Project/engine-calc-id/app/calculators/layout.tsx [Client Component SSR]
    ./Project/engine-calc-id/app/calculators/layout.tsx [Server Component]

https://nextjs.org/docs/messages/module-not-found


 ⨯ ./Project/engine-calc-id/components/sidebar.tsx:20:1
Module not found: Can't resolve '@/components/ui/tooltip'
[0m [90m 18 |[39m [36mimport[39m { useState[33m,[39m useEffect } [36mfrom[39m [32m"react"[39m[33m;[39m
 [90m 19 |[39m [36mimport[39m { cn } [36mfrom[39m [32m"@/lib/utils"[39m[33m;[39m
[31m[1m>[22m[39m[90m 20 |[39m [36mimport[39m { [33mTooltip[39m[33m,[39m [33mTooltipContent[39m[33m,[39m [33mTooltipProvider[39m[33m,[39m [33mTooltipTrigger[39m } [36mfrom[39m [32m"@/components/ui/tooltip"[39m[33m;[39m
 [90m    |[39m [31m[1m^[22m[39m[31m[1m^[22m[39m[31m[1m^[22m[39m[31m[1m^[22m[39m[31m[1m^[22m[39m[31m[1m^[22m[39m[31m[1m^[22m[39m[31m[1m^[22m[39m[31m[1m^[22m[39m[31m[1m^[22m[39m[31m[1m^[22m[39m[31m[1m^[22m[39m[31m[1m^[22m[39m[31m[1m^[22m[39m[31m[1m^[22m[39m[31m[1m^[22m[39m[31m[1m^[22m[39m[31m[1m^[22m[39m[31m[1m^[22m[39m[31m[1m^[22m[39m[31m[1m^[22m[39m[31m[1m^[22m[39m[31m[1m^[22m[39m[31m[1m^[22m[39m[31m[1m^[22m[39m[31m[1m^[22m[39m[31m[1m^[22m[39m[31m[1m^[22m[39m[31m[1m^[22m[39m[31m[1m^[22m[39m[31m[1m^[22m[39m[31m[1m^[22m[39m[31m[1m^[22m[39m[31m[1m^[22m[39m[31m[1m^[22m[39m[31m[1m^[22m[39m[31m[1m^[22m[39m[31m[1m^[22m[39m[31m[1m^[22m[39m[31m[1m^[22m[39m[31m[1m^[22m[39m[31m[1m^[22m[39m[31m[1m^[22m[39m[31m[1m^[22m[39m[31m[1m^[22m[39m[31m[1m^[22m[39m[31m[1m^[22m[39m[31m[1m^[22m[39m[31m[1m^[22m[39m[31m[1m^[22m[39m[31m[1m^[22m[39m[31m[1m^[22m[39m[31m[1m^[22m[39m[31m[1m^[22m[39m[31m[1m^[22m[39m[31m[1m^[22m[39m[31m[1m^[22m[39m[31m[1m^[22m[39m[31m[1m^[22m[39m[31m[1m^[22m[39m[31m[1m^[22m[39m[31m[1m^[22m[39m[31m[1m^[22m[39m[31m[1m^[22m[39m[31m[1m^[22m[39m[31m[1m^[22m[39m[31m[1m^[22m[39m[31m[1m^[22m[39m[31m[1m^[22m[39m[31m[1m^[22m[39m[31m[1m^[22m[39m[31m[1m^[22m[39m[31m[1m^[22m[39m[31m[1m^[22m[39m[31m[1m^[22m[39m[31m[1m^[22m[39m[31m[1m^[22m[39m[31m[1m^[22m[39m[31m[1m^[22m[39m[31m[1m^[22m[39m[31m[1m^[22m[39m[31m[1m^[22m[39m[31m[1m^[22m[39m[31m[1m^[22m[39m[31m[1m^[22m[39m[31m[1m^[22m[39m[31m[1m^[22m[39m[31m[1m^[22m[39m[31m[1m^[22m[39m[31m[1m^[22m[39m[31m[1m^[22m[39m[31m[1m^[22m[39m[31m[1m^[22m[39m[31m[1m^[22m[39m[31m[1m^[22m[39m[31m[1m^[22m[39m[31m[1m^[22m[39m[31m[1m^[22m[39m[31m[1m^[22m[39m
 [90m 21 |[39m
 [90m 22 |[39m [36mconst[39m menuItems [33m=[39m [
 [90m 23 |[39m   {[0m

Import map: aliased to relative './components/ui/tooltip' inside of [project]/Project/engine-calc-id


Import traces:
  Client Component Browser:
    ./Project/engine-calc-id/components/sidebar.tsx [Client Component Browser]
    ./Project/engine-calc-id/app/calculators/layout.tsx [Client Component Browser]
    ./Project/engine-calc-id/app/calculators/layout.tsx [Server Component]

  Client Component SSR:
    ./Project/engine-calc-id/components/sidebar.tsx [Client Component SSR]
    ./Project/engine-calc-id/app/calculators/layout.tsx [Client Component SSR]
    ./Project/engine-calc-id/app/calculators/layout.tsx [Server Component]

https://nextjs.org/docs/messages/module-not-found


 ⨯ ./Project/engine-calc-id/components/sidebar.tsx:20:1
Module not found: Can't resolve '@/components/ui/tooltip'
[0m [90m 18 |[39m [36mimport[39m { useState[33m,[39m useEffect } [36mfrom[39m [32m"react"[39m[33m;[39m
 [90m 19 |[39m [36mimport[39m { cn } [36mfrom[39m [32m"@/lib/utils"[39m[33m;[39m
[31m[1m>[22m[39m[90m 20 |[39m [36mimport[39m { [33mTooltip[39m[33m,[39m [33mTooltipContent[39m[33m,[39m [33mTooltipProvider[39m[33m,[39m [33mTooltipTrigger[39m } [36mfrom[39m [32m"@/components/ui/tooltip"[39m[33m;[39m
 [90m    |[39m [31m[1m^[22m[39m[31m[1m^[22m[39m[31m[1m^[22m[39m[31m[1m^[22m[39m[31m[1m^[22m[39m[31m[1m^[22m[39m[31m[1m^[22m[39m[31m[1m^[22m[39m[31m[1m^[22m[39m[31m[1m^[22m[39m[31m[1m^[22m[39m[31m[1m^[22m[39m[31m[1m^[22m[39m[31m[1m^[22m[39m[31m[1m^[22m[39m[31m[1m^[22m[39m[31m[1m^[22m[39m[31m[1m^[22m[39m[31m[1m^[22m[39m[31m[1m^[22m[39m[31m[1m^[22m[39m[31m[1m^[22m[39m[31m[1m^[22m[39m[31m[1m^[22m[39m[31m[1m^[22m[39m[31m[1m^[22m[39m[31m[1m^[22m[39m[31m[1m^[22m[39m[31m[1m^[22m[39m[31m[1m^[22m[39m[31m[1m^[22m[39m[31m[1m^[22m[39m[31m[1m^[22m[39m[31m[1m^[22m[39m[31m[1m^[22m[39m[31m[1m^[22m[39m[31m[1m^[22m[39m[31m[1m^[22m[39m[31m[1m^[22m[39m[31m[1m^[22m[39m[31m[1m^[22m[39m[31m[1m^[22m[39m[31m[1m^[22m[39m[31m[1m^[22m[39m[31m[1m^[22m[39m[31m[1m^[22m[39m[31m[1m^[22m[39m[31m[1m^[22m[39m[31m[1m^[22m[39m[31m[1m^[22m[39m[31m[1m^[22m[39m[31m[1m^[22m[39m[31m[1m^[22m[39m[31m[1m^[22m[39m[31m[1m^[22m[39m[31m[1m^[22m[39m[31m[1m^[22m[39m[31m[1m^[22m[39m[31m[1m^[22m[39m[31m[1m^[22m[39m[31m[1m^[22m[39m[31m[1m^[22m[39m[31m[1m^[22m[39m[31m[1m^[22m[39m[31m[1m^[22m[39m[31m[1m^[22m[39m[31m[1m^[22m[39m[31m[1m^[22m[39m[31m[1m^[22m[39m[31m[1m^[22m[39m[31m[1m^[22m[39m[31m[1m^[22m[39m[31m[1m^[22m[39m[31m[1m^[22m[39m[31m[1m^[22m[39m[31m[1m^[22m[39m[31m[1m^[22m[39m[31m[1m^[22m[39m[31m[1m^[22m[39m[31m[1m^[22m[39m[31m[1m^[22m[39m[31m[1m^[22m[39m[31m[1m^[22m[39m[31m[1m^[22m[39m[31m[1m^[22m[39m[31m[1m^[22m[39m[31m[1m^[22m[39m[31m[1m^[22m[39m[31m[1m^[22m[39m[31m[1m^[22m[39m[31m[1m^[22m[39m[31m[1m^[22m[39m[31m[1m^[22m[39m[31m[1m^[22m[39m[31m[1m^[22m[39m[31m[1m^[22m[39m[31m[1m^[22m[39m[31m[1m^[22m[39m[31m[1m^[22m[39m
 [90m 21 |[39m
 [90m 22 |[39m [36mconst[39m menuItems [33m=[39m [
 [90m 23 |[39m   {[0m

Import map: aliased to relative './components/ui/tooltip' inside of [project]/Project/engine-calc-id


Import traces:
  Client Component Browser:
    ./Project/engine-calc-id/components/sidebar.tsx [Client Component Browser]
    ./Project/engine-calc-id/app/calculators/layout.tsx [Client Component Browser]
    ./Project/engine-calc-id/app/calculators/layout.tsx [Server Component]

  Client Component SSR:
    ./Project/engine-calc-id/components/sidebar.tsx [Client Component SSR]
    ./Project/engine-calc-id/app/calculators/layout.tsx [Client Component SSR]
    ./Project/engine-calc-id/app/calculators/layout.tsx [Server Component]

https://nextjs.org/docs/messages/module-not-found


 ⨯ ./Project/engine-calc-id/components/sidebar.tsx:20:1
Module not found: Can't resolve '@/components/ui/tooltip'
[0m [90m 18 |[39m [36mimport[39m { useState[33m,[39m useEffect } [36mfrom[39m [32m"react"[39m[33m;[39m
 [90m 19 |[39m [36mimport[39m { cn } [36mfrom[39m [32m"@/lib/utils"[39m[33m;[39m
[31m[1m>[22m[39m[90m 20 |[39m [36mimport[39m { [33mTooltip[39m[33m,[39m [33mTooltipContent[39m[33m,[39m [33mTooltipProvider[39m[33m,[39m [33mTooltipTrigger[39m } [36mfrom[39m [32m"@/components/ui/tooltip"[39m[33m;[39m
 [90m    |[39m [31m[1m^[22m[39m[31m[1m^[22m[39m[31m[1m^[22m[39m[31m[1m^[22m[39m[31m[1m^[22m[39m[31m[1m^[22m[39m[31m[1m^[22m[39m[31m[1m^[22m[39m[31m[1m^[22m[39m[31m[1m^[22m[39m[31m[1m^[22m[39m[31m[1m^[22m[39m[31m[1m^[22m[39m[31m[1m^[22m[39m[31m[1m^[22m[39m[31m[1m^[22m[39m[31m[1m^[22m[39m[31m[1m^[22m[39m[31m[1m^[22m[39m[31m[1m^[22m[39m[31m[1m^[22m[39m[31m[1m^[22m[39m[31m[1m^[22m[39m[31m[1m^[22m[39m[31m[1m^[22m[39m[31m[1m^[22m[39m[31m[1m^[22m[39m[31m[1m^[22m[39m[31m[1m^[22m[39m[31m[1m^[22m[39m[31m[1m^[22m[39m[31m[1m^[22m[39m[31m[1m^[22m[39m[31m[1m^[22m[39m[31m[1m^[22m[39m[31m[1m^[22m[39m[31m[1m^[22m[39m[31m[1m^[22m[39m[31m[1m^[22m[39m[31m[1m^[22m[39m[31m[1m^[22m[39m[31m[1m^[22m[39m[31m[1m^[22m[39m[31m[1m^[22m[39m[31m[1m^[22m[39m[31m[1m^[22m[39m[31m[1m^[22m[39m[31m[1m^[22m[39m[31m[1m^[22m[39m[31m[1m^[22m[39m[31m[1m^[22m[39m[31m[1m^[22m[39m[31m[1m^[22m[39m[31m[1m^[22m[39m[31m[1m^[22m[39m[31m[1m^[22m[39m[31m[1m^[22m[39m[31m[1m^[22m[39m[31m[1m^[22m[39m[31m[1m^[22m[39m[31m[1m^[22m[39m[31m[1m^[22m[39m[31m[1m^[22m[39m[31m[1m^[22m[39m[31m[1m^[22m[39m[31m[1m^[22m[39m[31m[1m^[22m[39m[31m[1m^[22m[39m[31m[1m^[22m[39m[31m[1m^[22m[39m[31m[1m^[22m[39m[31m[1m^[22m[39m[31m[1m^[22m[39m[31m[1m^[22m[39m[31m[1m^[22m[39m[31m[1m^[22m[39m[31m[1m^[22m[39m[31m[1m^[22m[39m[31m[1m^[22m[39m[31m[1m^[22m[39m[31m[1m^[22m[39m[31m[1m^[22m[39m[31m[1m^[22m[39m[31m[1m^[22m[39m[31m[1m^[22m[39m[31m[1m^[22m[39m[31m[1m^[22m[39m[31m[1m^[22m[39m[31m[1m^[22m[39m[31m[1m^[22m[39m[31m[1m^[22m[39m[31m[1m^[22m[39m[31m[1m^[22m[39m[31m[1m^[22m[39m[31m[1m^[22m[39m[31m[1m^[22m[39m[31m[1m^[22m[39m[31m[1m^[22m[39m[31m[1m^[22m[39m
 [90m 21 |[39m
 [90m 22 |[39m [36mconst[39m menuItems [33m=[39m [
 [90m 23 |[39m   {[0m

Import map: aliased to relative './components/ui/tooltip' inside of [project]/Project/engine-calc-id


Import traces:
  Client Component Browser:
    ./Project/engine-calc-id/components/sidebar.tsx [Client Component Browser]
    ./Project/engine-calc-id/app/calculators/layout.tsx [Client Component Browser]
    ./Project/engine-calc-id/app/calculators/layout.tsx [Server Component]

  Client Component SSR:
    ./Project/engine-calc-id/components/sidebar.tsx [Client Component SSR]
    ./Project/engine-calc-id/app/calculators/layout.tsx [Client Component SSR]
    ./Project/engine-calc-id/app/calculators/layout.tsx [Server Component]

https://nextjs.org/docs/messages/module-not-found


 ⨯ ./Project/engine-calc-id/components/sidebar.tsx:20:1
Module not found: Can't resolve '@/components/ui/tooltip'
[0m [90m 18 |[39m [36mimport[39m { useState[33m,[39m useEffect } [36mfrom[39m [32m"react"[39m[33m;[39m
 [90m 19 |[39m [36mimport[39m { cn } [36mfrom[39m [32m"@/lib/utils"[39m[33m;[39m
[31m[1m>[22m[39m[90m 20 |[39m [36mimport[39m { [33mTooltip[39m[33m,[39m [33mTooltipContent[39m[33m,[39m [33mTooltipProvider[39m[33m,[39m [33mTooltipTrigger[39m } [36mfrom[39m [32m"@/components/ui/tooltip"[39m[33m;[39m
 [90m    |[39m [31m[1m^[22m[39m[31m[1m^[22m[39m[31m[1m^[22m[39m[31m[1m^[22m[39m[31m[1m^[22m[39m[31m[1m^[22m[39m[31m[1m^[22m[39m[31m[1m^[22m[39m[31m[1m^[22m[39m[31m[1m^[22m[39m[31m[1m^[22m[39m[31m[1m^[22m[39m[31m[1m^[22m[39m[31m[1m^[22m[39m[31m[1m^[22m[39m[31m[1m^[22m[39m[31m[1m^[22m[39m[31m[1m^[22m[39m[31m[1m^[22m[39m[31m[1m^[22m[39m[31m[1m^[22m[39m[31m[1m^[22m[39m[31m[1m^[22m[39m[31m[1m^[22m[39m[31m[1m^[22m[39m[31m[1m^[22m[39m[31m[1m^[22m[39m[31m[1m^[22m[39m[31m[1m^[22m[39m[31m[1m^[22m[39m[31m[1m^[22m[39m[31m[1m^[22m[39m[31m[1m^[22m[39m[31m[1m^[22m[39m[31m[1m^[22m[39m[31m[1m^[22m[39m[31m[1m^[22m[39m[31m[1m^[22m[39m[31m[1m^[22m[39m[31m[1m^[22m[39m[31m[1m^[22m[39m[31m[1m^[22m[39m[31m[1m^[22m[39m[31m[1m^[22m[39m[31m[1m^[22m[39m[31m[1m^[22m[39m[31m[1m^[22m[39m[31m[1m^[22m[39m[31m[1m^[22m[39m[31m[1m^[22m[39m[31m[1m^[22m[39m[31m[1m^[22m[39m[31m[1m^[22m[39m[31m[1m^[22m[39m[31m[1m^[22m[39m[31m[1m^[22m[39m[31m[1m^[22m[39m[31m[1m^[22m[39m[31m[1m^[22m[39m[31m[1m^[22m[39m[31m[1m^[22m[39m[31m[1m^[22m[39m[31m[1m^[22m[39m[31m[1m^[22m[39m[31m[1m^[22m[39m[31m[1m^[22m[39m[31m[1m^[22m[39m[31m[1m^[22m[39m[31m[1m^[22m[39m[31m[1m^[22m[39m[31m[1m^[22m[39m[31m[1m^[22m[39m[31m[1m^[22m[39m[31m[1m^[22m[39m[31m[1m^[22m[39m[31m[1m^[22m[39m[31m[1m^[22m[39m[31m[1m^[22m[39m[31m[1m^[22m[39m[31m[1m^[22m[39m[31m[1m^[22m[39m[31m[1m^[22m[39m[31m[1m^[22m[39m[31m[1m^[22m[39m[31m[1m^[22m[39m[31m[1m^[22m[39m[31m[1m^[22m[39m[31m[1m^[22m[39m[31m[1m^[22m[39m[31m[1m^[22m[39m[31m[1m^[22m[39m[31m[1m^[22m[39m[31m[1m^[22m[39m[31m[1m^[22m[39m[31m[1m^[22m[39m[31m[1m^[22m[39m[31m[1m^[22m[39m[31m[1m^[22m[39m[31m[1m^[22m[39m
 [90m 21 |[39m
 [90m 22 |[39m [36mconst[39m menuItems [33m=[39m [
 [90m 23 |[39m   {[0m

Import map: aliased to relative './components/ui/tooltip' inside of [project]/Project/engine-calc-id


Import traces:
  Client Component Browser:
    ./Project/engine-calc-id/components/sidebar.tsx [Client Component Browser]
    ./Project/engine-calc-id/app/calculators/layout.tsx [Client Component Browser]
    ./Project/engine-calc-id/app/calculators/layout.tsx [Server Component]

  Client Component SSR:
    ./Project/engine-calc-id/components/sidebar.tsx [Client Component SSR]
    ./Project/engine-calc-id/app/calculators/layout.tsx [Client Component SSR]
    ./Project/engine-calc-id/app/calculators/layout.tsx [Server Component]

https://nextjs.org/docs/messages/module-not-found


 ⨯ ./Project/engine-calc-id/components/sidebar.tsx:20:1
Module not found: Can't resolve '@/components/ui/tooltip'
[0m [90m 18 |[39m [36mimport[39m { useState[33m,[39m useEffect } [36mfrom[39m [32m"react"[39m[33m;[39m
 [90m 19 |[39m [36mimport[39m { cn } [36mfrom[39m [32m"@/lib/utils"[39m[33m;[39m
[31m[1m>[22m[39m[90m 20 |[39m [36mimport[39m { [33mTooltip[39m[33m,[39m [33mTooltipContent[39m[33m,[39m [33mTooltipProvider[39m[33m,[39m [33mTooltipTrigger[39m } [36mfrom[39m [32m"@/components/ui/tooltip"[39m[33m;[39m
 [90m    |[39m [31m[1m^[22m[39m[31m[1m^[22m[39m[31m[1m^[22m[39m[31m[1m^[22m[39m[31m[1m^[22m[39m[31m[1m^[22m[39m[31m[1m^[22m[39m[31m[1m^[22m[39m[31m[1m^[22m[39m[31m[1m^[22m[39m[31m[1m^[22m[39m[31m[1m^[22m[39m[31m[1m^[22m[39m[31m[1m^[22m[39m[31m[1m^[22m[39m[31m[1m^[22m[39m[31m[1m^[22m[39m[31m[1m^[22m[39m[31m[1m^[22m[39m[31m[1m^[22m[39m[31m[1m^[22m[39m[31m[1m^[22m[39m[31m[1m^[22m[39m[31m[1m^[22m[39m[31m[1m^[22m[39m[31m[1m^[22m[39m[31m[1m^[22m[39m[31m[1m^[22m[39m[31m[1m^[22m[39m[31m[1m^[22m[39m[31m[1m^[22m[39m[31m[1m^[22m[39m[31m[1m^[22m[39m[31m[1m^[22m[39m[31m[1m^[22m[39m[31m[1m^[22m[39m[31m[1m^[22m[39m[31m[1m^[22m[39m[31m[1m^[22m[39m[31m[1m^[22m[39m[31m[1m^[22m[39m[31m[1m^[22m[39m[31m[1m^[22m[39m[31m[1m^[22m[39m[31m[1m^[22m[39m[31m[1m^[22m[39m[31m[1m^[22m[39m[31m[1m^[22m[39m[31m[1m^[22m[39m[31m[1m^[22m[39m[31m[1m^[22m[39m[31m[1m^[22m[39m[31m[1m^[22m[39m[31m[1m^[22m[39m[31m[1m^[22m[39m[31m[1m^[22m[39m[31m[1m^[22m[39m[31m[1m^[22m[39m[31m[1m^[22m[39m[31m[1m^[22m[39m[31m[1m^[22m[39m[31m[1m^[22m[39m[31m[1m^[22m[39m[31m[1m^[22m[39m[31m[1m^[22m[39m[31m[1m^[22m[39m[31m[1m^[22m[39m[31m[1m^[22m[39m[31m[1m^[22m[39m[31m[1m^[22m[39m[31m[1m^[22m[39m[31m[1m^[22m[39m[31m[1m^[22m[39m[31m[1m^[22m[39m[31m[1m^[22m[39m[31m[1m^[22m[39m[31m[1m^[22m[39m[31m[1m^[22m[39m[31m[1m^[22m[39m[31m[1m^[22m[39m[31m[1m^[22m[39m[31m[1m^[22m[39m[31m[1m^[22m[39m[31m[1m^[22m[39m[31m[1m^[22m[39m[31m[1m^[22m[39m[31m[1m^[22m[39m[31m[1m^[22m[39m[31m[1m^[22m[39m[31m[1m^[22m[39m[31m[1m^[22m[39m[31m[1m^[22m[39m[31m[1m^[22m[39m[31m[1m^[22m[39m[31m[1m^[22m[39m[31m[1m^[22m[39m[31m[1m^[22m[39m[31m[1m^[22m[39m[31m[1m^[22m[39m
 [90m 21 |[39m
 [90m 22 |[39m [36mconst[39m menuItems [33m=[39m [
 [90m 23 |[39m   {[0m

Import map: aliased to relative './components/ui/tooltip' inside of [project]/Project/engine-calc-id


Import traces:
  Client Component Browser:
    ./Project/engine-calc-id/components/sidebar.tsx [Client Component Browser]
    ./Project/engine-calc-id/app/calculators/layout.tsx [Client Component Browser]
    ./Project/engine-calc-id/app/calculators/layout.tsx [Server Component]

  Client Component SSR:
    ./Project/engine-calc-id/components/sidebar.tsx [Client Component SSR]
    ./Project/engine-calc-id/app/calculators/layout.tsx [Client Component SSR]
    ./Project/engine-calc-id/app/calculators/layout.tsx [Server Component]

https://nextjs.org/docs/messages/module-not-found


 ⨯ ./Project/engine-calc-id/components/sidebar.tsx:20:1
Module not found: Can't resolve '@/components/ui/tooltip'
[0m [90m 18 |[39m [36mimport[39m { useState[33m,[39m useEffect } [36mfrom[39m [32m"react"[39m[33m;[39m
 [90m 19 |[39m [36mimport[39m { cn } [36mfrom[39m [32m"@/lib/utils"[39m[33m;[39m
[31m[1m>[22m[39m[90m 20 |[39m [36mimport[39m { [33mTooltip[39m[33m,[39m [33mTooltipContent[39m[33m,[39m [33mTooltipProvider[39m[33m,[39m [33mTooltipTrigger[39m } [36mfrom[39m [32m"@/components/ui/tooltip"[39m[33m;[39m
 [90m    |[39m [31m[1m^[22m[39m[31m[1m^[22m[39m[31m[1m^[22m[39m[31m[1m^[22m[39m[31m[1m^[22m[39m[31m[1m^[22m[39m[31m[1m^[22m[39m[31m[1m^[22m[39m[31m[1m^[22m[39m[31m[1m^[22m[39m[31m[1m^[22m[39m[31m[1m^[22m[39m[31m[1m^[22m[39m[31m[1m^[22m[39m[31m[1m^[22m[39m[31m[1m^[22m[39m[31m[1m^[22m[39m[31m[1m^[22m[39m[31m[1m^[22m[39m[31m[1m^[22m[39m[31m[1m^[22m[39m[31m[1m^[22m[39m[31m[1m^[22m[39m[31m[1m^[22m[39m[31m[1m^[22m[39m[31m[1m^[22m[39m[31m[1m^[22m[39m[31m[1m^[22m[39m[31m[1m^[22m[39m[31m[1m^[22m[39m[31m[1m^[22m[39m[31m[1m^[22m[39m[31m[1m^[22m[39m[31m[1m^[22m[39m[31m[1m^[22m[39m[31m[1m^[22m[39m[31m[1m^[22m[39m[31m[1m^[22m[39m[31m[1m^[22m[39m[31m[1m^[22m[39m[31m[1m^[22m[39m[31m[1m^[22m[39m[31m[1m^[22m[39m[31m[1m^[22m[39m[31m[1m^[22m[39m[31m[1m^[22m[39m[31m[1m^[22m[39m[31m[1m^[22m[39m[31m[1m^[22m[39m[31m[1m^[22m[39m[31m[1m^[22m[39m[31m[1m^[22m[39m[31m[1m^[22m[39m[31m[1m^[22m[39m[31m[1m^[22m[39m[31m[1m^[22m[39m[31m[1m^[22m[39m[31m[1m^[22m[39m[31m[1m^[22m[39m[31m[1m^[22m[39m[31m[1m^[22m[39m[31m[1m^[22m[39m[31m[1m^[22m[39m[31m[1m^[22m[39m[31m[1m^[22m[39m[31m[1m^[22m[39m[31m[1m^[22m[39m[31m[1m^[22m[39m[31m[1m^[22m[39m[31m[1m^[22m[39m[31m[1m^[22m[39m[31m[1m^[22m[39m[31m[1m^[22m[39m[31m[1m^[22m[39m[31m[1m^[22m[39m[31m[1m^[22m[39m[31m[1m^[22m[39m[31m[1m^[22m[39m[31m[1m^[22m[39m[31m[1m^[22m[39m[31m[1m^[22m[39m[31m[1m^[22m[39m[31m[1m^[22m[39m[31m[1m^[22m[39m[31m[1m^[22m[39m[31m[1m^[22m[39m[31m[1m^[22m[39m[31m[1m^[22m[39m[31m[1m^[22m[39m[31m[1m^[22m[39m[31m[1m^[22m[39m[31m[1m^[22m[39m[31m[1m^[22m[39m[31m[1m^[22m[39m[31m[1m^[22m[39m[31m[1m^[22m[39m[31m[1m^[22m[39m[31m[1m^[22m[39m[31m[1m^[22m[39m
 [90m 21 |[39m
 [90m 22 |[39m [36mconst[39m menuItems [33m=[39m [
 [90m 23 |[39m   {[0m

Import map: aliased to relative './components/ui/tooltip' inside of [project]/Project/engine-calc-id


Import traces:
  Client Component Browser:
    ./Project/engine-calc-id/components/sidebar.tsx [Client Component Browser]
    ./Project/engine-calc-id/app/calculators/layout.tsx [Client Component Browser]
    ./Project/engine-calc-id/app/calculators/layout.tsx [Server Component]

  Client Component SSR:
    ./Project/engine-calc-id/components/sidebar.tsx [Client Component SSR]
    ./Project/engine-calc-id/app/calculators/layout.tsx [Client Component SSR]
    ./Project/engine-calc-id/app/calculators/layout.tsx [Server Component]

https://nextjs.org/docs/messages/module-not-found


 ⨯ ./Project/engine-calc-id/components/sidebar.tsx:20:1
Module not found: Can't resolve '@/components/ui/tooltip'
[0m [90m 18 |[39m [36mimport[39m { useState[33m,[39m useEffect } [36mfrom[39m [32m"react"[39m[33m;[39m
 [90m 19 |[39m [36mimport[39m { cn } [36mfrom[39m [32m"@/lib/utils"[39m[33m;[39m
[31m[1m>[22m[39m[90m 20 |[39m [36mimport[39m { [33mTooltip[39m[33m,[39m [33mTooltipContent[39m[33m,[39m [33mTooltipProvider[39m[33m,[39m [33mTooltipTrigger[39m } [36mfrom[39m [32m"@/components/ui/tooltip"[39m[33m;[39m
 [90m    |[39m [31m[1m^[22m[39m[31m[1m^[22m[39m[31m[1m^[22m[39m[31m[1m^[22m[39m[31m[1m^[22m[39m[31m[1m^[22m[39m[31m[1m^[22m[39m[31m[1m^[22m[39m[31m[1m^[22m[39m[31m[1m^[22m[39m[31m[1m^[22m[39m[31m[1m^[22m[39m[31m[1m^[22m[39m[31m[1m^[22m[39m[31m[1m^[22m[39m[31m[1m^[22m[39m[31m[1m^[22m[39m[31m[1m^[22m[39m[31m[1m^[22m[39m[31m[1m^[22m[39m[31m[1m^[22m[39m[31m[1m^[22m[39m[31m[1m^[22m[39m[31m[1m^[22m[39m[31m[1m^[22m[39m[31m[1m^[22m[39m[31m[1m^[22m[39m[31m[1m^[22m[39m[31m[1m^[22m[39m[31m[1m^[22m[39m[31m[1m^[22m[39m[31m[1m^[22m[39m[31m[1m^[22m[39m[31m[1m^[22m[39m[31m[1m^[22m[39m[31m[1m^[22m[39m[31m[1m^[22m[39m[31m[1m^[22m[39m[31m[1m^[22m[39m[31m[1m^[22m[39m[31m[1m^[22m[39m[31m[1m^[22m[39m[31m[1m^[22m[39m[31m[1m^[22m[39m[31m[1m^[22m[39m[31m[1m^[22m[39m[31m[1m^[22m[39m[31m[1m^[22m[39m[31m[1m^[22m[39m[31m[1m^[22m[39m[31m[1m^[22m[39m[31m[1m^[22m[39m[31m[1m^[22m[39m[31m[1m^[22m[39m[31m[1m^[22m[39m[31m[1m^[22m[39m[31m[1m^[22m[39m[31m[1m^[22m[39m[31m[1m^[22m[39m[31m[1m^[22m[39m[31m[1m^[22m[39m[31m[1m^[22m[39m[31m[1m^[22m[39m[31m[1m^[22m[39m[31m[1m^[22m[39m[31m[1m^[22m[39m[31m[1m^[22m[39m[31m[1m^[22m[39m[31m[1m^[22m[39m[31m[1m^[22m[39m[31m[1m^[22m[39m[31m[1m^[22m[39m[31m[1m^[22m[39m[31m[1m^[22m[39m[31m[1m^[22m[39m[31m[1m^[22m[39m[31m[1m^[22m[39m[31m[1m^[22m[39m[31m[1m^[22m[39m[31m[1m^[22m[39m[31m[1m^[22m[39m[31m[1m^[22m[39m[31m[1m^[22m[39m[31m[1m^[22m[39m[31m[1m^[22m[39m[31m[1m^[22m[39m[31m[1m^[22m[39m[31m[1m^[22m[39m[31m[1m^[22m[39m[31m[1m^[22m[39m[31m[1m^[22m[39m[31m[1m^[22m[39m[31m[1m^[22m[39m[31m[1m^[22m[39m[31m[1m^[22m[39m[31m[1m^[22m[39m[31m[1m^[22m[39m[31m[1m^[22m[39m[31m[1m^[22m[39m
 [90m 21 |[39m
 [90m 22 |[39m [36mconst[39m menuItems [33m=[39m [
 [90m 23 |[39m   {[0m

Import map: aliased to relative './components/ui/tooltip' inside of [project]/Project/engine-calc-id


Import traces:
  Client Component Browser:
    ./Project/engine-calc-id/components/sidebar.tsx [Client Component Browser]
    ./Project/engine-calc-id/app/calculators/layout.tsx [Client Component Browser]
    ./Project/engine-calc-id/app/calculators/layout.tsx [Server Component]

  Client Component SSR:
    ./Project/engine-calc-id/components/sidebar.tsx [Client Component SSR]
    ./Project/engine-calc-id/app/calculators/layout.tsx [Client Component SSR]
    ./Project/engine-calc-id/app/calculators/layout.tsx [Server Component]

https://nextjs.org/docs/messages/module-not-found


 ⨯ ./Project/engine-calc-id/components/sidebar.tsx:20:1
Module not found: Can't resolve '@/components/ui/tooltip'
[0m [90m 18 |[39m [36mimport[39m { useState[33m,[39m useEffect } [36mfrom[39m [32m"react"[39m[33m;[39m
 [90m 19 |[39m [36mimport[39m { cn } [36mfrom[39m [32m"@/lib/utils"[39m[33m;[39m
[31m[1m>[22m[39m[90m 20 |[39m [36mimport[39m { [33mTooltip[39m[33m,[39m [33mTooltipContent[39m[33m,[39m [33mTooltipProvider[39m[33m,[39m [33mTooltipTrigger[39m } [36mfrom[39m [32m"@/components/ui/tooltip"[39m[33m;[39m
 [90m    |[39m [31m[1m^[22m[39m[31m[1m^[22m[39m[31m[1m^[22m[39m[31m[1m^[22m[39m[31m[1m^[22m[39m[31m[1m^[22m[39m[31m[1m^[22m[39m[31m[1m^[22m[39m[31m[1m^[22m[39m[31m[1m^[22m[39m[31m[1m^[22m[39m[31m[1m^[22m[39m[31m[1m^[22m[39m[31m[1m^[22m[39m[31m[1m^[22m[39m[31m[1m^[22m[39m[31m[1m^[22m[39m[31m[1m^[22m[39m[31m[1m^[22m[39m[31m[1m^[22m[39m[31m[1m^[22m[39m[31m[1m^[22m[39m[31m[1m^[22m[39m[31m[1m^[22m[39m[31m[1m^[22m[39m[31m[1m^[22m[39m[31m[1m^[22m[39m[31m[1m^[22m[39m[31m[1m^[22m[39m[31m[1m^[22m[39m[31m[1m^[22m[39m[31m[1m^[22m[39m[31m[1m^[22m[39m[31m[1m^[22m[39m[31m[1m^[22m[39m[31m[1m^[22m[39m[31m[1m^[22m[39m[31m[1m^[22m[39m[31m[1m^[22m[39m[31m[1m^[22m[39m[31m[1m^[22m[39m[31m[1m^[22m[39m[31m[1m^[22m[39m[31m[1m^[22m[39m[31m[1m^[22m[39m[31m[1m^[22m[39m[31m[1m^[22m[39m[31m[1m^[22m[39m[31m[1m^[22m[39m[31m[1m^[22m[39m[31m[1m^[22m[39m[31m[1m^[22m[39m[31m[1m^[22m[39m[31m[1m^[22m[39m[31m[1m^[22m[39m[31m[1m^[22m[39m[31m[1m^[22m[39m[31m[1m^[22m[39m[31m[1m^[22m[39m[31m[1m^[22m[39m[31m[1m^[22m[39m[31m[1m^[22m[39m[31m[1m^[22m[39m[31m[1m^[22m[39m[31m[1m^[22m[39m[31m[1m^[22m[39m[31m[1m^[22m[39m[31m[1m^[22m[39m[31m[1m^[22m[39m[31m[1m^[22m[39m[31m[1m^[22m[39m[31m[1m^[22m[39m[31m[1m^[22m[39m[31m[1m^[22m[39m[31m[1m^[22m[39m[31m[1m^[22m[39m[31m[1m^[22m[39m[31m[1m^[22m[39m[31m[1m^[22m[39m[31m[1m^[22m[39m[31m[1m^[22m[39m[31m[1m^[22m[39m[31m[1m^[22m[39m[31m[1m^[22m[39m[31m[1m^[22m[39m[31m[1m^[22m[39m[31m[1m^[22m[39m[31m[1m^[22m[39m[31m[1m^[22m[39m[31m[1m^[22m[39m[31m[1m^[22m[39m[31m[1m^[22m[39m[31m[1m^[22m[39m[31m[1m^[22m[39m[31m[1m^[22m[39m[31m[1m^[22m[39m[31m[1m^[22m[39m[31m[1m^[22m[39m[31m[1m^[22m[39m
 [90m 21 |[39m
 [90m 22 |[39m [36mconst[39m menuItems [33m=[39m [
 [90m 23 |[39m   {[0m

Import map: aliased to relative './components/ui/tooltip' inside of [project]/Project/engine-calc-id


Import traces:
  Client Component Browser:
    ./Project/engine-calc-id/components/sidebar.tsx [Client Component Browser]
    ./Project/engine-calc-id/app/calculators/layout.tsx [Client Component Browser]
    ./Project/engine-calc-id/app/calculators/layout.tsx [Server Component]

  Client Component SSR:
    ./Project/engine-calc-id/components/sidebar.tsx [Client Component SSR]
    ./Project/engine-calc-id/app/calculators/layout.tsx [Client Component SSR]
    ./Project/engine-calc-id/app/calculators/layout.tsx [Server Component]

https://nextjs.org/docs/messages/module-not-found


 ⨯ ./Project/engine-calc-id/components/sidebar.tsx:20:1
Module not found: Can't resolve '@/components/ui/tooltip'
[0m [90m 18 |[39m [36mimport[39m { useState[33m,[39m useEffect } [36mfrom[39m [32m"react"[39m[33m;[39m
 [90m 19 |[39m [36mimport[39m { cn } [36mfrom[39m [32m"@/lib/utils"[39m[33m;[39m
[31m[1m>[22m[39m[90m 20 |[39m [36mimport[39m { [33mTooltip[39m[33m,[39m [33mTooltipContent[39m[33m,[39m [33mTooltipProvider[39m[33m,[39m [33mTooltipTrigger[39m } [36mfrom[39m [32m"@/components/ui/tooltip"[39m[33m;[39m
 [90m    |[39m [31m[1m^[22m[39m[31m[1m^[22m[39m[31m[1m^[22m[39m[31m[1m^[22m[39m[31m[1m^[22m[39m[31m[1m^[22m[39m[31m[1m^[22m[39m[31m[1m^[22m[39m[31m[1m^[22m[39m[31m[1m^[22m[39m[31m[1m^[22m[39m[31m[1m^[22m[39m[31m[1m^[22m[39m[31m[1m^[22m[39m[31m[1m^[22m[39m[31m[1m^[22m[39m[31m[1m^[22m[39m[31m[1m^[22m[39m[31m[1m^[22m[39m[31m[1m^[22m[39m[31m[1m^[22m[39m[31m[1m^[22m[39m[31m[1m^[22m[39m[31m[1m^[22m[39m[31m[1m^[22m[39m[31m[1m^[22m[39m[31m[1m^[22m[39m[31m[1m^[22m[39m[31m[1m^[22m[39m[31m[1m^[22m[39m[31m[1m^[22m[39m[31m[1m^[22m[39m[31m[1m^[22m[39m[31m[1m^[22m[39m[31m[1m^[22m[39m[31m[1m^[22m[39m[31m[1m^[22m[39m[31m[1m^[22m[39m[31m[1m^[22m[39m[31m[1m^[22m[39m[31m[1m^[22m[39m[31m[1m^[22m[39m[31m[1m^[22m[39m[31m[1m^[22m[39m[31m[1m^[22m[39m[31m[1m^[22m[39m[31m[1m^[22m[39m[31m[1m^[22m[39m[31m[1m^[22m[39m[31m[1m^[22m[39m[31m[1m^[22m[39m[31m[1m^[22m[39m[31m[1m^[22m[39m[31m[1m^[22m[39m[31m[1m^[22m[39m[31m[1m^[22m[39m[31m[1m^[22m[39m[31m[1m^[22m[39m[31m[1m^[22m[39m[31m[1m^[22m[39m[31m[1m^[22m[39m[31m[1m^[22m[39m[31m[1m^[22m[39m[31m[1m^[22m[39m[31m[1m^[22m[39m[31m[1m^[22m[39m[31m[1m^[22m[39m[31m[1m^[22m[39m[31m[1m^[22m[39m[31m[1m^[22m[39m[31m[1m^[22m[39m[31m[1m^[22m[39m[31m[1m^[22m[39m[31m[1m^[22m[39m[31m[1m^[22m[39m[31m[1m^[22m[39m[31m[1m^[22m[39m[31m[1m^[22m[39m[31m[1m^[22m[39m[31m[1m^[22m[39m[31m[1m^[22m[39m[31m[1m^[22m[39m[31m[1m^[22m[39m[31m[1m^[22m[39m[31m[1m^[22m[39m[31m[1m^[22m[39m[31m[1m^[22m[39m[31m[1m^[22m[39m[31m[1m^[22m[39m[31m[1m^[22m[39m[31m[1m^[22m[39m[31m[1m^[22m[39m[31m[1m^[22m[39m[31m[1m^[22m[39m[31m[1m^[22m[39m[31m[1m^[22m[39m[31m[1m^[22m[39m[31m[1m^[22m[39m[31m[1m^[22m[39m
 [90m 21 |[39m
 [90m 22 |[39m [36mconst[39m menuItems [33m=[39m [
 [90m 23 |[39m   {[0m

Import map: aliased to relative './components/ui/tooltip' inside of [project]/Project/engine-calc-id


Import traces:
  Client Component Browser:
    ./Project/engine-calc-id/components/sidebar.tsx [Client Component Browser]
    ./Project/engine-calc-id/app/calculators/layout.tsx [Client Component Browser]
    ./Project/engine-calc-id/app/calculators/layout.tsx [Server Component]

  Client Component SSR:
    ./Project/engine-calc-id/components/sidebar.tsx [Client Component SSR]
    ./Project/engine-calc-id/app/calculators/layout.tsx [Client Component SSR]
    ./Project/engine-calc-id/app/calculators/layout.tsx [Server Component]

https://nextjs.org/docs/messages/module-not-found


 ⨯ ./Project/engine-calc-id/components/sidebar.tsx:20:1
Module not found: Can't resolve '@/components/ui/tooltip'
[0m [90m 18 |[39m [36mimport[39m { useState[33m,[39m useEffect } [36mfrom[39m [32m"react"[39m[33m;[39m
 [90m 19 |[39m [36mimport[39m { cn } [36mfrom[39m [32m"@/lib/utils"[39m[33m;[39m
[31m[1m>[22m[39m[90m 20 |[39m [36mimport[39m { [33mTooltip[39m[33m,[39m [33mTooltipContent[39m[33m,[39m [33mTooltipProvider[39m[33m,[39m [33mTooltipTrigger[39m } [36mfrom[39m [32m"@/components/ui/tooltip"[39m[33m;[39m
 [90m    |[39m [31m[1m^[22m[39m[31m[1m^[22m[39m[31m[1m^[22m[39m[31m[1m^[22m[39m[31m[1m^[22m[39m[31m[1m^[22m[39m[31m[1m^[22m[39m[31m[1m^[22m[39m[31m[1m^[22m[39m[31m[1m^[22m[39m[31m[1m^[22m[39m[31m[1m^[22m[39m[31m[1m^[22m[39m[31m[1m^[22m[39m[31m[1m^[22m[39m[31m[1m^[22m[39m[31m[1m^[22m[39m[31m[1m^[22m[39m[31m[1m^[22m[39m[31m[1m^[22m[39m[31m[1m^[22m[39m[31m[1m^[22m[39m[31m[1m^[22m[39m[31m[1m^[22m[39m[31m[1m^[22m[39m[31m[1m^[22m[39m[31m[1m^[22m[39m[31m[1m^[22m[39m[31m[1m^[22m[39m[31m[1m^[22m[39m[31m[1m^[22m[39m[31m[1m^[22m[39m[31m[1m^[22m[39m[31m[1m^[22m[39m[31m[1m^[22m[39m[31m[1m^[22m[39m[31m[1m^[22m[39m[31m[1m^[22m[39m[31m[1m^[22m[39m[31m[1m^[22m[39m[31m[1m^[22m[39m[31m[1m^[22m[39m[31m[1m^[22m[39m[31m[1m^[22m[39m[31m[1m^[22m[39m[31m[1m^[22m[39m[31m[1m^[22m[39m[31m[1m^[22m[39m[31m[1m^[22m[39m[31m[1m^[22m[39m[31m[1m^[22m[39m[31m[1m^[22m[39m[31m[1m^[22m[39m[31m[1m^[22m[39m[31m[1m^[22m[39m[31m[1m^[22m[39m[31m[1m^[22m[39m[31m[1m^[22m[39m[31m[1m^[22m[39m[31m[1m^[22m[39m[31m[1m^[22m[39m[31m[1m^[22m[39m[31m[1m^[22m[39m[31m[1m^[22m[39m[31m[1m^[22m[39m[31m[1m^[22m[39m[31m[1m^[22m[39m[31m[1m^[22m[39m[31m[1m^[22m[39m[31m[1m^[22m[39m[31m[1m^[22m[39m[31m[1m^[22m[39m[31m[1m^[22m[39m[31m[1m^[22m[39m[31m[1m^[22m[39m[31m[1m^[22m[39m[31m[1m^[22m[39m[31m[1m^[22m[39m[31m[1m^[22m[39m[31m[1m^[22m[39m[31m[1m^[22m[39m[31m[1m^[22m[39m[31m[1m^[22m[39m[31m[1m^[22m[39m[31m[1m^[22m[39m[31m[1m^[22m[39m[31m[1m^[22m[39m[31m[1m^[22m[39m[31m[1m^[22m[39m[31m[1m^[22m[39m[31m[1m^[22m[39m[31m[1m^[22m[39m[31m[1m^[22m[39m[31m[1m^[22m[39m[31m[1m^[22m[39m[31m[1m^[22m[39m[31m[1m^[22m[39m[31m[1m^[22m[39m[31m[1m^[22m[39m
 [90m 21 |[39m
 [90m 22 |[39m [36mconst[39m menuItems [33m=[39m [
 [90m 23 |[39m   {[0m

Import map: aliased to relative './components/ui/tooltip' inside of [project]/Project/engine-calc-id


Import traces:
  Client Component Browser:
    ./Project/engine-calc-id/components/sidebar.tsx [Client Component Browser]
    ./Project/engine-calc-id/app/calculators/layout.tsx [Client Component Browser]
    ./Project/engine-calc-id/app/calculators/layout.tsx [Server Component]

  Client Component SSR:
    ./Project/engine-calc-id/components/sidebar.tsx [Client Component SSR]
    ./Project/engine-calc-id/app/calculators/layout.tsx [Client Component SSR]
    ./Project/engine-calc-id/app/calculators/layout.tsx [Server Component]

https://nextjs.org/docs/messages/module-not-found


 ⨯ ./Project/engine-calc-id/components/sidebar.tsx:20:1
Module not found: Can't resolve '@/components/ui/tooltip'
[0m [90m 18 |[39m [36mimport[39m { useState[33m,[39m useEffect } [36mfrom[39m [32m"react"[39m[33m;[39m
 [90m 19 |[39m [36mimport[39m { cn } [36mfrom[39m [32m"@/lib/utils"[39m[33m;[39m
[31m[1m>[22m[39m[90m 20 |[39m [36mimport[39m { [33mTooltip[39m[33m,[39m [33mTooltipContent[39m[33m,[39m [33mTooltipProvider[39m[33m,[39m [33mTooltipTrigger[39m } [36mfrom[39m [32m"@/components/ui/tooltip"[39m[33m;[39m
 [90m    |[39m [31m[1m^[22m[39m[31m[1m^[22m[39m[31m[1m^[22m[39m[31m[1m^[22m[39m[31m[1m^[22m[39m[31m[1m^[22m[39m[31m[1m^[22m[39m[31m[1m^[22m[39m[31m[1m^[22m[39m[31m[1m^[22m[39m[31m[1m^[22m[39m[31m[1m^[22m[39m[31m[1m^[22m[39m[31m[1m^[22m[39m[31m[1m^[22m[39m[31m[1m^[22m[39m[31m[1m^[22m[39m[31m[1m^[22m[39m[31m[1m^[22m[39m[31m[1m^[22m[39m[31m[1m^[22m[39m[31m[1m^[22m[39m[31m[1m^[22m[39m[31m[1m^[22m[39m[31m[1m^[22m[39m[31m[1m^[22m[39m[31m[1m^[22m[39m[31m[1m^[22m[39m[31m[1m^[22m[39m[31m[1m^[22m[39m[31m[1m^[22m[39m[31m[1m^[22m[39m[31m[1m^[22m[39m[31m[1m^[22m[39m[31m[1m^[22m[39m[31m[1m^[22m[39m[31m[1m^[22m[39m[31m[1m^[22m[39m[31m[1m^[22m[39m[31m[1m^[22m[39m[31m[1m^[22m[39m[31m[1m^[22m[39m[31m[1m^[22m[39m[31m[1m^[22m[39m[31m[1m^[22m[39m[31m[1m^[22m[39m[31m[1m^[22m[39m[31m[1m^[22m[39m[31m[1m^[22m[39m[31m[1m^[22m[39m[31m[1m^[22m[39m[31m[1m^[22m[39m[31m[1m^[22m[39m[31m[1m^[22m[39m[31m[1m^[22m[39m[31m[1m^[22m[39m[31m[1m^[22m[39m[31m[1m^[22m[39m[31m[1m^[22m[39m[31m[1m^[22m[39m[31m[1m^[22m[39m[31m[1m^[22m[39m[31m[1m^[22m[39m[31m[1m^[22m[39m[31m[1m^[22m[39m[31m[1m^[22m[39m[31m[1m^[22m[39m[31m[1m^[22m[39m[31m[1m^[22m[39m[31m[1m^[22m[39m[31m[1m^[22m[39m[31m[1m^[22m[39m[31m[1m^[22m[39m[31m[1m^[22m[39m[31m[1m^[22m[39m[31m[1m^[22m[39m[31m[1m^[22m[39m[31m[1m^[22m[39m[31m[1m^[22m[39m[31m[1m^[22m[39m[31m[1m^[22m[39m[31m[1m^[22m[39m[31m[1m^[22m[39m[31m[1m^[22m[39m[31m[1m^[22m[39m[31m[1m^[22m[39m[31m[1m^[22m[39m[31m[1m^[22m[39m[31m[1m^[22m[39m[31m[1m^[22m[39m[31m[1m^[22m[39m[31m[1m^[22m[39m[31m[1m^[22m[39m[31m[1m^[22m[39m[31m[1m^[22m[39m[31m[1m^[22m[39m[31m[1m^[22m[39m[31m[1m^[22m[39m[31m[1m^[22m[39m
 [90m 21 |[39m
 [90m 22 |[39m [36mconst[39m menuItems [33m=[39m [
 [90m 23 |[39m   {[0m

Import map: aliased to relative './components/ui/tooltip' inside of [project]/Project/engine-calc-id


Import traces:
  Client Component Browser:
    ./Project/engine-calc-id/components/sidebar.tsx [Client Component Browser]
    ./Project/engine-calc-id/app/calculators/layout.tsx [Client Component Browser]
    ./Project/engine-calc-id/app/calculators/layout.tsx [Server Component]

  Client Component SSR:
    ./Project/engine-calc-id/components/sidebar.tsx [Client Component SSR]
    ./Project/engine-calc-id/app/calculators/layout.tsx [Client Component SSR]
    ./Project/engine-calc-id/app/calculators/layout.tsx [Server Component]

https://nextjs.org/docs/messages/module-not-found


 ⨯ ./Project/engine-calc-id/components/sidebar.tsx:20:1
Module not found: Can't resolve '@/components/ui/tooltip'
[0m [90m 18 |[39m [36mimport[39m { useState[33m,[39m useEffect } [36mfrom[39m [32m"react"[39m[33m;[39m
 [90m 19 |[39m [36mimport[39m { cn } [36mfrom[39m [32m"@/lib/utils"[39m[33m;[39m
[31m[1m>[22m[39m[90m 20 |[39m [36mimport[39m { [33mTooltip[39m[33m,[39m [33mTooltipContent[39m[33m,[39m [33mTooltipProvider[39m[33m,[39m [33mTooltipTrigger[39m } [36mfrom[39m [32m"@/components/ui/tooltip"[39m[33m;[39m
 [90m    |[39m [31m[1m^[22m[39m[31m[1m^[22m[39m[31m[1m^[22m[39m[31m[1m^[22m[39m[31m[1m^[22m[39m[31m[1m^[22m[39m[31m[1m^[22m[39m[31m[1m^[22m[39m[31m[1m^[22m[39m[31m[1m^[22m[39m[31m[1m^[22m[39m[31m[1m^[22m[39m[31m[1m^[22m[39m[31m[1m^[22m[39m[31m[1m^[22m[39m[31m[1m^[22m[39m[31m[1m^[22m[39m[31m[1m^[22m[39m[31m[1m^[22m[39m[31m[1m^[22m[39m[31m[1m^[22m[39m[31m[1m^[22m[39m[31m[1m^[22m[39m[31m[1m^[22m[39m[31m[1m^[22m[39m[31m[1m^[22m[39m[31m[1m^[22m[39m[31m[1m^[22m[39m[31m[1m^[22m[39m[31m[1m^[22m[39m[31m[1m^[22m[39m[31m[1m^[22m[39m[31m[1m^[22m[39m[31m[1m^[22m[39m[31m[1m^[22m[39m[31m[1m^[22m[39m[31m[1m^[22m[39m[31m[1m^[22m[39m[31m[1m^[22m[39m[31m[1m^[22m[39m[31m[1m^[22m[39m[31m[1m^[22m[39m[31m[1m^[22m[39m[31m[1m^[22m[39m[31m[1m^[22m[39m[31m[1m^[22m[39m[31m[1m^[22m[39m[31m[1m^[22m[39m[31m[1m^[22m[39m[31m[1m^[22m[39m[31m[1m^[22m[39m[31m[1m^[22m[39m[31m[1m^[22m[39m[31m[1m^[22m[39m[31m[1m^[22m[39m[31m[1m^[22m[39m[31m[1m^[22m[39m[31m[1m^[22m[39m[31m[1m^[22m[39m[31m[1m^[22m[39m[31m[1m^[22m[39m[31m[1m^[22m[39m[31m[1m^[22m[39m[31m[1m^[22m[39m[31m[1m^[22m[39m[31m[1m^[22m[39m[31m[1m^[22m[39m[31m[1m^[22m[39m[31m[1m^[22m[39m[31m[1m^[22m[39m[31m[1m^[22m[39m[31m[1m^[22m[39m[31m[1m^[22m[39m[31m[1m^[22m[39m[31m[1m^[22m[39m[31m[1m^[22m[39m[31m[1m^[22m[39m[31m[1m^[22m[39m[31m[1m^[22m[39m[31m[1m^[22m[39m[31m[1m^[22m[39m[31m[1m^[22m[39m[31m[1m^[22m[39m[31m[1m^[22m[39m[31m[1m^[22m[39m[31m[1m^[22m[39m[31m[1m^[22m[39m[31m[1m^[22m[39m[31m[1m^[22m[39m[31m[1m^[22m[39m[31m[1m^[22m[39m[31m[1m^[22m[39m[31m[1m^[22m[39m[31m[1m^[22m[39m[31m[1m^[22m[39m[31m[1m^[22m[39m[31m[1m^[22m[39m[31m[1m^[22m[39m[31m[1m^[22m[39m
 [90m 21 |[39m
 [90m 22 |[39m [36mconst[39m menuItems [33m=[39m [
 [90m 23 |[39m   {[0m

Import map: aliased to relative './components/ui/tooltip' inside of [project]/Project/engine-calc-id


Import traces:
  Client Component Browser:
    ./Project/engine-calc-id/components/sidebar.tsx [Client Component Browser]
    ./Project/engine-calc-id/app/calculators/layout.tsx [Client Component Browser]
    ./Project/engine-calc-id/app/calculators/layout.tsx [Server Component]

  Client Component SSR:
    ./Project/engine-calc-id/components/sidebar.tsx [Client Component SSR]
    ./Project/engine-calc-id/app/calculators/layout.tsx [Client Component SSR]
    ./Project/engine-calc-id/app/calculators/layout.tsx [Server Component]

https://nextjs.org/docs/messages/module-not-found


 ⨯ ./Project/engine-calc-id/components/sidebar.tsx:20:1
Module not found: Can't resolve '@/components/ui/tooltip'
[0m [90m 18 |[39m [36mimport[39m { useState[33m,[39m useEffect } [36mfrom[39m [32m"react"[39m[33m;[39m
 [90m 19 |[39m [36mimport[39m { cn } [36mfrom[39m [32m"@/lib/utils"[39m[33m;[39m
[31m[1m>[22m[39m[90m 20 |[39m [36mimport[39m { [33mTooltip[39m[33m,[39m [33mTooltipContent[39m[33m,[39m [33mTooltipProvider[39m[33m,[39m [33mTooltipTrigger[39m } [36mfrom[39m [32m"@/components/ui/tooltip"[39m[33m;[39m
 [90m    |[39m [31m[1m^[22m[39m[31m[1m^[22m[39m[31m[1m^[22m[39m[31m[1m^[22m[39m[31m[1m^[22m[39m[31m[1m^[22m[39m[31m[1m^[22m[39m[31m[1m^[22m[39m[31m[1m^[22m[39m[31m[1m^[22m[39m[31m[1m^[22m[39m[31m[1m^[22m[39m[31m[1m^[22m[39m[31m[1m^[22m[39m[31m[1m^[22m[39m[31m[1m^[22m[39m[31m[1m^[22m[39m[31m[1m^[22m[39m[31m[1m^[22m[39m[31m[1m^[22m[39m[31m[1m^[22m[39m[31m[1m^[22m[39m[31m[1m^[22m[39m[31m[1m^[22m[39m[31m[1m^[22m[39m[31m[1m^[22m[39m[31m[1m^[22m[39m[31m[1m^[22m[39m[31m[1m^[22m[39m[31m[1m^[22m[39m[31m[1m^[22m[39m[31m[1m^[22m[39m[31m[1m^[22m[39m[31m[1m^[22m[39m[31m[1m^[22m[39m[31m[1m^[22m[39m[31m[1m^[22m[39m[31m[1m^[22m[39m[31m[1m^[22m[39m[31m[1m^[22m[39m[31m[1m^[22m[39m[31m[1m^[22m[39m[31m[1m^[22m[39m[31m[1m^[22m[39m[31m[1m^[22m[39m[31m[1m^[22m[39m[31m[1m^[22m[39m[31m[1m^[22m[39m[31m[1m^[22m[39m[31m[1m^[22m[39m[31m[1m^[22m[39m[31m[1m^[22m[39m[31m[1m^[22m[39m[31m[1m^[22m[39m[31m[1m^[22m[39m[31m[1m^[22m[39m[31m[1m^[22m[39m[31m[1m^[22m[39m[31m[1m^[22m[39m[31m[1m^[22m[39m[31m[1m^[22m[39m[31m[1m^[22m[39m[31m[1m^[22m[39m[31m[1m^[22m[39m[31m[1m^[22m[39m[31m[1m^[22m[39m[31m[1m^[22m[39m[31m[1m^[22m[39m[31m[1m^[22m[39m[31m[1m^[22m[39m[31m[1m^[22m[39m[31m[1m^[22m[39m[31m[1m^[22m[39m[31m[1m^[22m[39m[31m[1m^[22m[39m[31m[1m^[22m[39m[31m[1m^[22m[39m[31m[1m^[22m[39m[31m[1m^[22m[39m[31m[1m^[22m[39m[31m[1m^[22m[39m[31m[1m^[22m[39m[31m[1m^[22m[39m[31m[1m^[22m[39m[31m[1m^[22m[39m[31m[1m^[22m[39m[31m[1m^[22m[39m[31m[1m^[22m[39m[31m[1m^[22m[39m[31m[1m^[22m[39m[31m[1m^[22m[39m[31m[1m^[22m[39m[31m[1m^[22m[39m[31m[1m^[22m[39m[31m[1m^[22m[39m[31m[1m^[22m[39m[31m[1m^[22m[39m[31m[1m^[22m[39m[31m[1m^[22m[39m
 [90m 21 |[39m
 [90m 22 |[39m [36mconst[39m menuItems [33m=[39m [
 [90m 23 |[39m   {[0m

Import map: aliased to relative './components/ui/tooltip' inside of [project]/Project/engine-calc-id


Import traces:
  Client Component Browser:
    ./Project/engine-calc-id/components/sidebar.tsx [Client Component Browser]
    ./Project/engine-calc-id/app/calculators/layout.tsx [Client Component Browser]
    ./Project/engine-calc-id/app/calculators/layout.tsx [Server Component]

  Client Component SSR:
    ./Project/engine-calc-id/components/sidebar.tsx [Client Component SSR]
    ./Project/engine-calc-id/app/calculators/layout.tsx [Client Component SSR]
    ./Project/engine-calc-id/app/calculators/layout.tsx [Server Component]

https://nextjs.org/docs/messages/module-not-found


 ⨯ ./Project/engine-calc-id/components/sidebar.tsx:20:1
Module not found: Can't resolve '@/components/ui/tooltip'
[0m [90m 18 |[39m [36mimport[39m { useState[33m,[39m useEffect } [36mfrom[39m [32m"react"[39m[33m;[39m
 [90m 19 |[39m [36mimport[39m { cn } [36mfrom[39m [32m"@/lib/utils"[39m[33m;[39m
[31m[1m>[22m[39m[90m 20 |[39m [36mimport[39m { [33mTooltip[39m[33m,[39m [33mTooltipContent[39m[33m,[39m [33mTooltipProvider[39m[33m,[39m [33mTooltipTrigger[39m } [36mfrom[39m [32m"@/components/ui/tooltip"[39m[33m;[39m
 [90m    |[39m [31m[1m^[22m[39m[31m[1m^[22m[39m[31m[1m^[22m[39m[31m[1m^[22m[39m[31m[1m^[22m[39m[31m[1m^[22m[39m[31m[1m^[22m[39m[31m[1m^[22m[39m[31m[1m^[22m[39m[31m[1m^[22m[39m[31m[1m^[22m[39m[31m[1m^[22m[39m[31m[1m^[22m[39m[31m[1m^[22m[39m[31m[1m^[22m[39m[31m[1m^[22m[39m[31m[1m^[22m[39m[31m[1m^[22m[39m[31m[1m^[22m[39m[31m[1m^[22m[39m[31m[1m^[22m[39m[31m[1m^[22m[39m[31m[1m^[22m[39m[31m[1m^[22m[39m[31m[1m^[22m[39m[31m[1m^[22m[39m[31m[1m^[22m[39m[31m[1m^[22m[39m[31m[1m^[22m[39m[31m[1m^[22m[39m[31m[1m^[22m[39m[31m[1m^[22m[39m[31m[1m^[22m[39m[31m[1m^[22m[39m[31m[1m^[22m[39m[31m[1m^[22m[39m[31m[1m^[22m[39m[31m[1m^[22m[39m[31m[1m^[22m[39m[31m[1m^[22m[39m[31m[1m^[22m[39m[31m[1m^[22m[39m[31m[1m^[22m[39m[31m[1m^[22m[39m[31m[1m^[22m[39m[31m[1m^[22m[39m[31m[1m^[22m[39m[31m[1m^[22m[39m[31m[1m^[22m[39m[31m[1m^[22m[39m[31m[1m^[22m[39m[31m[1m^[22m[39m[31m[1m^[22m[39m[31m[1m^[22m[39m[31m[1m^[22m[39m[31m[1m^[22m[39m[31m[1m^[22m[39m[31m[1m^[22m[39m[31m[1m^[22m[39m[31m[1m^[22m[39m[31m[1m^[22m[39m[31m[1m^[22m[39m[31m[1m^[22m[39m[31m[1m^[22m[39m[31m[1m^[22m[39m[31m[1m^[22m[39m[31m[1m^[22m[39m[31m[1m^[22m[39m[31m[1m^[22m[39m[31m[1m^[22m[39m[31m[1m^[22m[39m[31m[1m^[22m[39m[31m[1m^[22m[39m[31m[1m^[22m[39m[31m[1m^[22m[39m[31m[1m^[22m[39m[31m[1m^[22m[39m[31m[1m^[22m[39m[31m[1m^[22m[39m[31m[1m^[22m[39m[31m[1m^[22m[39m[31m[1m^[22m[39m[31m[1m^[22m[39m[31m[1m^[22m[39m[31m[1m^[22m[39m[31m[1m^[22m[39m[31m[1m^[22m[39m[31m[1m^[22m[39m[31m[1m^[22m[39m[31m[1m^[22m[39m[31m[1m^[22m[39m[31m[1m^[22m[39m[31m[1m^[22m[39m[31m[1m^[22m[39m[31m[1m^[22m[39m[31m[1m^[22m[39m[31m[1m^[22m[39m[31m[1m^[22m[39m[31m[1m^[22m[39m
 [90m 21 |[39m
 [90m 22 |[39m [36mconst[39m menuItems [33m=[39m [
 [90m 23 |[39m   {[0m

Import map: aliased to relative './components/ui/tooltip' inside of [project]/Project/engine-calc-id


Import traces:
  Client Component Browser:
    ./Project/engine-calc-id/components/sidebar.tsx [Client Component Browser]
    ./Project/engine-calc-id/app/calculators/layout.tsx [Client Component Browser]
    ./Project/engine-calc-id/app/calculators/layout.tsx [Server Component]

  Client Component SSR:
    ./Project/engine-calc-id/components/sidebar.tsx [Client Component SSR]
    ./Project/engine-calc-id/app/calculators/layout.tsx [Client Component SSR]
    ./Project/engine-calc-id/app/calculators/layout.tsx [Server Component]

https://nextjs.org/docs/messages/module-not-found


 ⨯ ./Project/engine-calc-id/components/sidebar.tsx:20:1
Module not found: Can't resolve '@/components/ui/tooltip'
[0m [90m 18 |[39m [36mimport[39m { useState[33m,[39m useEffect } [36mfrom[39m [32m"react"[39m[33m;[39m
 [90m 19 |[39m [36mimport[39m { cn } [36mfrom[39m [32m"@/lib/utils"[39m[33m;[39m
[31m[1m>[22m[39m[90m 20 |[39m [36mimport[39m { [33mTooltip[39m[33m,[39m [33mTooltipContent[39m[33m,[39m [33mTooltipProvider[39m[33m,[39m [33mTooltipTrigger[39m } [36mfrom[39m [32m"@/components/ui/tooltip"[39m[33m;[39m
 [90m    |[39m [31m[1m^[22m[39m[31m[1m^[22m[39m[31m[1m^[22m[39m[31m[1m^[22m[39m[31m[1m^[22m[39m[31m[1m^[22m[39m[31m[1m^[22m[39m[31m[1m^[22m[39m[31m[1m^[22m[39m[31m[1m^[22m[39m[31m[1m^[22m[39m[31m[1m^[22m[39m[31m[1m^[22m[39m[31m[1m^[22m[39m[31m[1m^[22m[39m[31m[1m^[22m[39m[31m[1m^[22m[39m[31m[1m^[22m[39m[31m[1m^[22m[39m[31m[1m^[22m[39m[31m[1m^[22m[39m[31m[1m^[22m[39m[31m[1m^[22m[39m[31m[1m^[22m[39m[31m[1m^[22m[39m[31m[1m^[22m[39m[31m[1m^[22m[39m[31m[1m^[22m[39m[31m[1m^[22m[39m[31m[1m^[22m[39m[31m[1m^[22m[39m[31m[1m^[22m[39m[31m[1m^[22m[39m[31m[1m^[22m[39m[31m[1m^[22m[39m[31m[1m^[22m[39m[31m[1m^[22m[39m[31m[1m^[22m[39m[31m[1m^[22m[39m[31m[1m^[22m[39m[31m[1m^[22m[39m[31m[1m^[22m[39m[31m[1m^[22m[39m[31m[1m^[22m[39m[31m[1m^[22m[39m[31m[1m^[22m[39m[31m[1m^[22m[39m[31m[1m^[22m[39m[31m[1m^[22m[39m[31m[1m^[22m[39m[31m[1m^[22m[39m[31m[1m^[22m[39m[31m[1m^[22m[39m[31m[1m^[22m[39m[31m[1m^[22m[39m[31m[1m^[22m[39m[31m[1m^[22m[39m[31m[1m^[22m[39m[31m[1m^[22m[39m[31m[1m^[22m[39m[31m[1m^[22m[39m[31m[1m^[22m[39m[31m[1m^[22m[39m[31m[1m^[22m[39m[31m[1m^[22m[39m[31m[1m^[22m[39m[31m[1m^[22m[39m[31m[1m^[22m[39m[31m[1m^[22m[39m[31m[1m^[22m[39m[31m[1m^[22m[39m[31m[1m^[22m[39m[31m[1m^[22m[39m[31m[1m^[22m[39m[31m[1m^[22m[39m[31m[1m^[22m[39m[31m[1m^[22m[39m[31m[1m^[22m[39m[31m[1m^[22m[39m[31m[1m^[22m[39m[31m[1m^[22m[39m[31m[1m^[22m[39m[31m[1m^[22m[39m[31m[1m^[22m[39m[31m[1m^[22m[39m[31m[1m^[22m[39m[31m[1m^[22m[39m[31m[1m^[22m[39m[31m[1m^[22m[39m[31m[1m^[22m[39m[31m[1m^[22m[39m[31m[1m^[22m[39m[31m[1m^[22m[39m[31m[1m^[22m[39m[31m[1m^[22m[39m[31m[1m^[22m[39m[31m[1m^[22m[39m[31m[1m^[22m[39m[31m[1m^[22m[39m
 [90m 21 |[39m
 [90m 22 |[39m [36mconst[39m menuItems [33m=[39m [
 [90m 23 |[39m   {[0m

Import map: aliased to relative './components/ui/tooltip' inside of [project]/Project/engine-calc-id


Import traces:
  Client Component Browser:
    ./Project/engine-calc-id/components/sidebar.tsx [Client Component Browser]
    ./Project/engine-calc-id/app/dashboard/layout.tsx [Client Component Browser]
    ./Project/engine-calc-id/app/dashboard/layout.tsx [Server Component]

  Client Component SSR:
    ./Project/engine-calc-id/components/sidebar.tsx [Client Component SSR]
    ./Project/engine-calc-id/app/dashboard/layout.tsx [Client Component SSR]
    ./Project/engine-calc-id/app/dashboard/layout.tsx [Server Component]

https://nextjs.org/docs/messages/module-not-found


 ⨯ ./Project/engine-calc-id/components/sidebar.tsx:20:1
Module not found: Can't resolve '@/components/ui/tooltip'
[0m [90m 18 |[39m [36mimport[39m { useState[33m,[39m useEffect } [36mfrom[39m [32m"react"[39m[33m;[39m
 [90m 19 |[39m [36mimport[39m { cn } [36mfrom[39m [32m"@/lib/utils"[39m[33m;[39m
[31m[1m>[22m[39m[90m 20 |[39m [36mimport[39m { [33mTooltip[39m[33m,[39m [33mTooltipContent[39m[33m,[39m [33mTooltipProvider[39m[33m,[39m [33mTooltipTrigger[39m } [36mfrom[39m [32m"@/components/ui/tooltip"[39m[33m;[39m
 [90m    |[39m [31m[1m^[22m[39m[31m[1m^[22m[39m[31m[1m^[22m[39m[31m[1m^[22m[39m[31m[1m^[22m[39m[31m[1m^[22m[39m[31m[1m^[22m[39m[31m[1m^[22m[39m[31m[1m^[22m[39m[31m[1m^[22m[39m[31m[1m^[22m[39m[31m[1m^[22m[39m[31m[1m^[22m[39m[31m[1m^[22m[39m[31m[1m^[22m[39m[31m[1m^[22m[39m[31m[1m^[22m[39m[31m[1m^[22m[39m[31m[1m^[22m[39m[31m[1m^[22m[39m[31m[1m^[22m[39m[31m[1m^[22m[39m[31m[1m^[22m[39m[31m[1m^[22m[39m[31m[1m^[22m[39m[31m[1m^[22m[39m[31m[1m^[22m[39m[31m[1m^[22m[39m[31m[1m^[22m[39m[31m[1m^[22m[39m[31m[1m^[22m[39m[31m[1m^[22m[39m[31m[1m^[22m[39m[31m[1m^[22m[39m[31m[1m^[22m[39m[31m[1m^[22m[39m[31m[1m^[22m[39m[31m[1m^[22m[39m[31m[1m^[22m[39m[31m[1m^[22m[39m[31m[1m^[22m[39m[31m[1m^[22m[39m[31m[1m^[22m[39m[31m[1m^[22m[39m[31m[1m^[22m[39m[31m[1m^[22m[39m[31m[1m^[22m[39m[31m[1m^[22m[39m[31m[1m^[22m[39m[31m[1m^[22m[39m[31m[1m^[22m[39m[31m[1m^[22m[39m[31m[1m^[22m[39m[31m[1m^[22m[39m[31m[1m^[22m[39m[31m[1m^[22m[39m[31m[1m^[22m[39m[31m[1m^[22m[39m[31m[1m^[22m[39m[31m[1m^[22m[39m[31m[1m^[22m[39m[31m[1m^[22m[39m[31m[1m^[22m[39m[31m[1m^[22m[39m[31m[1m^[22m[39m[31m[1m^[22m[39m[31m[1m^[22m[39m[31m[1m^[22m[39m[31m[1m^[22m[39m[31m[1m^[22m[39m[31m[1m^[22m[39m[31m[1m^[22m[39m[31m[1m^[22m[39m[31m[1m^[22m[39m[31m[1m^[22m[39m[31m[1m^[22m[39m[31m[1m^[22m[39m[31m[1m^[22m[39m[31m[1m^[22m[39m[31m[1m^[22m[39m[31m[1m^[22m[39m[31m[1m^[22m[39m[31m[1m^[22m[39m[31m[1m^[22m[39m[31m[1m^[22m[39m[31m[1m^[22m[39m[31m[1m^[22m[39m[31m[1m^[22m[39m[31m[1m^[22m[39m[31m[1m^[22m[39m[31m[1m^[22m[39m[31m[1m^[22m[39m[31m[1m^[22m[39m[31m[1m^[22m[39m[31m[1m^[22m[39m[31m[1m^[22m[39m[31m[1m^[22m[39m[31m[1m^[22m[39m[31m[1m^[22m[39m
 [90m 21 |[39m
 [90m 22 |[39m [36mconst[39m menuItems [33m=[39m [
 [90m 23 |[39m   {[0m

Import map: aliased to relative './components/ui/tooltip' inside of [project]/Project/engine-calc-id


Import traces:
  Client Component Browser:
    ./Project/engine-calc-id/components/sidebar.tsx [Client Component Browser]
    ./Project/engine-calc-id/app/dashboard/layout.tsx [Client Component Browser]
    ./Project/engine-calc-id/app/dashboard/layout.tsx [Server Component]

  Client Component SSR:
    ./Project/engine-calc-id/components/sidebar.tsx [Client Component SSR]
    ./Project/engine-calc-id/app/dashboard/layout.tsx [Client Component SSR]
    ./Project/engine-calc-id/app/dashboard/layout.tsx [Server Component]

https://nextjs.org/docs/messages/module-not-found


 ⨯ ./Project/engine-calc-id/components/sidebar.tsx:20:1
Module not found: Can't resolve '@/components/ui/tooltip'
[0m [90m 18 |[39m [36mimport[39m { useState[33m,[39m useEffect } [36mfrom[39m [32m"react"[39m[33m;[39m
 [90m 19 |[39m [36mimport[39m { cn } [36mfrom[39m [32m"@/lib/utils"[39m[33m;[39m
[31m[1m>[22m[39m[90m 20 |[39m [36mimport[39m { [33mTooltip[39m[33m,[39m [33mTooltipContent[39m[33m,[39m [33mTooltipProvider[39m[33m,[39m [33mTooltipTrigger[39m } [36mfrom[39m [32m"@/components/ui/tooltip"[39m[33m;[39m
 [90m    |[39m [31m[1m^[22m[39m[31m[1m^[22m[39m[31m[1m^[22m[39m[31m[1m^[22m[39m[31m[1m^[22m[39m[31m[1m^[22m[39m[31m[1m^[22m[39m[31m[1m^[22m[39m[31m[1m^[22m[39m[31m[1m^[22m[39m[31m[1m^[22m[39m[31m[1m^[22m[39m[31m[1m^[22m[39m[31m[1m^[22m[39m[31m[1m^[22m[39m[31m[1m^[22m[39m[31m[1m^[22m[39m[31m[1m^[22m[39m[31m[1m^[22m[39m[31m[1m^[22m[39m[31m[1m^[22m[39m[31m[1m^[22m[39m[31m[1m^[22m[39m[31m[1m^[22m[39m[31m[1m^[22m[39m[31m[1m^[22m[39m[31m[1m^[22m[39m[31m[1m^[22m[39m[31m[1m^[22m[39m[31m[1m^[22m[39m[31m[1m^[22m[39m[31m[1m^[22m[39m[31m[1m^[22m[39m[31m[1m^[22m[39m[31m[1m^[22m[39m[31m[1m^[22m[39m[31m[1m^[22m[39m[31m[1m^[22m[39m[31m[1m^[22m[39m[31m[1m^[22m[39m[31m[1m^[22m[39m[31m[1m^[22m[39m[31m[1m^[22m[39m[31m[1m^[22m[39m[31m[1m^[22m[39m[31m[1m^[22m[39m[31m[1m^[22m[39m[31m[1m^[22m[39m[31m[1m^[22m[39m[31m[1m^[22m[39m[31m[1m^[22m[39m[31m[1m^[22m[39m[31m[1m^[22m[39m[31m[1m^[22m[39m[31m[1m^[22m[39m[31m[1m^[22m[39m[31m[1m^[22m[39m[31m[1m^[22m[39m[31m[1m^[22m[39m[31m[1m^[22m[39m[31m[1m^[22m[39m[31m[1m^[22m[39m[31m[1m^[22m[39m[31m[1m^[22m[39m[31m[1m^[22m[39m[31m[1m^[22m[39m[31m[1m^[22m[39m[31m[1m^[22m[39m[31m[1m^[22m[39m[31m[1m^[22m[39m[31m[1m^[22m[39m[31m[1m^[22m[39m[31m[1m^[22m[39m[31m[1m^[22m[39m[31m[1m^[22m[39m[31m[1m^[22m[39m[31m[1m^[22m[39m[31m[1m^[22m[39m[31m[1m^[22m[39m[31m[1m^[22m[39m[31m[1m^[22m[39m[31m[1m^[22m[39m[31m[1m^[22m[39m[31m[1m^[22m[39m[31m[1m^[22m[39m[31m[1m^[22m[39m[31m[1m^[22m[39m[31m[1m^[22m[39m[31m[1m^[22m[39m[31m[1m^[22m[39m[31m[1m^[22m[39m[31m[1m^[22m[39m[31m[1m^[22m[39m[31m[1m^[22m[39m[31m[1m^[22m[39m[31m[1m^[22m[39m[31m[1m^[22m[39m[31m[1m^[22m[39m[31m[1m^[22m[39m
 [90m 21 |[39m
 [90m 22 |[39m [36mconst[39m menuItems [33m=[39m [
 [90m 23 |[39m   {[0m

Import map: aliased to relative './components/ui/tooltip' inside of [project]/Project/engine-calc-id


Import traces:
  Client Component Browser:
    ./Project/engine-calc-id/components/sidebar.tsx [Client Component Browser]
    ./Project/engine-calc-id/app/dashboard/layout.tsx [Client Component Browser]
    ./Project/engine-calc-id/app/dashboard/layout.tsx [Server Component]

  Client Component SSR:
    ./Project/engine-calc-id/components/sidebar.tsx [Client Component SSR]
    ./Project/engine-calc-id/app/dashboard/layout.tsx [Client Component SSR]
    ./Project/engine-calc-id/app/dashboard/layout.tsx [Server Component]

https://nextjs.org/docs/messages/module-not-found


 ⨯ ./Project/engine-calc-id/components/sidebar.tsx:20:1
Module not found: Can't resolve '@/components/ui/tooltip'
[0m [90m 18 |[39m [36mimport[39m { useState[33m,[39m useEffect } [36mfrom[39m [32m"react"[39m[33m;[39m
 [90m 19 |[39m [36mimport[39m { cn } [36mfrom[39m [32m"@/lib/utils"[39m[33m;[39m
[31m[1m>[22m[39m[90m 20 |[39m [36mimport[39m { [33mTooltip[39m[33m,[39m [33mTooltipContent[39m[33m,[39m [33mTooltipProvider[39m[33m,[39m [33mTooltipTrigger[39m } [36mfrom[39m [32m"@/components/ui/tooltip"[39m[33m;[39m
 [90m    |[39m [31m[1m^[22m[39m[31m[1m^[22m[39m[31m[1m^[22m[39m[31m[1m^[22m[39m[31m[1m^[22m[39m[31m[1m^[22m[39m[31m[1m^[22m[39m[31m[1m^[22m[39m[31m[1m^[22m[39m[31m[1m^[22m[39m[31m[1m^[22m[39m[31m[1m^[22m[39m[31m[1m^[22m[39m[31m[1m^[22m[39m[31m[1m^[22m[39m[31m[1m^[22m[39m[31m[1m^[22m[39m[31m[1m^[22m[39m[31m[1m^[22m[39m[31m[1m^[22m[39m[31m[1m^[22m[39m[31m[1m^[22m[39m[31m[1m^[22m[39m[31m[1m^[22m[39m[31m[1m^[22m[39m[31m[1m^[22m[39m[31m[1m^[22m[39m[31m[1m^[22m[39m[31m[1m^[22m[39m[31m[1m^[22m[39m[31m[1m^[22m[39m[31m[1m^[22m[39m[31m[1m^[22m[39m[31m[1m^[22m[39m[31m[1m^[22m[39m[31m[1m^[22m[39m[31m[1m^[22m[39m[31m[1m^[22m[39m[31m[1m^[22m[39m[31m[1m^[22m[39m[31m[1m^[22m[39m[31m[1m^[22m[39m[31m[1m^[22m[39m[31m[1m^[22m[39m[31m[1m^[22m[39m[31m[1m^[22m[39m[31m[1m^[22m[39m[31m[1m^[22m[39m[31m[1m^[22m[39m[31m[1m^[22m[39m[31m[1m^[22m[39m[31m[1m^[22m[39m[31m[1m^[22m[39m[31m[1m^[22m[39m[31m[1m^[22m[39m[31m[1m^[22m[39m[31m[1m^[22m[39m[31m[1m^[22m[39m[31m[1m^[22m[39m[31m[1m^[22m[39m[31m[1m^[22m[39m[31m[1m^[22m[39m[31m[1m^[22m[39m[31m[1m^[22m[39m[31m[1m^[22m[39m[31m[1m^[22m[39m[31m[1m^[22m[39m[31m[1m^[22m[39m[31m[1m^[22m[39m[31m[1m^[22m[39m[31m[1m^[22m[39m[31m[1m^[22m[39m[31m[1m^[22m[39m[31m[1m^[22m[39m[31m[1m^[22m[39m[31m[1m^[22m[39m[31m[1m^[22m[39m[31m[1m^[22m[39m[31m[1m^[22m[39m[31m[1m^[22m[39m[31m[1m^[22m[39m[31m[1m^[22m[39m[31m[1m^[22m[39m[31m[1m^[22m[39m[31m[1m^[22m[39m[31m[1m^[22m[39m[31m[1m^[22m[39m[31m[1m^[22m[39m[31m[1m^[22m[39m[31m[1m^[22m[39m[31m[1m^[22m[39m[31m[1m^[22m[39m[31m[1m^[22m[39m[31m[1m^[22m[39m[31m[1m^[22m[39m[31m[1m^[22m[39m[31m[1m^[22m[39m[31m[1m^[22m[39m[31m[1m^[22m[39m
 [90m 21 |[39m
 [90m 22 |[39m [36mconst[39m menuItems [33m=[39m [
 [90m 23 |[39m   {[0m

Import map: aliased to relative './components/ui/tooltip' inside of [project]/Project/engine-calc-id


Import traces:
  Client Component Browser:
    ./Project/engine-calc-id/components/sidebar.tsx [Client Component Browser]
    ./Project/engine-calc-id/app/dashboard/layout.tsx [Client Component Browser]
    ./Project/engine-calc-id/app/dashboard/layout.tsx [Server Component]

  Client Component SSR:
    ./Project/engine-calc-id/components/sidebar.tsx [Client Component SSR]
    ./Project/engine-calc-id/app/dashboard/layout.tsx [Client Component SSR]
    ./Project/engine-calc-id/app/dashboard/layout.tsx [Server Component]

https://nextjs.org/docs/messages/module-not-found


 ⨯ ./Project/engine-calc-id/components/sidebar.tsx:20:1
Module not found: Can't resolve '@/components/ui/tooltip'
[0m [90m 18 |[39m [36mimport[39m { useState[33m,[39m useEffect } [36mfrom[39m [32m"react"[39m[33m;[39m
 [90m 19 |[39m [36mimport[39m { cn } [36mfrom[39m [32m"@/lib/utils"[39m[33m;[39m
[31m[1m>[22m[39m[90m 20 |[39m [36mimport[39m { [33mTooltip[39m[33m,[39m [33mTooltipContent[39m[33m,[39m [33mTooltipProvider[39m[33m,[39m [33mTooltipTrigger[39m } [36mfrom[39m [32m"@/components/ui/tooltip"[39m[33m;[39m
 [90m    |[39m [31m[1m^[22m[39m[31m[1m^[22m[39m[31m[1m^[22m[39m[31m[1m^[22m[39m[31m[1m^[22m[39m[31m[1m^[22m[39m[31m[1m^[22m[39m[31m[1m^[22m[39m[31m[1m^[22m[39m[31m[1m^[22m[39m[31m[1m^[22m[39m[31m[1m^[22m[39m[31m[1m^[22m[39m[31m[1m^[22m[39m[31m[1m^[22m[39m[31m[1m^[22m[39m[31m[1m^[22m[39m[31m[1m^[22m[39m[31m[1m^[22m[39m[31m[1m^[22m[39m[31m[1m^[22m[39m[31m[1m^[22m[39m[31m[1m^[22m[39m[31m[1m^[22m[39m[31m[1m^[22m[39m[31m[1m^[22m[39m[31m[1m^[22m[39m[31m[1m^[22m[39m[31m[1m^[22m[39m[31m[1m^[22m[39m[31m[1m^[22m[39m[31m[1m^[22m[39m[31m[1m^[22m[39m[31m[1m^[22m[39m[31m[1m^[22m[39m[31m[1m^[22m[39m[31m[1m^[22m[39m[31m[1m^[22m[39m[31m[1m^[22m[39m[31m[1m^[22m[39m[31m[1m^[22m[39m[31m[1m^[22m[39m[31m[1m^[22m[39m[31m[1m^[22m[39m[31m[1m^[22m[39m[31m[1m^[22m[39m[31m[1m^[22m[39m[31m[1m^[22m[39m[31m[1m^[22m[39m[31m[1m^[22m[39m[31m[1m^[22m[39m[31m[1m^[22m[39m[31m[1m^[22m[39m[31m[1m^[22m[39m[31m[1m^[22m[39m[31m[1m^[22m[39m[31m[1m^[22m[39m[31m[1m^[22m[39m[31m[1m^[22m[39m[31m[1m^[22m[39m[31m[1m^[22m[39m[31m[1m^[22m[39m[31m[1m^[22m[39m[31m[1m^[22m[39m[31m[1m^[22m[39m[31m[1m^[22m[39m[31m[1m^[22m[39m[31m[1m^[22m[39m[31m[1m^[22m[39m[31m[1m^[22m[39m[31m[1m^[22m[39m[31m[1m^[22m[39m[31m[1m^[22m[39m[31m[1m^[22m[39m[31m[1m^[22m[39m[31m[1m^[22m[39m[31m[1m^[22m[39m[31m[1m^[22m[39m[31m[1m^[22m[39m[31m[1m^[22m[39m[31m[1m^[22m[39m[31m[1m^[22m[39m[31m[1m^[22m[39m[31m[1m^[22m[39m[31m[1m^[22m[39m[31m[1m^[22m[39m[31m[1m^[22m[39m[31m[1m^[22m[39m[31m[1m^[22m[39m[31m[1m^[22m[39m[31m[1m^[22m[39m[31m[1m^[22m[39m[31m[1m^[22m[39m[31m[1m^[22m[39m[31m[1m^[22m[39m[31m[1m^[22m[39m[31m[1m^[22m[39m[31m[1m^[22m[39m[31m[1m^[22m[39m
 [90m 21 |[39m
 [90m 22 |[39m [36mconst[39m menuItems [33m=[39m [
 [90m 23 |[39m   {[0m

Import map: aliased to relative './components/ui/tooltip' inside of [project]/Project/engine-calc-id


Import traces:
  Client Component Browser:
    ./Project/engine-calc-id/components/sidebar.tsx [Client Component Browser]
    ./Project/engine-calc-id/app/dashboard/layout.tsx [Client Component Browser]
    ./Project/engine-calc-id/app/dashboard/layout.tsx [Server Component]

  Client Component SSR:
    ./Project/engine-calc-id/components/sidebar.tsx [Client Component SSR]
    ./Project/engine-calc-id/app/dashboard/layout.tsx [Client Component SSR]
    ./Project/engine-calc-id/app/dashboard/layout.tsx [Server Component]

https://nextjs.org/docs/messages/module-not-found


 ⨯ ./Project/engine-calc-id/components/sidebar.tsx:20:1
Module not found: Can't resolve '@/components/ui/tooltip'
[0m [90m 18 |[39m [36mimport[39m { useState[33m,[39m useEffect } [36mfrom[39m [32m"react"[39m[33m;[39m
 [90m 19 |[39m [36mimport[39m { cn } [36mfrom[39m [32m"@/lib/utils"[39m[33m;[39m
[31m[1m>[22m[39m[90m 20 |[39m [36mimport[39m { [33mTooltip[39m[33m,[39m [33mTooltipContent[39m[33m,[39m [33mTooltipProvider[39m[33m,[39m [33mTooltipTrigger[39m } [36mfrom[39m [32m"@/components/ui/tooltip"[39m[33m;[39m
 [90m    |[39m [31m[1m^[22m[39m[31m[1m^[22m[39m[31m[1m^[22m[39m[31m[1m^[22m[39m[31m[1m^[22m[39m[31m[1m^[22m[39m[31m[1m^[22m[39m[31m[1m^[22m[39m[31m[1m^[22m[39m[31m[1m^[22m[39m[31m[1m^[22m[39m[31m[1m^[22m[39m[31m[1m^[22m[39m[31m[1m^[22m[39m[31m[1m^[22m[39m[31m[1m^[22m[39m[31m[1m^[22m[39m[31m[1m^[22m[39m[31m[1m^[22m[39m[31m[1m^[22m[39m[31m[1m^[22m[39m[31m[1m^[22m[39m[31m[1m^[22m[39m[31m[1m^[22m[39m[31m[1m^[22m[39m[31m[1m^[22m[39m[31m[1m^[22m[39m[31m[1m^[22m[39m[31m[1m^[22m[39m[31m[1m^[22m[39m[31m[1m^[22m[39m[31m[1m^[22m[39m[31m[1m^[22m[39m[31m[1m^[22m[39m[31m[1m^[22m[39m[31m[1m^[22m[39m[31m[1m^[22m[39m[31m[1m^[22m[39m[31m[1m^[22m[39m[31m[1m^[22m[39m[31m[1m^[22m[39m[31m[1m^[22m[39m[31m[1m^[22m[39m[31m[1m^[22m[39m[31m[1m^[22m[39m[31m[1m^[22m[39m[31m[1m^[22m[39m[31m[1m^[22m[39m[31m[1m^[22m[39m[31m[1m^[22m[39m[31m[1m^[22m[39m[31m[1m^[22m[39m[31m[1m^[22m[39m[31m[1m^[22m[39m[31m[1m^[22m[39m[31m[1m^[22m[39m[31m[1m^[22m[39m[31m[1m^[22m[39m[31m[1m^[22m[39m[31m[1m^[22m[39m[31m[1m^[22m[39m[31m[1m^[22m[39m[31m[1m^[22m[39m[31m[1m^[22m[39m[31m[1m^[22m[39m[31m[1m^[22m[39m[31m[1m^[22m[39m[31m[1m^[22m[39m[31m[1m^[22m[39m[31m[1m^[22m[39m[31m[1m^[22m[39m[31m[1m^[22m[39m[31m[1m^[22m[39m[31m[1m^[22m[39m[31m[1m^[22m[39m[31m[1m^[22m[39m[31m[1m^[22m[39m[31m[1m^[22m[39m[31m[1m^[22m[39m[31m[1m^[22m[39m[31m[1m^[22m[39m[31m[1m^[22m[39m[31m[1m^[22m[39m[31m[1m^[22m[39m[31m[1m^[22m[39m[31m[1m^[22m[39m[31m[1m^[22m[39m[31m[1m^[22m[39m[31m[1m^[22m[39m[31m[1m^[22m[39m[31m[1m^[22m[39m[31m[1m^[22m[39m[31m[1m^[22m[39m[31m[1m^[22m[39m[31m[1m^[22m[39m[31m[1m^[22m[39m[31m[1m^[22m[39m[31m[1m^[22m[39m[31m[1m^[22m[39m
 [90m 21 |[39m
 [90m 22 |[39m [36mconst[39m menuItems [33m=[39m [
 [90m 23 |[39m   {[0m

Import map: aliased to relative './components/ui/tooltip' inside of [project]/Project/engine-calc-id


Import traces:
  Client Component Browser:
    ./Project/engine-calc-id/components/sidebar.tsx [Client Component Browser]
    ./Project/engine-calc-id/app/dashboard/layout.tsx [Client Component Browser]
    ./Project/engine-calc-id/app/dashboard/layout.tsx [Server Component]

  Client Component SSR:
    ./Project/engine-calc-id/components/sidebar.tsx [Client Component SSR]
    ./Project/engine-calc-id/app/dashboard/layout.tsx [Client Component SSR]
    ./Project/engine-calc-id/app/dashboard/layout.tsx [Server Component]

https://nextjs.org/docs/messages/module-not-found


 ⨯ ./Project/engine-calc-id/components/sidebar.tsx:20:1
Module not found: Can't resolve '@/components/ui/tooltip'
[0m [90m 18 |[39m [36mimport[39m { useState[33m,[39m useEffect } [36mfrom[39m [32m"react"[39m[33m;[39m
 [90m 19 |[39m [36mimport[39m { cn } [36mfrom[39m [32m"@/lib/utils"[39m[33m;[39m
[31m[1m>[22m[39m[90m 20 |[39m [36mimport[39m { [33mTooltip[39m[33m,[39m [33mTooltipContent[39m[33m,[39m [33mTooltipProvider[39m[33m,[39m [33mTooltipTrigger[39m } [36mfrom[39m [32m"@/components/ui/tooltip"[39m[33m;[39m
 [90m    |[39m [31m[1m^[22m[39m[31m[1m^[22m[39m[31m[1m^[22m[39m[31m[1m^[22m[39m[31m[1m^[22m[39m[31m[1m^[22m[39m[31m[1m^[22m[39m[31m[1m^[22m[39m[31m[1m^[22m[39m[31m[1m^[22m[39m[31m[1m^[22m[39m[31m[1m^[22m[39m[31m[1m^[22m[39m[31m[1m^[22m[39m[31m[1m^[22m[39m[31m[1m^[22m[39m[31m[1m^[22m[39m[31m[1m^[22m[39m[31m[1m^[22m[39m[31m[1m^[22m[39m[31m[1m^[22m[39m[31m[1m^[22m[39m[31m[1m^[22m[39m[31m[1m^[22m[39m[31m[1m^[22m[39m[31m[1m^[22m[39m[31m[1m^[22m[39m[31m[1m^[22m[39m[31m[1m^[22m[39m[31m[1m^[22m[39m[31m[1m^[22m[39m[31m[1m^[22m[39m[31m[1m^[22m[39m[31m[1m^[22m[39m[31m[1m^[22m[39m[31m[1m^[22m[39m[31m[1m^[22m[39m[31m[1m^[22m[39m[31m[1m^[22m[39m[31m[1m^[22m[39m[31m[1m^[22m[39m[31m[1m^[22m[39m[31m[1m^[22m[39m[31m[1m^[22m[39m[31m[1m^[22m[39m[31m[1m^[22m[39m[31m[1m^[22m[39m[31m[1m^[22m[39m[31m[1m^[22m[39m[31m[1m^[22m[39m[31m[1m^[22m[39m[31m[1m^[22m[39m[31m[1m^[22m[39m[31m[1m^[22m[39m[31m[1m^[22m[39m[31m[1m^[22m[39m[31m[1m^[22m[39m[31m[1m^[22m[39m[31m[1m^[22m[39m[31m[1m^[22m[39m[31m[1m^[22m[39m[31m[1m^[22m[39m[31m[1m^[22m[39m[31m[1m^[22m[39m[31m[1m^[22m[39m[31m[1m^[22m[39m[31m[1m^[22m[39m[31m[1m^[22m[39m[31m[1m^[22m[39m[31m[1m^[22m[39m[31m[1m^[22m[39m[31m[1m^[22m[39m[31m[1m^[22m[39m[31m[1m^[22m[39m[31m[1m^[22m[39m[31m[1m^[22m[39m[31m[1m^[22m[39m[31m[1m^[22m[39m[31m[1m^[22m[39m[31m[1m^[22m[39m[31m[1m^[22m[39m[31m[1m^[22m[39m[31m[1m^[22m[39m[31m[1m^[22m[39m[31m[1m^[22m[39m[31m[1m^[22m[39m[31m[1m^[22m[39m[31m[1m^[22m[39m[31m[1m^[22m[39m[31m[1m^[22m[39m[31m[1m^[22m[39m[31m[1m^[22m[39m[31m[1m^[22m[39m[31m[1m^[22m[39m[31m[1m^[22m[39m[31m[1m^[22m[39m[31m[1m^[22m[39m[31m[1m^[22m[39m[31m[1m^[22m[39m
 [90m 21 |[39m
 [90m 22 |[39m [36mconst[39m menuItems [33m=[39m [
 [90m 23 |[39m   {[0m

Import map: aliased to relative './components/ui/tooltip' inside of [project]/Project/engine-calc-id


Import traces:
  Client Component Browser:
    ./Project/engine-calc-id/components/sidebar.tsx [Client Component Browser]
    ./Project/engine-calc-id/app/dashboard/layout.tsx [Client Component Browser]
    ./Project/engine-calc-id/app/dashboard/layout.tsx [Server Component]

  Client Component SSR:
    ./Project/engine-calc-id/components/sidebar.tsx [Client Component SSR]
    ./Project/engine-calc-id/app/dashboard/layout.tsx [Client Component SSR]
    ./Project/engine-calc-id/app/dashboard/layout.tsx [Server Component]

https://nextjs.org/docs/messages/module-not-found


 ⨯ ./Project/engine-calc-id/components/sidebar.tsx:20:1
Module not found: Can't resolve '@/components/ui/tooltip'
[0m [90m 18 |[39m [36mimport[39m { useState[33m,[39m useEffect } [36mfrom[39m [32m"react"[39m[33m;[39m
 [90m 19 |[39m [36mimport[39m { cn } [36mfrom[39m [32m"@/lib/utils"[39m[33m;[39m
[31m[1m>[22m[39m[90m 20 |[39m [36mimport[39m { [33mTooltip[39m[33m,[39m [33mTooltipContent[39m[33m,[39m [33mTooltipProvider[39m[33m,[39m [33mTooltipTrigger[39m } [36mfrom[39m [32m"@/components/ui/tooltip"[39m[33m;[39m
 [90m    |[39m [31m[1m^[22m[39m[31m[1m^[22m[39m[31m[1m^[22m[39m[31m[1m^[22m[39m[31m[1m^[22m[39m[31m[1m^[22m[39m[31m[1m^[22m[39m[31m[1m^[22m[39m[31m[1m^[22m[39m[31m[1m^[22m[39m[31m[1m^[22m[39m[31m[1m^[22m[39m[31m[1m^[22m[39m[31m[1m^[22m[39m[31m[1m^[22m[39m[31m[1m^[22m[39m[31m[1m^[22m[39m[31m[1m^[22m[39m[31m[1m^[22m[39m[31m[1m^[22m[39m[31m[1m^[22m[39m[31m[1m^[22m[39m[31m[1m^[22m[39m[31m[1m^[22m[39m[31m[1m^[22m[39m[31m[1m^[22m[39m[31m[1m^[22m[39m[31m[1m^[22m[39m[31m[1m^[22m[39m[31m[1m^[22m[39m[31m[1m^[22m[39m[31m[1m^[22m[39m[31m[1m^[22m[39m[31m[1m^[22m[39m[31m[1m^[22m[39m[31m[1m^[22m[39m[31m[1m^[22m[39m[31m[1m^[22m[39m[31m[1m^[22m[39m[31m[1m^[22m[39m[31m[1m^[22m[39m[31m[1m^[22m[39m[31m[1m^[22m[39m[31m[1m^[22m[39m[31m[1m^[22m[39m[31m[1m^[22m[39m[31m[1m^[22m[39m[31m[1m^[22m[39m[31m[1m^[22m[39m[31m[1m^[22m[39m[31m[1m^[22m[39m[31m[1m^[22m[39m[31m[1m^[22m[39m[31m[1m^[22m[39m[31m[1m^[22m[39m[31m[1m^[22m[39m[31m[1m^[22m[39m[31m[1m^[22m[39m[31m[1m^[22m[39m[31m[1m^[22m[39m[31m[1m^[22m[39m[31m[1m^[22m[39m[31m[1m^[22m[39m[31m[1m^[22m[39m[31m[1m^[22m[39m[31m[1m^[22m[39m[31m[1m^[22m[39m[31m[1m^[22m[39m[31m[1m^[22m[39m[31m[1m^[22m[39m[31m[1m^[22m[39m[31m[1m^[22m[39m[31m[1m^[22m[39m[31m[1m^[22m[39m[31m[1m^[22m[39m[31m[1m^[22m[39m[31m[1m^[22m[39m[31m[1m^[22m[39m[31m[1m^[22m[39m[31m[1m^[22m[39m[31m[1m^[22m[39m[31m[1m^[22m[39m[31m[1m^[22m[39m[31m[1m^[22m[39m[31m[1m^[22m[39m[31m[1m^[22m[39m[31m[1m^[22m[39m[31m[1m^[22m[39m[31m[1m^[22m[39m[31m[1m^[22m[39m[31m[1m^[22m[39m[31m[1m^[22m[39m[31m[1m^[22m[39m[31m[1m^[22m[39m[31m[1m^[22m[39m[31m[1m^[22m[39m[31m[1m^[22m[39m[31m[1m^[22m[39m[31m[1m^[22m[39m
 [90m 21 |[39m
 [90m 22 |[39m [36mconst[39m menuItems [33m=[39m [
 [90m 23 |[39m   {[0m

Import map: aliased to relative './components/ui/tooltip' inside of [project]/Project/engine-calc-id


Import traces:
  Client Component Browser:
    ./Project/engine-calc-id/components/sidebar.tsx [Client Component Browser]
    ./Project/engine-calc-id/app/dashboard/layout.tsx [Client Component Browser]
    ./Project/engine-calc-id/app/dashboard/layout.tsx [Server Component]

  Client Component SSR:
    ./Project/engine-calc-id/components/sidebar.tsx [Client Component SSR]
    ./Project/engine-calc-id/app/dashboard/layout.tsx [Client Component SSR]
    ./Project/engine-calc-id/app/dashboard/layout.tsx [Server Component]

https://nextjs.org/docs/messages/module-not-found


 ⨯ ./Project/engine-calc-id/components/sidebar.tsx:20:1
Module not found: Can't resolve '@/components/ui/tooltip'
[0m [90m 18 |[39m [36mimport[39m { useState[33m,[39m useEffect } [36mfrom[39m [32m"react"[39m[33m;[39m
 [90m 19 |[39m [36mimport[39m { cn } [36mfrom[39m [32m"@/lib/utils"[39m[33m;[39m
[31m[1m>[22m[39m[90m 20 |[39m [36mimport[39m { [33mTooltip[39m[33m,[39m [33mTooltipContent[39m[33m,[39m [33mTooltipProvider[39m[33m,[39m [33mTooltipTrigger[39m } [36mfrom[39m [32m"@/components/ui/tooltip"[39m[33m;[39m
 [90m    |[39m [31m[1m^[22m[39m[31m[1m^[22m[39m[31m[1m^[22m[39m[31m[1m^[22m[39m[31m[1m^[22m[39m[31m[1m^[22m[39m[31m[1m^[22m[39m[31m[1m^[22m[39m[31m[1m^[22m[39m[31m[1m^[22m[39m[31m[1m^[22m[39m[31m[1m^[22m[39m[31m[1m^[22m[39m[31m[1m^[22m[39m[31m[1m^[22m[39m[31m[1m^[22m[39m[31m[1m^[22m[39m[31m[1m^[22m[39m[31m[1m^[22m[39m[31m[1m^[22m[39m[31m[1m^[22m[39m[31m[1m^[22m[39m[31m[1m^[22m[39m[31m[1m^[22m[39m[31m[1m^[22m[39m[31m[1m^[22m[39m[31m[1m^[22m[39m[31m[1m^[22m[39m[31m[1m^[22m[39m[31m[1m^[22m[39m[31m[1m^[22m[39m[31m[1m^[22m[39m[31m[1m^[22m[39m[31m[1m^[22m[39m[31m[1m^[22m[39m[31m[1m^[22m[39m[31m[1m^[22m[39m[31m[1m^[22m[39m[31m[1m^[22m[39m[31m[1m^[22m[39m[31m[1m^[22m[39m[31m[1m^[22m[39m[31m[1m^[22m[39m[31m[1m^[22m[39m[31m[1m^[22m[39m[31m[1m^[22m[39m[31m[1m^[22m[39m[31m[1m^[22m[39m[31m[1m^[22m[39m[31m[1m^[22m[39m[31m[1m^[22m[39m[31m[1m^[22m[39m[31m[1m^[22m[39m[31m[1m^[22m[39m[31m[1m^[22m[39m[31m[1m^[22m[39m[31m[1m^[22m[39m[31m[1m^[22m[39m[31m[1m^[22m[39m[31m[1m^[22m[39m[31m[1m^[22m[39m[31m[1m^[22m[39m[31m[1m^[22m[39m[31m[1m^[22m[39m[31m[1m^[22m[39m[31m[1m^[22m[39m[31m[1m^[22m[39m[31m[1m^[22m[39m[31m[1m^[22m[39m[31m[1m^[22m[39m[31m[1m^[22m[39m[31m[1m^[22m[39m[31m[1m^[22m[39m[31m[1m^[22m[39m[31m[1m^[22m[39m[31m[1m^[22m[39m[31m[1m^[22m[39m[31m[1m^[22m[39m[31m[1m^[22m[39m[31m[1m^[22m[39m[31m[1m^[22m[39m[31m[1m^[22m[39m[31m[1m^[22m[39m[31m[1m^[22m[39m[31m[1m^[22m[39m[31m[1m^[22m[39m[31m[1m^[22m[39m[31m[1m^[22m[39m[31m[1m^[22m[39m[31m[1m^[22m[39m[31m[1m^[22m[39m[31m[1m^[22m[39m[31m[1m^[22m[39m[31m[1m^[22m[39m[31m[1m^[22m[39m[31m[1m^[22m[39m[31m[1m^[22m[39m[31m[1m^[22m[39m[31m[1m^[22m[39m
 [90m 21 |[39m
 [90m 22 |[39m [36mconst[39m menuItems [33m=[39m [
 [90m 23 |[39m   {[0m

Import map: aliased to relative './components/ui/tooltip' inside of [project]/Project/engine-calc-id


Import traces:
  Client Component Browser:
    ./Project/engine-calc-id/components/sidebar.tsx [Client Component Browser]
    ./Project/engine-calc-id/app/dashboard/layout.tsx [Client Component Browser]
    ./Project/engine-calc-id/app/dashboard/layout.tsx [Server Component]

  Client Component SSR:
    ./Project/engine-calc-id/components/sidebar.tsx [Client Component SSR]
    ./Project/engine-calc-id/app/dashboard/layout.tsx [Client Component SSR]
    ./Project/engine-calc-id/app/dashboard/layout.tsx [Server Component]

https://nextjs.org/docs/messages/module-not-found


 ⨯ ./Project/engine-calc-id/components/sidebar.tsx:20:1
Module not found: Can't resolve '@/components/ui/tooltip'
[0m [90m 18 |[39m [36mimport[39m { useState[33m,[39m useEffect } [36mfrom[39m [32m"react"[39m[33m;[39m
 [90m 19 |[39m [36mimport[39m { cn } [36mfrom[39m [32m"@/lib/utils"[39m[33m;[39m
[31m[1m>[22m[39m[90m 20 |[39m [36mimport[39m { [33mTooltip[39m[33m,[39m [33mTooltipContent[39m[33m,[39m [33mTooltipProvider[39m[33m,[39m [33mTooltipTrigger[39m } [36mfrom[39m [32m"@/components/ui/tooltip"[39m[33m;[39m
 [90m    |[39m [31m[1m^[22m[39m[31m[1m^[22m[39m[31m[1m^[22m[39m[31m[1m^[22m[39m[31m[1m^[22m[39m[31m[1m^[22m[39m[31m[1m^[22m[39m[31m[1m^[22m[39m[31m[1m^[22m[39m[31m[1m^[22m[39m[31m[1m^[22m[39m[31m[1m^[22m[39m[31m[1m^[22m[39m[31m[1m^[22m[39m[31m[1m^[22m[39m[31m[1m^[22m[39m[31m[1m^[22m[39m[31m[1m^[22m[39m[31m[1m^[22m[39m[31m[1m^[22m[39m[31m[1m^[22m[39m[31m[1m^[22m[39m[31m[1m^[22m[39m[31m[1m^[22m[39m[31m[1m^[22m[39m[31m[1m^[22m[39m[31m[1m^[22m[39m[31m[1m^[22m[39m[31m[1m^[22m[39m[31m[1m^[22m[39m[31m[1m^[22m[39m[31m[1m^[22m[39m[31m[1m^[22m[39m[31m[1m^[22m[39m[31m[1m^[22m[39m[31m[1m^[22m[39m[31m[1m^[22m[39m[31m[1m^[22m[39m[31m[1m^[22m[39m[31m[1m^[22m[39m[31m[1m^[22m[39m[31m[1m^[22m[39m[31m[1m^[22m[39m[31m[1m^[22m[39m[31m[1m^[22m[39m[31m[1m^[22m[39m[31m[1m^[22m[39m[31m[1m^[22m[39m[31m[1m^[22m[39m[31m[1m^[22m[39m[31m[1m^[22m[39m[31m[1m^[22m[39m[31m[1m^[22m[39m[31m[1m^[22m[39m[31m[1m^[22m[39m[31m[1m^[22m[39m[31m[1m^[22m[39m[31m[1m^[22m[39m[31m[1m^[22m[39m[31m[1m^[22m[39m[31m[1m^[22m[39m[31m[1m^[22m[39m[31m[1m^[22m[39m[31m[1m^[22m[39m[31m[1m^[22m[39m[31m[1m^[22m[39m[31m[1m^[22m[39m[31m[1m^[22m[39m[31m[1m^[22m[39m[31m[1m^[22m[39m[31m[1m^[22m[39m[31m[1m^[22m[39m[31m[1m^[22m[39m[31m[1m^[22m[39m[31m[1m^[22m[39m[31m[1m^[22m[39m[31m[1m^[22m[39m[31m[1m^[22m[39m[31m[1m^[22m[39m[31m[1m^[22m[39m[31m[1m^[22m[39m[31m[1m^[22m[39m[31m[1m^[22m[39m[31m[1m^[22m[39m[31m[1m^[22m[39m[31m[1m^[22m[39m[31m[1m^[22m[39m[31m[1m^[22m[39m[31m[1m^[22m[39m[31m[1m^[22m[39m[31m[1m^[22m[39m[31m[1m^[22m[39m[31m[1m^[22m[39m[31m[1m^[22m[39m[31m[1m^[22m[39m[31m[1m^[22m[39m[31m[1m^[22m[39m[31m[1m^[22m[39m[31m[1m^[22m[39m
 [90m 21 |[39m
 [90m 22 |[39m [36mconst[39m menuItems [33m=[39m [
 [90m 23 |[39m   {[0m

Import map: aliased to relative './components/ui/tooltip' inside of [project]/Project/engine-calc-id


Import traces:
  Client Component Browser:
    ./Project/engine-calc-id/components/sidebar.tsx [Client Component Browser]
    ./Project/engine-calc-id/app/dashboard/layout.tsx [Client Component Browser]
    ./Project/engine-calc-id/app/dashboard/layout.tsx [Server Component]

  Client Component SSR:
    ./Project/engine-calc-id/components/sidebar.tsx [Client Component SSR]
    ./Project/engine-calc-id/app/dashboard/layout.tsx [Client Component SSR]
    ./Project/engine-calc-id/app/dashboard/layout.tsx [Server Component]

https://nextjs.org/docs/messages/module-not-found


 ⨯ ./Project/engine-calc-id/components/sidebar.tsx:20:1
Module not found: Can't resolve '@/components/ui/tooltip'
[0m [90m 18 |[39m [36mimport[39m { useState[33m,[39m useEffect } [36mfrom[39m [32m"react"[39m[33m;[39m
 [90m 19 |[39m [36mimport[39m { cn } [36mfrom[39m [32m"@/lib/utils"[39m[33m;[39m
[31m[1m>[22m[39m[90m 20 |[39m [36mimport[39m { [33mTooltip[39m[33m,[39m [33mTooltipContent[39m[33m,[39m [33mTooltipProvider[39m[33m,[39m [33mTooltipTrigger[39m } [36mfrom[39m [32m"@/components/ui/tooltip"[39m[33m;[39m
 [90m    |[39m [31m[1m^[22m[39m[31m[1m^[22m[39m[31m[1m^[22m[39m[31m[1m^[22m[39m[31m[1m^[22m[39m[31m[1m^[22m[39m[31m[1m^[22m[39m[31m[1m^[22m[39m[31m[1m^[22m[39m[31m[1m^[22m[39m[31m[1m^[22m[39m[31m[1m^[22m[39m[31m[1m^[22m[39m[31m[1m^[22m[39m[31m[1m^[22m[39m[31m[1m^[22m[39m[31m[1m^[22m[39m[31m[1m^[22m[39m[31m[1m^[22m[39m[31m[1m^[22m[39m[31m[1m^[22m[39m[31m[1m^[22m[39m[31m[1m^[22m[39m[31m[1m^[22m[39m[31m[1m^[22m[39m[31m[1m^[22m[39m[31m[1m^[22m[39m[31m[1m^[22m[39m[31m[1m^[22m[39m[31m[1m^[22m[39m[31m[1m^[22m[39m[31m[1m^[22m[39m[31m[1m^[22m[39m[31m[1m^[22m[39m[31m[1m^[22m[39m[31m[1m^[22m[39m[31m[1m^[22m[39m[31m[1m^[22m[39m[31m[1m^[22m[39m[31m[1m^[22m[39m[31m[1m^[22m[39m[31m[1m^[22m[39m[31m[1m^[22m[39m[31m[1m^[22m[39m[31m[1m^[22m[39m[31m[1m^[22m[39m[31m[1m^[22m[39m[31m[1m^[22m[39m[31m[1m^[22m[39m[31m[1m^[22m[39m[31m[1m^[22m[39m[31m[1m^[22m[39m[31m[1m^[22m[39m[31m[1m^[22m[39m[31m[1m^[22m[39m[31m[1m^[22m[39m[31m[1m^[22m[39m[31m[1m^[22m[39m[31m[1m^[22m[39m[31m[1m^[22m[39m[31m[1m^[22m[39m[31m[1m^[22m[39m[31m[1m^[22m[39m[31m[1m^[22m[39m[31m[1m^[22m[39m[31m[1m^[22m[39m[31m[1m^[22m[39m[31m[1m^[22m[39m[31m[1m^[22m[39m[31m[1m^[22m[39m[31m[1m^[22m[39m[31m[1m^[22m[39m[31m[1m^[22m[39m[31m[1m^[22m[39m[31m[1m^[22m[39m[31m[1m^[22m[39m[31m[1m^[22m[39m[31m[1m^[22m[39m[31m[1m^[22m[39m[31m[1m^[22m[39m[31m[1m^[22m[39m[31m[1m^[22m[39m[31m[1m^[22m[39m[31m[1m^[22m[39m[31m[1m^[22m[39m[31m[1m^[22m[39m[31m[1m^[22m[39m[31m[1m^[22m[39m[31m[1m^[22m[39m[31m[1m^[22m[39m[31m[1m^[22m[39m[31m[1m^[22m[39m[31m[1m^[22m[39m[31m[1m^[22m[39m[31m[1m^[22m[39m[31m[1m^[22m[39m[31m[1m^[22m[39m[31m[1m^[22m[39m[31m[1m^[22m[39m
 [90m 21 |[39m
 [90m 22 |[39m [36mconst[39m menuItems [33m=[39m [
 [90m 23 |[39m   {[0m

Import map: aliased to relative './components/ui/tooltip' inside of [project]/Project/engine-calc-id


Import traces:
  Client Component Browser:
    ./Project/engine-calc-id/components/sidebar.tsx [Client Component Browser]
    ./Project/engine-calc-id/app/dashboard/layout.tsx [Client Component Browser]
    ./Project/engine-calc-id/app/dashboard/layout.tsx [Server Component]

  Client Component SSR:
    ./Project/engine-calc-id/components/sidebar.tsx [Client Component SSR]
    ./Project/engine-calc-id/app/dashboard/layout.tsx [Client Component SSR]
    ./Project/engine-calc-id/app/dashboard/layout.tsx [Server Component]

https://nextjs.org/docs/messages/module-not-found


 ⨯ ./Project/engine-calc-id/components/sidebar.tsx:20:1
Module not found: Can't resolve '@/components/ui/tooltip'
[0m [90m 18 |[39m [36mimport[39m { useState[33m,[39m useEffect } [36mfrom[39m [32m"react"[39m[33m;[39m
 [90m 19 |[39m [36mimport[39m { cn } [36mfrom[39m [32m"@/lib/utils"[39m[33m;[39m
[31m[1m>[22m[39m[90m 20 |[39m [36mimport[39m { [33mTooltip[39m[33m,[39m [33mTooltipContent[39m[33m,[39m [33mTooltipProvider[39m[33m,[39m [33mTooltipTrigger[39m } [36mfrom[39m [32m"@/components/ui/tooltip"[39m[33m;[39m
 [90m    |[39m [31m[1m^[22m[39m[31m[1m^[22m[39m[31m[1m^[22m[39m[31m[1m^[22m[39m[31m[1m^[22m[39m[31m[1m^[22m[39m[31m[1m^[22m[39m[31m[1m^[22m[39m[31m[1m^[22m[39m[31m[1m^[22m[39m[31m[1m^[22m[39m[31m[1m^[22m[39m[31m[1m^[22m[39m[31m[1m^[22m[39m[31m[1m^[22m[39m[31m[1m^[22m[39m[31m[1m^[22m[39m[31m[1m^[22m[39m[31m[1m^[22m[39m[31m[1m^[22m[39m[31m[1m^[22m[39m[31m[1m^[22m[39m[31m[1m^[22m[39m[31m[1m^[22m[39m[31m[1m^[22m[39m[31m[1m^[22m[39m[31m[1m^[22m[39m[31m[1m^[22m[39m[31m[1m^[22m[39m[31m[1m^[22m[39m[31m[1m^[22m[39m[31m[1m^[22m[39m[31m[1m^[22m[39m[31m[1m^[22m[39m[31m[1m^[22m[39m[31m[1m^[22m[39m[31m[1m^[22m[39m[31m[1m^[22m[39m[31m[1m^[22m[39m[31m[1m^[22m[39m[31m[1m^[22m[39m[31m[1m^[22m[39m[31m[1m^[22m[39m[31m[1m^[22m[39m[31m[1m^[22m[39m[31m[1m^[22m[39m[31m[1m^[22m[39m[31m[1m^[22m[39m[31m[1m^[22m[39m[31m[1m^[22m[39m[31m[1m^[22m[39m[31m[1m^[22m[39m[31m[1m^[22m[39m[31m[1m^[22m[39m[31m[1m^[22m[39m[31m[1m^[22m[39m[31m[1m^[22m[39m[31m[1m^[22m[39m[31m[1m^[22m[39m[31m[1m^[22m[39m[31m[1m^[22m[39m[31m[1m^[22m[39m[31m[1m^[22m[39m[31m[1m^[22m[39m[31m[1m^[22m[39m[31m[1m^[22m[39m[31m[1m^[22m[39m[31m[1m^[22m[39m[31m[1m^[22m[39m[31m[1m^[22m[39m[31m[1m^[22m[39m[31m[1m^[22m[39m[31m[1m^[22m[39m[31m[1m^[22m[39m[31m[1m^[22m[39m[31m[1m^[22m[39m[31m[1m^[22m[39m[31m[1m^[22m[39m[31m[1m^[22m[39m[31m[1m^[22m[39m[31m[1m^[22m[39m[31m[1m^[22m[39m[31m[1m^[22m[39m[31m[1m^[22m[39m[31m[1m^[22m[39m[31m[1m^[22m[39m[31m[1m^[22m[39m[31m[1m^[22m[39m[31m[1m^[22m[39m[31m[1m^[22m[39m[31m[1m^[22m[39m[31m[1m^[22m[39m[31m[1m^[22m[39m[31m[1m^[22m[39m[31m[1m^[22m[39m[31m[1m^[22m[39m[31m[1m^[22m[39m[31m[1m^[22m[39m[31m[1m^[22m[39m
 [90m 21 |[39m
 [90m 22 |[39m [36mconst[39m menuItems [33m=[39m [
 [90m 23 |[39m   {[0m

Import map: aliased to relative './components/ui/tooltip' inside of [project]/Project/engine-calc-id


Import traces:
  Client Component Browser:
    ./Project/engine-calc-id/components/sidebar.tsx [Client Component Browser]
    ./Project/engine-calc-id/app/dashboard/layout.tsx [Client Component Browser]
    ./Project/engine-calc-id/app/dashboard/layout.tsx [Server Component]

  Client Component SSR:
    ./Project/engine-calc-id/components/sidebar.tsx [Client Component SSR]
    ./Project/engine-calc-id/app/dashboard/layout.tsx [Client Component SSR]
    ./Project/engine-calc-id/app/dashboard/layout.tsx [Server Component]

https://nextjs.org/docs/messages/module-not-found


 ⨯ ./Project/engine-calc-id/components/sidebar.tsx:20:1
Module not found: Can't resolve '@/components/ui/tooltip'
[0m [90m 18 |[39m [36mimport[39m { useState[33m,[39m useEffect } [36mfrom[39m [32m"react"[39m[33m;[39m
 [90m 19 |[39m [36mimport[39m { cn } [36mfrom[39m [32m"@/lib/utils"[39m[33m;[39m
[31m[1m>[22m[39m[90m 20 |[39m [36mimport[39m { [33mTooltip[39m[33m,[39m [33mTooltipContent[39m[33m,[39m [33mTooltipProvider[39m[33m,[39m [33mTooltipTrigger[39m } [36mfrom[39m [32m"@/components/ui/tooltip"[39m[33m;[39m
 [90m    |[39m [31m[1m^[22m[39m[31m[1m^[22m[39m[31m[1m^[22m[39m[31m[1m^[22m[39m[31m[1m^[22m[39m[31m[1m^[22m[39m[31m[1m^[22m[39m[31m[1m^[22m[39m[31m[1m^[22m[39m[31m[1m^[22m[39m[31m[1m^[22m[39m[31m[1m^[22m[39m[31m[1m^[22m[39m[31m[1m^[22m[39m[31m[1m^[22m[39m[31m[1m^[22m[39m[31m[1m^[22m[39m[31m[1m^[22m[39m[31m[1m^[22m[39m[31m[1m^[22m[39m[31m[1m^[22m[39m[31m[1m^[22m[39m[31m[1m^[22m[39m[31m[1m^[22m[39m[31m[1m^[22m[39m[31m[1m^[22m[39m[31m[1m^[22m[39m[31m[1m^[22m[39m[31m[1m^[22m[39m[31m[1m^[22m[39m[31m[1m^[22m[39m[31m[1m^[22m[39m[31m[1m^[22m[39m[31m[1m^[22m[39m[31m[1m^[22m[39m[31m[1m^[22m[39m[31m[1m^[22m[39m[31m[1m^[22m[39m[31m[1m^[22m[39m[31m[1m^[22m[39m[31m[1m^[22m[39m[31m[1m^[22m[39m[31m[1m^[22m[39m[31m[1m^[22m[39m[31m[1m^[22m[39m[31m[1m^[22m[39m[31m[1m^[22m[39m[31m[1m^[22m[39m[31m[1m^[22m[39m[31m[1m^[22m[39m[31m[1m^[22m[39m[31m[1m^[22m[39m[31m[1m^[22m[39m[31m[1m^[22m[39m[31m[1m^[22m[39m[31m[1m^[22m[39m[31m[1m^[22m[39m[31m[1m^[22m[39m[31m[1m^[22m[39m[31m[1m^[22m[39m[31m[1m^[22m[39m[31m[1m^[22m[39m[31m[1m^[22m[39m[31m[1m^[22m[39m[31m[1m^[22m[39m[31m[1m^[22m[39m[31m[1m^[22m[39m[31m[1m^[22m[39m[31m[1m^[22m[39m[31m[1m^[22m[39m[31m[1m^[22m[39m[31m[1m^[22m[39m[31m[1m^[22m[39m[31m[1m^[22m[39m[31m[1m^[22m[39m[31m[1m^[22m[39m[31m[1m^[22m[39m[31m[1m^[22m[39m[31m[1m^[22m[39m[31m[1m^[22m[39m[31m[1m^[22m[39m[31m[1m^[22m[39m[31m[1m^[22m[39m[31m[1m^[22m[39m[31m[1m^[22m[39m[31m[1m^[22m[39m[31m[1m^[22m[39m[31m[1m^[22m[39m[31m[1m^[22m[39m[31m[1m^[22m[39m[31m[1m^[22m[39m[31m[1m^[22m[39m[31m[1m^[22m[39m[31m[1m^[22m[39m[31m[1m^[22m[39m[31m[1m^[22m[39m[31m[1m^[22m[39m[31m[1m^[22m[39m[31m[1m^[22m[39m
 [90m 21 |[39m
 [90m 22 |[39m [36mconst[39m menuItems [33m=[39m [
 [90m 23 |[39m   {[0m

Import map: aliased to relative './components/ui/tooltip' inside of [project]/Project/engine-calc-id


Import traces:
  Client Component Browser:
    ./Project/engine-calc-id/components/sidebar.tsx [Client Component Browser]
    ./Project/engine-calc-id/app/dashboard/layout.tsx [Client Component Browser]
    ./Project/engine-calc-id/app/dashboard/layout.tsx [Server Component]

  Client Component SSR:
    ./Project/engine-calc-id/components/sidebar.tsx [Client Component SSR]
    ./Project/engine-calc-id/app/dashboard/layout.tsx [Client Component SSR]
    ./Project/engine-calc-id/app/dashboard/layout.tsx [Server Component]

https://nextjs.org/docs/messages/module-not-found


 ⨯ ./Project/engine-calc-id/components/sidebar.tsx:20:1
Module not found: Can't resolve '@/components/ui/tooltip'
[0m [90m 18 |[39m [36mimport[39m { useState[33m,[39m useEffect } [36mfrom[39m [32m"react"[39m[33m;[39m
 [90m 19 |[39m [36mimport[39m { cn } [36mfrom[39m [32m"@/lib/utils"[39m[33m;[39m
[31m[1m>[22m[39m[90m 20 |[39m [36mimport[39m { [33mTooltip[39m[33m,[39m [33mTooltipContent[39m[33m,[39m [33mTooltipProvider[39m[33m,[39m [33mTooltipTrigger[39m } [36mfrom[39m [32m"@/components/ui/tooltip"[39m[33m;[39m
 [90m    |[39m [31m[1m^[22m[39m[31m[1m^[22m[39m[31m[1m^[22m[39m[31m[1m^[22m[39m[31m[1m^[22m[39m[31m[1m^[22m[39m[31m[1m^[22m[39m[31m[1m^[22m[39m[31m[1m^[22m[39m[31m[1m^[22m[39m[31m[1m^[22m[39m[31m[1m^[22m[39m[31m[1m^[22m[39m[31m[1m^[22m[39m[31m[1m^[22m[39m[31m[1m^[22m[39m[31m[1m^[22m[39m[31m[1m^[22m[39m[31m[1m^[22m[39m[31m[1m^[22m[39m[31m[1m^[22m[39m[31m[1m^[22m[39m[31m[1m^[22m[39m[31m[1m^[22m[39m[31m[1m^[22m[39m[31m[1m^[22m[39m[31m[1m^[22m[39m[31m[1m^[22m[39m[31m[1m^[22m[39m[31m[1m^[22m[39m[31m[1m^[22m[39m[31m[1m^[22m[39m[31m[1m^[22m[39m[31m[1m^[22m[39m[31m[1m^[22m[39m[31m[1m^[22m[39m[31m[1m^[22m[39m[31m[1m^[22m[39m[31m[1m^[22m[39m[31m[1m^[22m[39m[31m[1m^[22m[39m[31m[1m^[22m[39m[31m[1m^[22m[39m[31m[1m^[22m[39m[31m[1m^[22m[39m[31m[1m^[22m[39m[31m[1m^[22m[39m[31m[1m^[22m[39m[31m[1m^[22m[39m[31m[1m^[22m[39m[31m[1m^[22m[39m[31m[1m^[22m[39m[31m[1m^[22m[39m[31m[1m^[22m[39m[31m[1m^[22m[39m[31m[1m^[22m[39m[31m[1m^[22m[39m[31m[1m^[22m[39m[31m[1m^[22m[39m[31m[1m^[22m[39m[31m[1m^[22m[39m[31m[1m^[22m[39m[31m[1m^[22m[39m[31m[1m^[22m[39m[31m[1m^[22m[39m[31m[1m^[22m[39m[31m[1m^[22m[39m[31m[1m^[22m[39m[31m[1m^[22m[39m[31m[1m^[22m[39m[31m[1m^[22m[39m[31m[1m^[22m[39m[31m[1m^[22m[39m[31m[1m^[22m[39m[31m[1m^[22m[39m[31m[1m^[22m[39m[31m[1m^[22m[39m[31m[1m^[22m[39m[31m[1m^[22m[39m[31m[1m^[22m[39m[31m[1m^[22m[39m[31m[1m^[22m[39m[31m[1m^[22m[39m[31m[1m^[22m[39m[31m[1m^[22m[39m[31m[1m^[22m[39m[31m[1m^[22m[39m[31m[1m^[22m[39m[31m[1m^[22m[39m[31m[1m^[22m[39m[31m[1m^[22m[39m[31m[1m^[22m[39m[31m[1m^[22m[39m[31m[1m^[22m[39m[31m[1m^[22m[39m[31m[1m^[22m[39m[31m[1m^[22m[39m[31m[1m^[22m[39m[31m[1m^[22m[39m
 [90m 21 |[39m
 [90m 22 |[39m [36mconst[39m menuItems [33m=[39m [
 [90m 23 |[39m   {[0m

Import map: aliased to relative './components/ui/tooltip' inside of [project]/Project/engine-calc-id


Import traces:
  Client Component Browser:
    ./Project/engine-calc-id/components/sidebar.tsx [Client Component Browser]
    ./Project/engine-calc-id/app/dashboard/layout.tsx [Client Component Browser]
    ./Project/engine-calc-id/app/dashboard/layout.tsx [Server Component]

  Client Component SSR:
    ./Project/engine-calc-id/components/sidebar.tsx [Client Component SSR]
    ./Project/engine-calc-id/app/dashboard/layout.tsx [Client Component SSR]
    ./Project/engine-calc-id/app/dashboard/layout.tsx [Server Component]

https://nextjs.org/docs/messages/module-not-found


 ⨯ ./Project/engine-calc-id/components/sidebar.tsx:20:1
Module not found: Can't resolve '@/components/ui/tooltip'
[0m [90m 18 |[39m [36mimport[39m { useState[33m,[39m useEffect } [36mfrom[39m [32m"react"[39m[33m;[39m
 [90m 19 |[39m [36mimport[39m { cn } [36mfrom[39m [32m"@/lib/utils"[39m[33m;[39m
[31m[1m>[22m[39m[90m 20 |[39m [36mimport[39m { [33mTooltip[39m[33m,[39m [33mTooltipContent[39m[33m,[39m [33mTooltipProvider[39m[33m,[39m [33mTooltipTrigger[39m } [36mfrom[39m [32m"@/components/ui/tooltip"[39m[33m;[39m
 [90m    |[39m [31m[1m^[22m[39m[31m[1m^[22m[39m[31m[1m^[22m[39m[31m[1m^[22m[39m[31m[1m^[22m[39m[31m[1m^[22m[39m[31m[1m^[22m[39m[31m[1m^[22m[39m[31m[1m^[22m[39m[31m[1m^[22m[39m[31m[1m^[22m[39m[31m[1m^[22m[39m[31m[1m^[22m[39m[31m[1m^[22m[39m[31m[1m^[22m[39m[31m[1m^[22m[39m[31m[1m^[22m[39m[31m[1m^[22m[39m[31m[1m^[22m[39m[31m[1m^[22m[39m[31m[1m^[22m[39m[31m[1m^[22m[39m[31m[1m^[22m[39m[31m[1m^[22m[39m[31m[1m^[22m[39m[31m[1m^[22m[39m[31m[1m^[22m[39m[31m[1m^[22m[39m[31m[1m^[22m[39m[31m[1m^[22m[39m[31m[1m^[22m[39m[31m[1m^[22m[39m[31m[1m^[22m[39m[31m[1m^[22m[39m[31m[1m^[22m[39m[31m[1m^[22m[39m[31m[1m^[22m[39m[31m[1m^[22m[39m[31m[1m^[22m[39m[31m[1m^[22m[39m[31m[1m^[22m[39m[31m[1m^[22m[39m[31m[1m^[22m[39m[31m[1m^[22m[39m[31m[1m^[22m[39m[31m[1m^[22m[39m[31m[1m^[22m[39m[31m[1m^[22m[39m[31m[1m^[22m[39m[31m[1m^[22m[39m[31m[1m^[22m[39m[31m[1m^[22m[39m[31m[1m^[22m[39m[31m[1m^[22m[39m[31m[1m^[22m[39m[31m[1m^[22m[39m[31m[1m^[22m[39m[31m[1m^[22m[39m[31m[1m^[22m[39m[31m[1m^[22m[39m[31m[1m^[22m[39m[31m[1m^[22m[39m[31m[1m^[22m[39m[31m[1m^[22m[39m[31m[1m^[22m[39m[31m[1m^[22m[39m[31m[1m^[22m[39m[31m[1m^[22m[39m[31m[1m^[22m[39m[31m[1m^[22m[39m[31m[1m^[22m[39m[31m[1m^[22m[39m[31m[1m^[22m[39m[31m[1m^[22m[39m[31m[1m^[22m[39m[31m[1m^[22m[39m[31m[1m^[22m[39m[31m[1m^[22m[39m[31m[1m^[22m[39m[31m[1m^[22m[39m[31m[1m^[22m[39m[31m[1m^[22m[39m[31m[1m^[22m[39m[31m[1m^[22m[39m[31m[1m^[22m[39m[31m[1m^[22m[39m[31m[1m^[22m[39m[31m[1m^[22m[39m[31m[1m^[22m[39m[31m[1m^[22m[39m[31m[1m^[22m[39m[31m[1m^[22m[39m[31m[1m^[22m[39m[31m[1m^[22m[39m[31m[1m^[22m[39m[31m[1m^[22m[39m[31m[1m^[22m[39m[31m[1m^[22m[39m[31m[1m^[22m[39m
 [90m 21 |[39m
 [90m 22 |[39m [36mconst[39m menuItems [33m=[39m [
 [90m 23 |[39m   {[0m

Import map: aliased to relative './components/ui/tooltip' inside of [project]/Project/engine-calc-id


Import traces:
  Client Component Browser:
    ./Project/engine-calc-id/components/sidebar.tsx [Client Component Browser]
    ./Project/engine-calc-id/app/dashboard/layout.tsx [Client Component Browser]
    ./Project/engine-calc-id/app/dashboard/layout.tsx [Server Component]

  Client Component SSR:
    ./Project/engine-calc-id/components/sidebar.tsx [Client Component SSR]
    ./Project/engine-calc-id/app/dashboard/layout.tsx [Client Component SSR]
    ./Project/engine-calc-id/app/dashboard/layout.tsx [Server Component]

https://nextjs.org/docs/messages/module-not-found


 ⨯ ./Project/engine-calc-id/components/sidebar.tsx:20:1
Module not found: Can't resolve '@/components/ui/tooltip'
[0m [90m 18 |[39m [36mimport[39m { useState[33m,[39m useEffect } [36mfrom[39m [32m"react"[39m[33m;[39m
 [90m 19 |[39m [36mimport[39m { cn } [36mfrom[39m [32m"@/lib/utils"[39m[33m;[39m
[31m[1m>[22m[39m[90m 20 |[39m [36mimport[39m { [33mTooltip[39m[33m,[39m [33mTooltipContent[39m[33m,[39m [33mTooltipProvider[39m[33m,[39m [33mTooltipTrigger[39m } [36mfrom[39m [32m"@/components/ui/tooltip"[39m[33m;[39m
 [90m    |[39m [31m[1m^[22m[39m[31m[1m^[22m[39m[31m[1m^[22m[39m[31m[1m^[22m[39m[31m[1m^[22m[39m[31m[1m^[22m[39m[31m[1m^[22m[39m[31m[1m^[22m[39m[31m[1m^[22m[39m[31m[1m^[22m[39m[31m[1m^[22m[39m[31m[1m^[22m[39m[31m[1m^[22m[39m[31m[1m^[22m[39m[31m[1m^[22m[39m[31m[1m^[22m[39m[31m[1m^[22m[39m[31m[1m^[22m[39m[31m[1m^[22m[39m[31m[1m^[22m[39m[31m[1m^[22m[39m[31m[1m^[22m[39m[31m[1m^[22m[39m[31m[1m^[22m[39m[31m[1m^[22m[39m[31m[1m^[22m[39m[31m[1m^[22m[39m[31m[1m^[22m[39m[31m[1m^[22m[39m[31m[1m^[22m[39m[31m[1m^[22m[39m[31m[1m^[22m[39m[31m[1m^[22m[39m[31m[1m^[22m[39m[31m[1m^[22m[39m[31m[1m^[22m[39m[31m[1m^[22m[39m[31m[1m^[22m[39m[31m[1m^[22m[39m[31m[1m^[22m[39m[31m[1m^[22m[39m[31m[1m^[22m[39m[31m[1m^[22m[39m[31m[1m^[22m[39m[31m[1m^[22m[39m[31m[1m^[22m[39m[31m[1m^[22m[39m[31m[1m^[22m[39m[31m[1m^[22m[39m[31m[1m^[22m[39m[31m[1m^[22m[39m[31m[1m^[22m[39m[31m[1m^[22m[39m[31m[1m^[22m[39m[31m[1m^[22m[39m[31m[1m^[22m[39m[31m[1m^[22m[39m[31m[1m^[22m[39m[31m[1m^[22m[39m[31m[1m^[22m[39m[31m[1m^[22m[39m[31m[1m^[22m[39m[31m[1m^[22m[39m[31m[1m^[22m[39m[31m[1m^[22m[39m[31m[1m^[22m[39m[31m[1m^[22m[39m[31m[1m^[22m[39m[31m[1m^[22m[39m[31m[1m^[22m[39m[31m[1m^[22m[39m[31m[1m^[22m[39m[31m[1m^[22m[39m[31m[1m^[22m[39m[31m[1m^[22m[39m[31m[1m^[22m[39m[31m[1m^[22m[39m[31m[1m^[22m[39m[31m[1m^[22m[39m[31m[1m^[22m[39m[31m[1m^[22m[39m[31m[1m^[22m[39m[31m[1m^[22m[39m[31m[1m^[22m[39m[31m[1m^[22m[39m[31m[1m^[22m[39m[31m[1m^[22m[39m[31m[1m^[22m[39m[31m[1m^[22m[39m[31m[1m^[22m[39m[31m[1m^[22m[39m[31m[1m^[22m[39m[31m[1m^[22m[39m[31m[1m^[22m[39m[31m[1m^[22m[39m[31m[1m^[22m[39m[31m[1m^[22m[39m[31m[1m^[22m[39m[31m[1m^[22m[39m
 [90m 21 |[39m
 [90m 22 |[39m [36mconst[39m menuItems [33m=[39m [
 [90m 23 |[39m   {[0m

Import map: aliased to relative './components/ui/tooltip' inside of [project]/Project/engine-calc-id


Import traces:
  Client Component Browser:
    ./Project/engine-calc-id/components/sidebar.tsx [Client Component Browser]
    ./Project/engine-calc-id/app/dashboard/layout.tsx [Client Component Browser]
    ./Project/engine-calc-id/app/dashboard/layout.tsx [Server Component]

  Client Component SSR:
    ./Project/engine-calc-id/components/sidebar.tsx [Client Component SSR]
    ./Project/engine-calc-id/app/dashboard/layout.tsx [Client Component SSR]
    ./Project/engine-calc-id/app/dashboard/layout.tsx [Server Component]

https://nextjs.org/docs/messages/module-not-found


 ⨯ ./Project/engine-calc-id/components/sidebar.tsx:20:1
Module not found: Can't resolve '@/components/ui/tooltip'
[0m [90m 18 |[39m [36mimport[39m { useState[33m,[39m useEffect } [36mfrom[39m [32m"react"[39m[33m;[39m
 [90m 19 |[39m [36mimport[39m { cn } [36mfrom[39m [32m"@/lib/utils"[39m[33m;[39m
[31m[1m>[22m[39m[90m 20 |[39m [36mimport[39m { [33mTooltip[39m[33m,[39m [33mTooltipContent[39m[33m,[39m [33mTooltipProvider[39m[33m,[39m [33mTooltipTrigger[39m } [36mfrom[39m [32m"@/components/ui/tooltip"[39m[33m;[39m
 [90m    |[39m [31m[1m^[22m[39m[31m[1m^[22m[39m[31m[1m^[22m[39m[31m[1m^[22m[39m[31m[1m^[22m[39m[31m[1m^[22m[39m[31m[1m^[22m[39m[31m[1m^[22m[39m[31m[1m^[22m[39m[31m[1m^[22m[39m[31m[1m^[22m[39m[31m[1m^[22m[39m[31m[1m^[22m[39m[31m[1m^[22m[39m[31m[1m^[22m[39m[31m[1m^[22m[39m[31m[1m^[22m[39m[31m[1m^[22m[39m[31m[1m^[22m[39m[31m[1m^[22m[39m[31m[1m^[22m[39m[31m[1m^[22m[39m[31m[1m^[22m[39m[31m[1m^[22m[39m[31m[1m^[22m[39m[31m[1m^[22m[39m[31m[1m^[22m[39m[31m[1m^[22m[39m[31m[1m^[22m[39m[31m[1m^[22m[39m[31m[1m^[22m[39m[31m[1m^[22m[39m[31m[1m^[22m[39m[31m[1m^[22m[39m[31m[1m^[22m[39m[31m[1m^[22m[39m[31m[1m^[22m[39m[31m[1m^[22m[39m[31m[1m^[22m[39m[31m[1m^[22m[39m[31m[1m^[22m[39m[31m[1m^[22m[39m[31m[1m^[22m[39m[31m[1m^[22m[39m[31m[1m^[22m[39m[31m[1m^[22m[39m[31m[1m^[22m[39m[31m[1m^[22m[39m[31m[1m^[22m[39m[31m[1m^[22m[39m[31m[1m^[22m[39m[31m[1m^[22m[39m[31m[1m^[22m[39m[31m[1m^[22m[39m[31m[1m^[22m[39m[31m[1m^[22m[39m[31m[1m^[22m[39m[31m[1m^[22m[39m[31m[1m^[22m[39m[31m[1m^[22m[39m[31m[1m^[22m[39m[31m[1m^[22m[39m[31m[1m^[22m[39m[31m[1m^[22m[39m[31m[1m^[22m[39m[31m[1m^[22m[39m[31m[1m^[22m[39m[31m[1m^[22m[39m[31m[1m^[22m[39m[31m[1m^[22m[39m[31m[1m^[22m[39m[31m[1m^[22m[39m[31m[1m^[22m[39m[31m[1m^[22m[39m[31m[1m^[22m[39m[31m[1m^[22m[39m[31m[1m^[22m[39m[31m[1m^[22m[39m[31m[1m^[22m[39m[31m[1m^[22m[39m[31m[1m^[22m[39m[31m[1m^[22m[39m[31m[1m^[22m[39m[31m[1m^[22m[39m[31m[1m^[22m[39m[31m[1m^[22m[39m[31m[1m^[22m[39m[31m[1m^[22m[39m[31m[1m^[22m[39m[31m[1m^[22m[39m[31m[1m^[22m[39m[31m[1m^[22m[39m[31m[1m^[22m[39m[31m[1m^[22m[39m[31m[1m^[22m[39m[31m[1m^[22m[39m[31m[1m^[22m[39m[31m[1m^[22m[39m[31m[1m^[22m[39m
 [90m 21 |[39m
 [90m 22 |[39m [36mconst[39m menuItems [33m=[39m [
 [90m 23 |[39m   {[0m

Import map: aliased to relative './components/ui/tooltip' inside of [project]/Project/engine-calc-id


Import traces:
  Client Component Browser:
    ./Project/engine-calc-id/components/sidebar.tsx [Client Component Browser]
    ./Project/engine-calc-id/app/dashboard/layout.tsx [Client Component Browser]
    ./Project/engine-calc-id/app/dashboard/layout.tsx [Server Component]

  Client Component SSR:
    ./Project/engine-calc-id/components/sidebar.tsx [Client Component SSR]
    ./Project/engine-calc-id/app/dashboard/layout.tsx [Client Component SSR]
    ./Project/engine-calc-id/app/dashboard/layout.tsx [Server Component]

https://nextjs.org/docs/messages/module-not-found


 ⨯ ./Project/engine-calc-id/components/sidebar.tsx:20:1
Module not found: Can't resolve '@/components/ui/tooltip'
[0m [90m 18 |[39m [36mimport[39m { useState[33m,[39m useEffect } [36mfrom[39m [32m"react"[39m[33m;[39m
 [90m 19 |[39m [36mimport[39m { cn } [36mfrom[39m [32m"@/lib/utils"[39m[33m;[39m
[31m[1m>[22m[39m[90m 20 |[39m [36mimport[39m { [33mTooltip[39m[33m,[39m [33mTooltipContent[39m[33m,[39m [33mTooltipProvider[39m[33m,[39m [33mTooltipTrigger[39m } [36mfrom[39m [32m"@/components/ui/tooltip"[39m[33m;[39m
 [90m    |[39m [31m[1m^[22m[39m[31m[1m^[22m[39m[31m[1m^[22m[39m[31m[1m^[22m[39m[31m[1m^[22m[39m[31m[1m^[22m[39m[31m[1m^[22m[39m[31m[1m^[22m[39m[31m[1m^[22m[39m[31m[1m^[22m[39m[31m[1m^[22m[39m[31m[1m^[22m[39m[31m[1m^[22m[39m[31m[1m^[22m[39m[31m[1m^[22m[39m[31m[1m^[22m[39m[31m[1m^[22m[39m[31m[1m^[22m[39m[31m[1m^[22m[39m[31m[1m^[22m[39m[31m[1m^[22m[39m[31m[1m^[22m[39m[31m[1m^[22m[39m[31m[1m^[22m[39m[31m[1m^[22m[39m[31m[1m^[22m[39m[31m[1m^[22m[39m[31m[1m^[22m[39m[31m[1m^[22m[39m[31m[1m^[22m[39m[31m[1m^[22m[39m[31m[1m^[22m[39m[31m[1m^[22m[39m[31m[1m^[22m[39m[31m[1m^[22m[39m[31m[1m^[22m[39m[31m[1m^[22m[39m[31m[1m^[22m[39m[31m[1m^[22m[39m[31m[1m^[22m[39m[31m[1m^[22m[39m[31m[1m^[22m[39m[31m[1m^[22m[39m[31m[1m^[22m[39m[31m[1m^[22m[39m[31m[1m^[22m[39m[31m[1m^[22m[39m[31m[1m^[22m[39m[31m[1m^[22m[39m[31m[1m^[22m[39m[31m[1m^[22m[39m[31m[1m^[22m[39m[31m[1m^[22m[39m[31m[1m^[22m[39m[31m[1m^[22m[39m[31m[1m^[22m[39m[31m[1m^[22m[39m[31m[1m^[22m[39m[31m[1m^[22m[39m[31m[1m^[22m[39m[31m[1m^[22m[39m[31m[1m^[22m[39m[31m[1m^[22m[39m[31m[1m^[22m[39m[31m[1m^[22m[39m[31m[1m^[22m[39m[31m[1m^[22m[39m[31m[1m^[22m[39m[31m[1m^[22m[39m[31m[1m^[22m[39m[31m[1m^[22m[39m[31m[1m^[22m[39m[31m[1m^[22m[39m[31m[1m^[22m[39m[31m[1m^[22m[39m[31m[1m^[22m[39m[31m[1m^[22m[39m[31m[1m^[22m[39m[31m[1m^[22m[39m[31m[1m^[22m[39m[31m[1m^[22m[39m[31m[1m^[22m[39m[31m[1m^[22m[39m[31m[1m^[22m[39m[31m[1m^[22m[39m[31m[1m^[22m[39m[31m[1m^[22m[39m[31m[1m^[22m[39m[31m[1m^[22m[39m[31m[1m^[22m[39m[31m[1m^[22m[39m[31m[1m^[22m[39m[31m[1m^[22m[39m[31m[1m^[22m[39m[31m[1m^[22m[39m[31m[1m^[22m[39m[31m[1m^[22m[39m[31m[1m^[22m[39m[31m[1m^[22m[39m
 [90m 21 |[39m
 [90m 22 |[39m [36mconst[39m menuItems [33m=[39m [
 [90m 23 |[39m   {[0m

Import map: aliased to relative './components/ui/tooltip' inside of [project]/Project/engine-calc-id


Import traces:
  Client Component Browser:
    ./Project/engine-calc-id/components/sidebar.tsx [Client Component Browser]
    ./Project/engine-calc-id/app/dashboard/layout.tsx [Client Component Browser]
    ./Project/engine-calc-id/app/dashboard/layout.tsx [Server Component]

  Client Component SSR:
    ./Project/engine-calc-id/components/sidebar.tsx [Client Component SSR]
    ./Project/engine-calc-id/app/dashboard/layout.tsx [Client Component SSR]
    ./Project/engine-calc-id/app/dashboard/layout.tsx [Server Component]

https://nextjs.org/docs/messages/module-not-found


 ⨯ ./Project/engine-calc-id/components/sidebar.tsx:20:1
Module not found: Can't resolve '@/components/ui/tooltip'
[0m [90m 18 |[39m [36mimport[39m { useState[33m,[39m useEffect } [36mfrom[39m [32m"react"[39m[33m;[39m
 [90m 19 |[39m [36mimport[39m { cn } [36mfrom[39m [32m"@/lib/utils"[39m[33m;[39m
[31m[1m>[22m[39m[90m 20 |[39m [36mimport[39m { [33mTooltip[39m[33m,[39m [33mTooltipContent[39m[33m,[39m [33mTooltipProvider[39m[33m,[39m [33mTooltipTrigger[39m } [36mfrom[39m [32m"@/components/ui/tooltip"[39m[33m;[39m
 [90m    |[39m [31m[1m^[22m[39m[31m[1m^[22m[39m[31m[1m^[22m[39m[31m[1m^[22m[39m[31m[1m^[22m[39m[31m[1m^[22m[39m[31m[1m^[22m[39m[31m[1m^[22m[39m[31m[1m^[22m[39m[31m[1m^[22m[39m[31m[1m^[22m[39m[31m[1m^[22m[39m[31m[1m^[22m[39m[31m[1m^[22m[39m[31m[1m^[22m[39m[31m[1m^[22m[39m[31m[1m^[22m[39m[31m[1m^[22m[39m[31m[1m^[22m[39m[31m[1m^[22m[39m[31m[1m^[22m[39m[31m[1m^[22m[39m[31m[1m^[22m[39m[31m[1m^[22m[39m[31m[1m^[22m[39m[31m[1m^[22m[39m[31m[1m^[22m[39m[31m[1m^[22m[39m[31m[1m^[22m[39m[31m[1m^[22m[39m[31m[1m^[22m[39m[31m[1m^[22m[39m[31m[1m^[22m[39m[31m[1m^[22m[39m[31m[1m^[22m[39m[31m[1m^[22m[39m[31m[1m^[22m[39m[31m[1m^[22m[39m[31m[1m^[22m[39m[31m[1m^[22m[39m[31m[1m^[22m[39m[31m[1m^[22m[39m[31m[1m^[22m[39m[31m[1m^[22m[39m[31m[1m^[22m[39m[31m[1m^[22m[39m[31m[1m^[22m[39m[31m[1m^[22m[39m[31m[1m^[22m[39m[31m[1m^[22m[39m[31m[1m^[22m[39m[31m[1m^[22m[39m[31m[1m^[22m[39m[31m[1m^[22m[39m[31m[1m^[22m[39m[31m[1m^[22m[39m[31m[1m^[22m[39m[31m[1m^[22m[39m[31m[1m^[22m[39m[31m[1m^[22m[39m[31m[1m^[22m[39m[31m[1m^[22m[39m[31m[1m^[22m[39m[31m[1m^[22m[39m[31m[1m^[22m[39m[31m[1m^[22m[39m[31m[1m^[22m[39m[31m[1m^[22m[39m[31m[1m^[22m[39m[31m[1m^[22m[39m[31m[1m^[22m[39m[31m[1m^[22m[39m[31m[1m^[22m[39m[31m[1m^[22m[39m[31m[1m^[22m[39m[31m[1m^[22m[39m[31m[1m^[22m[39m[31m[1m^[22m[39m[31m[1m^[22m[39m[31m[1m^[22m[39m[31m[1m^[22m[39m[31m[1m^[22m[39m[31m[1m^[22m[39m[31m[1m^[22m[39m[31m[1m^[22m[39m[31m[1m^[22m[39m[31m[1m^[22m[39m[31m[1m^[22m[39m[31m[1m^[22m[39m[31m[1m^[22m[39m[31m[1m^[22m[39m[31m[1m^[22m[39m[31m[1m^[22m[39m[31m[1m^[22m[39m[31m[1m^[22m[39m[31m[1m^[22m[39m[31m[1m^[22m[39m[31m[1m^[22m[39m[31m[1m^[22m[39m
 [90m 21 |[39m
 [90m 22 |[39m [36mconst[39m menuItems [33m=[39m [
 [90m 23 |[39m   {[0m

Import map: aliased to relative './components/ui/tooltip' inside of [project]/Project/engine-calc-id


Import traces:
  Client Component Browser:
    ./Project/engine-calc-id/components/sidebar.tsx [Client Component Browser]
    ./Project/engine-calc-id/app/dashboard/layout.tsx [Client Component Browser]
    ./Project/engine-calc-id/app/dashboard/layout.tsx [Server Component]

  Client Component SSR:
    ./Project/engine-calc-id/components/sidebar.tsx [Client Component SSR]
    ./Project/engine-calc-id/app/dashboard/layout.tsx [Client Component SSR]
    ./Project/engine-calc-id/app/dashboard/layout.tsx [Server Component]

https://nextjs.org/docs/messages/module-not-found


 ⨯ ./Project/engine-calc-id/components/sidebar.tsx:20:1
Module not found: Can't resolve '@/components/ui/tooltip'
[0m [90m 18 |[39m [36mimport[39m { useState[33m,[39m useEffect } [36mfrom[39m [32m"react"[39m[33m;[39m
 [90m 19 |[39m [36mimport[39m { cn } [36mfrom[39m [32m"@/lib/utils"[39m[33m;[39m
[31m[1m>[22m[39m[90m 20 |[39m [36mimport[39m { [33mTooltip[39m[33m,[39m [33mTooltipContent[39m[33m,[39m [33mTooltipProvider[39m[33m,[39m [33mTooltipTrigger[39m } [36mfrom[39m [32m"@/components/ui/tooltip"[39m[33m;[39m
 [90m    |[39m [31m[1m^[22m[39m[31m[1m^[22m[39m[31m[1m^[22m[39m[31m[1m^[22m[39m[31m[1m^[22m[39m[31m[1m^[22m[39m[31m[1m^[22m[39m[31m[1m^[22m[39m[31m[1m^[22m[39m[31m[1m^[22m[39m[31m[1m^[22m[39m[31m[1m^[22m[39m[31m[1m^[22m[39m[31m[1m^[22m[39m[31m[1m^[22m[39m[31m[1m^[22m[39m[31m[1m^[22m[39m[31m[1m^[22m[39m[31m[1m^[22m[39m[31m[1m^[22m[39m[31m[1m^[22m[39m[31m[1m^[22m[39m[31m[1m^[22m[39m[31m[1m^[22m[39m[31m[1m^[22m[39m[31m[1m^[22m[39m[31m[1m^[22m[39m[31m[1m^[22m[39m[31m[1m^[22m[39m[31m[1m^[22m[39m[31m[1m^[22m[39m[31m[1m^[22m[39m[31m[1m^[22m[39m[31m[1m^[22m[39m[31m[1m^[22m[39m[31m[1m^[22m[39m[31m[1m^[22m[39m[31m[1m^[22m[39m[31m[1m^[22m[39m[31m[1m^[22m[39m[31m[1m^[22m[39m[31m[1m^[22m[39m[31m[1m^[22m[39m[31m[1m^[22m[39m[31m[1m^[22m[39m[31m[1m^[22m[39m[31m[1m^[22m[39m[31m[1m^[22m[39m[31m[1m^[22m[39m[31m[1m^[22m[39m[31m[1m^[22m[39m[31m[1m^[22m[39m[31m[1m^[22m[39m[31m[1m^[22m[39m[31m[1m^[22m[39m[31m[1m^[22m[39m[31m[1m^[22m[39m[31m[1m^[22m[39m[31m[1m^[22m[39m[31m[1m^[22m[39m[31m[1m^[22m[39m[31m[1m^[22m[39m[31m[1m^[22m[39m[31m[1m^[22m[39m[31m[1m^[22m[39m[31m[1m^[22m[39m[31m[1m^[22m[39m[31m[1m^[22m[39m[31m[1m^[22m[39m[31m[1m^[22m[39m[31m[1m^[22m[39m[31m[1m^[22m[39m[31m[1m^[22m[39m[31m[1m^[22m[39m[31m[1m^[22m[39m[31m[1m^[22m[39m[31m[1m^[22m[39m[31m[1m^[22m[39m[31m[1m^[22m[39m[31m[1m^[22m[39m[31m[1m^[22m[39m[31m[1m^[22m[39m[31m[1m^[22m[39m[31m[1m^[22m[39m[31m[1m^[22m[39m[31m[1m^[22m[39m[31m[1m^[22m[39m[31m[1m^[22m[39m[31m[1m^[22m[39m[31m[1m^[22m[39m[31m[1m^[22m[39m[31m[1m^[22m[39m[31m[1m^[22m[39m[31m[1m^[22m[39m[31m[1m^[22m[39m[31m[1m^[22m[39m[31m[1m^[22m[39m[31m[1m^[22m[39m[31m[1m^[22m[39m
 [90m 21 |[39m
 [90m 22 |[39m [36mconst[39m menuItems [33m=[39m [
 [90m 23 |[39m   {[0m

Import map: aliased to relative './components/ui/tooltip' inside of [project]/Project/engine-calc-id


Import traces:
  Client Component Browser:
    ./Project/engine-calc-id/components/sidebar.tsx [Client Component Browser]
    ./Project/engine-calc-id/app/dashboard/layout.tsx [Client Component Browser]
    ./Project/engine-calc-id/app/dashboard/layout.tsx [Server Component]

  Client Component SSR:
    ./Project/engine-calc-id/components/sidebar.tsx [Client Component SSR]
    ./Project/engine-calc-id/app/dashboard/layout.tsx [Client Component SSR]
    ./Project/engine-calc-id/app/dashboard/layout.tsx [Server Component]

https://nextjs.org/docs/messages/module-not-found


 ⨯ ./Project/engine-calc-id/components/sidebar.tsx:20:1
Module not found: Can't resolve '@/components/ui/tooltip'
[0m [90m 18 |[39m [36mimport[39m { useState[33m,[39m useEffect } [36mfrom[39m [32m"react"[39m[33m;[39m
 [90m 19 |[39m [36mimport[39m { cn } [36mfrom[39m [32m"@/lib/utils"[39m[33m;[39m
[31m[1m>[22m[39m[90m 20 |[39m [36mimport[39m { [33mTooltip[39m[33m,[39m [33mTooltipContent[39m[33m,[39m [33mTooltipProvider[39m[33m,[39m [33mTooltipTrigger[39m } [36mfrom[39m [32m"@/components/ui/tooltip"[39m[33m;[39m
 [90m    |[39m [31m[1m^[22m[39m[31m[1m^[22m[39m[31m[1m^[22m[39m[31m[1m^[22m[39m[31m[1m^[22m[39m[31m[1m^[22m[39m[31m[1m^[22m[39m[31m[1m^[22m[39m[31m[1m^[22m[39m[31m[1m^[22m[39m[31m[1m^[22m[39m[31m[1m^[22m[39m[31m[1m^[22m[39m[31m[1m^[22m[39m[31m[1m^[22m[39m[31m[1m^[22m[39m[31m[1m^[22m[39m[31m[1m^[22m[39m[31m[1m^[22m[39m[31m[1m^[22m[39m[31m[1m^[22m[39m[31m[1m^[22m[39m[31m[1m^[22m[39m[31m[1m^[22m[39m[31m[1m^[22m[39m[31m[1m^[22m[39m[31m[1m^[22m[39m[31m[1m^[22m[39m[31m[1m^[22m[39m[31m[1m^[22m[39m[31m[1m^[22m[39m[31m[1m^[22m[39m[31m[1m^[22m[39m[31m[1m^[22m[39m[31m[1m^[22m[39m[31m[1m^[22m[39m[31m[1m^[22m[39m[31m[1m^[22m[39m[31m[1m^[22m[39m[31m[1m^[22m[39m[31m[1m^[22m[39m[31m[1m^[22m[39m[31m[1m^[22m[39m[31m[1m^[22m[39m[31m[1m^[22m[39m[31m[1m^[22m[39m[31m[1m^[22m[39m[31m[1m^[22m[39m[31m[1m^[22m[39m[31m[1m^[22m[39m[31m[1m^[22m[39m[31m[1m^[22m[39m[31m[1m^[22m[39m[31m[1m^[22m[39m[31m[1m^[22m[39m[31m[1m^[22m[39m[31m[1m^[22m[39m[31m[1m^[22m[39m[31m[1m^[22m[39m[31m[1m^[22m[39m[31m[1m^[22m[39m[31m[1m^[22m[39m[31m[1m^[22m[39m[31m[1m^[22m[39m[31m[1m^[22m[39m[31m[1m^[22m[39m[31m[1m^[22m[39m[31m[1m^[22m[39m[31m[1m^[22m[39m[31m[1m^[22m[39m[31m[1m^[22m[39m[31m[1m^[22m[39m[31m[1m^[22m[39m[31m[1m^[22m[39m[31m[1m^[22m[39m[31m[1m^[22m[39m[31m[1m^[22m[39m[31m[1m^[22m[39m[31m[1m^[22m[39m[31m[1m^[22m[39m[31m[1m^[22m[39m[31m[1m^[22m[39m[31m[1m^[22m[39m[31m[1m^[22m[39m[31m[1m^[22m[39m[31m[1m^[22m[39m[31m[1m^[22m[39m[31m[1m^[22m[39m[31m[1m^[22m[39m[31m[1m^[22m[39m[31m[1m^[22m[39m[31m[1m^[22m[39m[31m[1m^[22m[39m[31m[1m^[22m[39m[31m[1m^[22m[39m[31m[1m^[22m[39m[31m[1m^[22m[39m[31m[1m^[22m[39m[31m[1m^[22m[39m
 [90m 21 |[39m
 [90m 22 |[39m [36mconst[39m menuItems [33m=[39m [
 [90m 23 |[39m   {[0m

Import map: aliased to relative './components/ui/tooltip' inside of [project]/Project/engine-calc-id


Import traces:
  Client Component Browser:
    ./Project/engine-calc-id/components/sidebar.tsx [Client Component Browser]
    ./Project/engine-calc-id/app/dashboard/layout.tsx [Client Component Browser]
    ./Project/engine-calc-id/app/dashboard/layout.tsx [Server Component]

  Client Component SSR:
    ./Project/engine-calc-id/components/sidebar.tsx [Client Component SSR]
    ./Project/engine-calc-id/app/dashboard/layout.tsx [Client Component SSR]
    ./Project/engine-calc-id/app/dashboard/layout.tsx [Server Component]

https://nextjs.org/docs/messages/module-not-found


 ⨯ ./Project/engine-calc-id/components/sidebar.tsx:20:1
Module not found: Can't resolve '@/components/ui/tooltip'
[0m [90m 18 |[39m [36mimport[39m { useState[33m,[39m useEffect } [36mfrom[39m [32m"react"[39m[33m;[39m
 [90m 19 |[39m [36mimport[39m { cn } [36mfrom[39m [32m"@/lib/utils"[39m[33m;[39m
[31m[1m>[22m[39m[90m 20 |[39m [36mimport[39m { [33mTooltip[39m[33m,[39m [33mTooltipContent[39m[33m,[39m [33mTooltipProvider[39m[33m,[39m [33mTooltipTrigger[39m } [36mfrom[39m [32m"@/components/ui/tooltip"[39m[33m;[39m
 [90m    |[39m [31m[1m^[22m[39m[31m[1m^[22m[39m[31m[1m^[22m[39m[31m[1m^[22m[39m[31m[1m^[22m[39m[31m[1m^[22m[39m[31m[1m^[22m[39m[31m[1m^[22m[39m[31m[1m^[22m[39m[31m[1m^[22m[39m[31m[1m^[22m[39m[31m[1m^[22m[39m[31m[1m^[22m[39m[31m[1m^[22m[39m[31m[1m^[22m[39m[31m[1m^[22m[39m[31m[1m^[22m[39m[31m[1m^[22m[39m[31m[1m^[22m[39m[31m[1m^[22m[39m[31m[1m^[22m[39m[31m[1m^[22m[39m[31m[1m^[22m[39m[31m[1m^[22m[39m[31m[1m^[22m[39m[31m[1m^[22m[39m[31m[1m^[22m[39m[31m[1m^[22m[39m[31m[1m^[22m[39m[31m[1m^[22m[39m[31m[1m^[22m[39m[31m[1m^[22m[39m[31m[1m^[22m[39m[31m[1m^[22m[39m[31m[1m^[22m[39m[31m[1m^[22m[39m[31m[1m^[22m[39m[31m[1m^[22m[39m[31m[1m^[22m[39m[31m[1m^[22m[39m[31m[1m^[22m[39m[31m[1m^[22m[39m[31m[1m^[22m[39m[31m[1m^[22m[39m[31m[1m^[22m[39m[31m[1m^[22m[39m[31m[1m^[22m[39m[31m[1m^[22m[39m[31m[1m^[22m[39m[31m[1m^[22m[39m[31m[1m^[22m[39m[31m[1m^[22m[39m[31m[1m^[22m[39m[31m[1m^[22m[39m[31m[1m^[22m[39m[31m[1m^[22m[39m[31m[1m^[22m[39m[31m[1m^[22m[39m[31m[1m^[22m[39m[31m[1m^[22m[39m[31m[1m^[22m[39m[31m[1m^[22m[39m[31m[1m^[22m[39m[31m[1m^[22m[39m[31m[1m^[22m[39m[31m[1m^[22m[39m[31m[1m^[22m[39m[31m[1m^[22m[39m[31m[1m^[22m[39m[31m[1m^[22m[39m[31m[1m^[22m[39m[31m[1m^[22m[39m[31m[1m^[22m[39m[31m[1m^[22m[39m[31m[1m^[22m[39m[31m[1m^[22m[39m[31m[1m^[22m[39m[31m[1m^[22m[39m[31m[1m^[22m[39m[31m[1m^[22m[39m[31m[1m^[22m[39m[31m[1m^[22m[39m[31m[1m^[22m[39m[31m[1m^[22m[39m[31m[1m^[22m[39m[31m[1m^[22m[39m[31m[1m^[22m[39m[31m[1m^[22m[39m[31m[1m^[22m[39m[31m[1m^[22m[39m[31m[1m^[22m[39m[31m[1m^[22m[39m[31m[1m^[22m[39m[31m[1m^[22m[39m[31m[1m^[22m[39m[31m[1m^[22m[39m[31m[1m^[22m[39m[31m[1m^[22m[39m[31m[1m^[22m[39m
 [90m 21 |[39m
 [90m 22 |[39m [36mconst[39m menuItems [33m=[39m [
 [90m 23 |[39m   {[0m

Import map: aliased to relative './components/ui/tooltip' inside of [project]/Project/engine-calc-id


Import traces:
  Client Component Browser:
    ./Project/engine-calc-id/components/sidebar.tsx [Client Component Browser]
    ./Project/engine-calc-id/app/dashboard/layout.tsx [Client Component Browser]
    ./Project/engine-calc-id/app/dashboard/layout.tsx [Server Component]

  Client Component SSR:
    ./Project/engine-calc-id/components/sidebar.tsx [Client Component SSR]
    ./Project/engine-calc-id/app/dashboard/layout.tsx [Client Component SSR]
    ./Project/engine-calc-id/app/dashboard/layout.tsx [Server Component]

https://nextjs.org/docs/messages/module-not-found


 ⨯ ./Project/engine-calc-id/components/sidebar.tsx:20:1
Module not found: Can't resolve '@/components/ui/tooltip'
[0m [90m 18 |[39m [36mimport[39m { useState[33m,[39m useEffect } [36mfrom[39m [32m"react"[39m[33m;[39m
 [90m 19 |[39m [36mimport[39m { cn } [36mfrom[39m [32m"@/lib/utils"[39m[33m;[39m
[31m[1m>[22m[39m[90m 20 |[39m [36mimport[39m { [33mTooltip[39m[33m,[39m [33mTooltipContent[39m[33m,[39m [33mTooltipProvider[39m[33m,[39m [33mTooltipTrigger[39m } [36mfrom[39m [32m"@/components/ui/tooltip"[39m[33m;[39m
 [90m    |[39m [31m[1m^[22m[39m[31m[1m^[22m[39m[31m[1m^[22m[39m[31m[1m^[22m[39m[31m[1m^[22m[39m[31m[1m^[22m[39m[31m[1m^[22m[39m[31m[1m^[22m[39m[31m[1m^[22m[39m[31m[1m^[22m[39m[31m[1m^[22m[39m[31m[1m^[22m[39m[31m[1m^[22m[39m[31m[1m^[22m[39m[31m[1m^[22m[39m[31m[1m^[22m[39m[31m[1m^[22m[39m[31m[1m^[22m[39m[31m[1m^[22m[39m[31m[1m^[22m[39m[31m[1m^[22m[39m[31m[1m^[22m[39m[31m[1m^[22m[39m[31m[1m^[22m[39m[31m[1m^[22m[39m[31m[1m^[22m[39m[31m[1m^[22m[39m[31m[1m^[22m[39m[31m[1m^[22m[39m[31m[1m^[22m[39m[31m[1m^[22m[39m[31m[1m^[22m[39m[31m[1m^[22m[39m[31m[1m^[22m[39m[31m[1m^[22m[39m[31m[1m^[22m[39m[31m[1m^[22m[39m[31m[1m^[22m[39m[31m[1m^[22m[39m[31m[1m^[22m[39m[31m[1m^[22m[39m[31m[1m^[22m[39m[31m[1m^[22m[39m[31m[1m^[22m[39m[31m[1m^[22m[39m[31m[1m^[22m[39m[31m[1m^[22m[39m[31m[1m^[22m[39m[31m[1m^[22m[39m[31m[1m^[22m[39m[31m[1m^[22m[39m[31m[1m^[22m[39m[31m[1m^[22m[39m[31m[1m^[22m[39m[31m[1m^[22m[39m[31m[1m^[22m[39m[31m[1m^[22m[39m[31m[1m^[22m[39m[31m[1m^[22m[39m[31m[1m^[22m[39m[31m[1m^[22m[39m[31m[1m^[22m[39m[31m[1m^[22m[39m[31m[1m^[22m[39m[31m[1m^[22m[39m[31m[1m^[22m[39m[31m[1m^[22m[39m[31m[1m^[22m[39m[31m[1m^[22m[39m[31m[1m^[22m[39m[31m[1m^[22m[39m[31m[1m^[22m[39m[31m[1m^[22m[39m[31m[1m^[22m[39m[31m[1m^[22m[39m[31m[1m^[22m[39m[31m[1m^[22m[39m[31m[1m^[22m[39m[31m[1m^[22m[39m[31m[1m^[22m[39m[31m[1m^[22m[39m[31m[1m^[22m[39m[31m[1m^[22m[39m[31m[1m^[22m[39m[31m[1m^[22m[39m[31m[1m^[22m[39m[31m[1m^[22m[39m[31m[1m^[22m[39m[31m[1m^[22m[39m[31m[1m^[22m[39m[31m[1m^[22m[39m[31m[1m^[22m[39m[31m[1m^[22m[39m[31m[1m^[22m[39m[31m[1m^[22m[39m[31m[1m^[22m[39m[31m[1m^[22m[39m[31m[1m^[22m[39m[31m[1m^[22m[39m
 [90m 21 |[39m
 [90m 22 |[39m [36mconst[39m menuItems [33m=[39m [
 [90m 23 |[39m   {[0m

Import map: aliased to relative './components/ui/tooltip' inside of [project]/Project/engine-calc-id


Import traces:
  Client Component Browser:
    ./Project/engine-calc-id/components/sidebar.tsx [Client Component Browser]
    ./Project/engine-calc-id/app/dashboard/layout.tsx [Client Component Browser]
    ./Project/engine-calc-id/app/dashboard/layout.tsx [Server Component]

  Client Component SSR:
    ./Project/engine-calc-id/components/sidebar.tsx [Client Component SSR]
    ./Project/engine-calc-id/app/dashboard/layout.tsx [Client Component SSR]
    ./Project/engine-calc-id/app/dashboard/layout.tsx [Server Component]

https://nextjs.org/docs/messages/module-not-found


 ⨯ ./Project/engine-calc-id/components/sidebar.tsx:20:1
Module not found: Can't resolve '@/components/ui/tooltip'
[0m [90m 18 |[39m [36mimport[39m { useState[33m,[39m useEffect } [36mfrom[39m [32m"react"[39m[33m;[39m
 [90m 19 |[39m [36mimport[39m { cn } [36mfrom[39m [32m"@/lib/utils"[39m[33m;[39m
[31m[1m>[22m[39m[90m 20 |[39m [36mimport[39m { [33mTooltip[39m[33m,[39m [33mTooltipContent[39m[33m,[39m [33mTooltipProvider[39m[33m,[39m [33mTooltipTrigger[39m } [36mfrom[39m [32m"@/components/ui/tooltip"[39m[33m;[39m
 [90m    |[39m [31m[1m^[22m[39m[31m[1m^[22m[39m[31m[1m^[22m[39m[31m[1m^[22m[39m[31m[1m^[22m[39m[31m[1m^[22m[39m[31m[1m^[22m[39m[31m[1m^[22m[39m[31m[1m^[22m[39m[31m[1m^[22m[39m[31m[1m^[22m[39m[31m[1m^[22m[39m[31m[1m^[22m[39m[31m[1m^[22m[39m[31m[1m^[22m[39m[31m[1m^[22m[39m[31m[1m^[22m[39m[31m[1m^[22m[39m[31m[1m^[22m[39m[31m[1m^[22m[39m[31m[1m^[22m[39m[31m[1m^[22m[39m[31m[1m^[22m[39m[31m[1m^[22m[39m[31m[1m^[22m[39m[31m[1m^[22m[39m[31m[1m^[22m[39m[31m[1m^[22m[39m[31m[1m^[22m[39m[31m[1m^[22m[39m[31m[1m^[22m[39m[31m[1m^[22m[39m[31m[1m^[22m[39m[31m[1m^[22m[39m[31m[1m^[22m[39m[31m[1m^[22m[39m[31m[1m^[22m[39m[31m[1m^[22m[39m[31m[1m^[22m[39m[31m[1m^[22m[39m[31m[1m^[22m[39m[31m[1m^[22m[39m[31m[1m^[22m[39m[31m[1m^[22m[39m[31m[1m^[22m[39m[31m[1m^[22m[39m[31m[1m^[22m[39m[31m[1m^[22m[39m[31m[1m^[22m[39m[31m[1m^[22m[39m[31m[1m^[22m[39m[31m[1m^[22m[39m[31m[1m^[22m[39m[31m[1m^[22m[39m[31m[1m^[22m[39m[31m[1m^[22m[39m[31m[1m^[22m[39m[31m[1m^[22m[39m[31m[1m^[22m[39m[31m[1m^[22m[39m[31m[1m^[22m[39m[31m[1m^[22m[39m[31m[1m^[22m[39m[31m[1m^[22m[39m[31m[1m^[22m[39m[31m[1m^[22m[39m[31m[1m^[22m[39m[31m[1m^[22m[39m[31m[1m^[22m[39m[31m[1m^[22m[39m[31m[1m^[22m[39m[31m[1m^[22m[39m[31m[1m^[22m[39m[31m[1m^[22m[39m[31m[1m^[22m[39m[31m[1m^[22m[39m[31m[1m^[22m[39m[31m[1m^[22m[39m[31m[1m^[22m[39m[31m[1m^[22m[39m[31m[1m^[22m[39m[31m[1m^[22m[39m[31m[1m^[22m[39m[31m[1m^[22m[39m[31m[1m^[22m[39m[31m[1m^[22m[39m[31m[1m^[22m[39m[31m[1m^[22m[39m[31m[1m^[22m[39m[31m[1m^[22m[39m[31m[1m^[22m[39m[31m[1m^[22m[39m[31m[1m^[22m[39m[31m[1m^[22m[39m[31m[1m^[22m[39m[31m[1m^[22m[39m[31m[1m^[22m[39m[31m[1m^[22m[39m[31m[1m^[22m[39m
 [90m 21 |[39m
 [90m 22 |[39m [36mconst[39m menuItems [33m=[39m [
 [90m 23 |[39m   {[0m

Import map: aliased to relative './components/ui/tooltip' inside of [project]/Project/engine-calc-id


Import traces:
  Client Component Browser:
    ./Project/engine-calc-id/components/sidebar.tsx [Client Component Browser]
    ./Project/engine-calc-id/app/dashboard/layout.tsx [Client Component Browser]
    ./Project/engine-calc-id/app/dashboard/layout.tsx [Server Component]

  Client Component SSR:
    ./Project/engine-calc-id/components/sidebar.tsx [Client Component SSR]
    ./Project/engine-calc-id/app/dashboard/layout.tsx [Client Component SSR]
    ./Project/engine-calc-id/app/dashboard/layout.tsx [Server Component]

https://nextjs.org/docs/messages/module-not-found


 ⨯ ./Project/engine-calc-id/components/sidebar.tsx:20:1
Module not found: Can't resolve '@/components/ui/tooltip'
[0m [90m 18 |[39m [36mimport[39m { useState[33m,[39m useEffect } [36mfrom[39m [32m"react"[39m[33m;[39m
 [90m 19 |[39m [36mimport[39m { cn } [36mfrom[39m [32m"@/lib/utils"[39m[33m;[39m
[31m[1m>[22m[39m[90m 20 |[39m [36mimport[39m { [33mTooltip[39m[33m,[39m [33mTooltipContent[39m[33m,[39m [33mTooltipProvider[39m[33m,[39m [33mTooltipTrigger[39m } [36mfrom[39m [32m"@/components/ui/tooltip"[39m[33m;[39m
 [90m    |[39m [31m[1m^[22m[39m[31m[1m^[22m[39m[31m[1m^[22m[39m[31m[1m^[22m[39m[31m[1m^[22m[39m[31m[1m^[22m[39m[31m[1m^[22m[39m[31m[1m^[22m[39m[31m[1m^[22m[39m[31m[1m^[22m[39m[31m[1m^[22m[39m[31m[1m^[22m[39m[31m[1m^[22m[39m[31m[1m^[22m[39m[31m[1m^[22m[39m[31m[1m^[22m[39m[31m[1m^[22m[39m[31m[1m^[22m[39m[31m[1m^[22m[39m[31m[1m^[22m[39m[31m[1m^[22m[39m[31m[1m^[22m[39m[31m[1m^[22m[39m[31m[1m^[22m[39m[31m[1m^[22m[39m[31m[1m^[22m[39m[31m[1m^[22m[39m[31m[1m^[22m[39m[31m[1m^[22m[39m[31m[1m^[22m[39m[31m[1m^[22m[39m[31m[1m^[22m[39m[31m[1m^[22m[39m[31m[1m^[22m[39m[31m[1m^[22m[39m[31m[1m^[22m[39m[31m[1m^[22m[39m[31m[1m^[22m[39m[31m[1m^[22m[39m[31m[1m^[22m[39m[31m[1m^[22m[39m[31m[1m^[22m[39m[31m[1m^[22m[39m[31m[1m^[22m[39m[31m[1m^[22m[39m[31m[1m^[22m[39m[31m[1m^[22m[39m[31m[1m^[22m[39m[31m[1m^[22m[39m[31m[1m^[22m[39m[31m[1m^[22m[39m[31m[1m^[22m[39m[31m[1m^[22m[39m[31m[1m^[22m[39m[31m[1m^[22m[39m[31m[1m^[22m[39m[31m[1m^[22m[39m[31m[1m^[22m[39m[31m[1m^[22m[39m[31m[1m^[22m[39m[31m[1m^[22m[39m[31m[1m^[22m[39m[31m[1m^[22m[39m[31m[1m^[22m[39m[31m[1m^[22m[39m[31m[1m^[22m[39m[31m[1m^[22m[39m[31m[1m^[22m[39m[31m[1m^[22m[39m[31m[1m^[22m[39m[31m[1m^[22m[39m[31m[1m^[22m[39m[31m[1m^[22m[39m[31m[1m^[22m[39m[31m[1m^[22m[39m[31m[1m^[22m[39m[31m[1m^[22m[39m[31m[1m^[22m[39m[31m[1m^[22m[39m[31m[1m^[22m[39m[31m[1m^[22m[39m[31m[1m^[22m[39m[31m[1m^[22m[39m[31m[1m^[22m[39m[31m[1m^[22m[39m[31m[1m^[22m[39m[31m[1m^[22m[39m[31m[1m^[22m[39m[31m[1m^[22m[39m[31m[1m^[22m[39m[31m[1m^[22m[39m[31m[1m^[22m[39m[31m[1m^[22m[39m[31m[1m^[22m[39m[31m[1m^[22m[39m[31m[1m^[22m[39m[31m[1m^[22m[39m[31m[1m^[22m[39m[31m[1m^[22m[39m
 [90m 21 |[39m
 [90m 22 |[39m [36mconst[39m menuItems [33m=[39m [
 [90m 23 |[39m   {[0m

Import map: aliased to relative './components/ui/tooltip' inside of [project]/Project/engine-calc-id


Import traces:
  Client Component Browser:
    ./Project/engine-calc-id/components/sidebar.tsx [Client Component Browser]
    ./Project/engine-calc-id/app/dashboard/layout.tsx [Client Component Browser]
    ./Project/engine-calc-id/app/dashboard/layout.tsx [Server Component]

  Client Component SSR:
    ./Project/engine-calc-id/components/sidebar.tsx [Client Component SSR]
    ./Project/engine-calc-id/app/dashboard/layout.tsx [Client Component SSR]
    ./Project/engine-calc-id/app/dashboard/layout.tsx [Server Component]

https://nextjs.org/docs/messages/module-not-found


 ⨯ ./Project/engine-calc-id/components/sidebar.tsx:20:1
Module not found: Can't resolve '@/components/ui/tooltip'
[0m [90m 18 |[39m [36mimport[39m { useState[33m,[39m useEffect } [36mfrom[39m [32m"react"[39m[33m;[39m
 [90m 19 |[39m [36mimport[39m { cn } [36mfrom[39m [32m"@/lib/utils"[39m[33m;[39m
[31m[1m>[22m[39m[90m 20 |[39m [36mimport[39m { [33mTooltip[39m[33m,[39m [33mTooltipContent[39m[33m,[39m [33mTooltipProvider[39m[33m,[39m [33mTooltipTrigger[39m } [36mfrom[39m [32m"@/components/ui/tooltip"[39m[33m;[39m
 [90m    |[39m [31m[1m^[22m[39m[31m[1m^[22m[39m[31m[1m^[22m[39m[31m[1m^[22m[39m[31m[1m^[22m[39m[31m[1m^[22m[39m[31m[1m^[22m[39m[31m[1m^[22m[39m[31m[1m^[22m[39m[31m[1m^[22m[39m[31m[1m^[22m[39m[31m[1m^[22m[39m[31m[1m^[22m[39m[31m[1m^[22m[39m[31m[1m^[22m[39m[31m[1m^[22m[39m[31m[1m^[22m[39m[31m[1m^[22m[39m[31m[1m^[22m[39m[31m[1m^[22m[39m[31m[1m^[22m[39m[31m[1m^[22m[39m[31m[1m^[22m[39m[31m[1m^[22m[39m[31m[1m^[22m[39m[31m[1m^[22m[39m[31m[1m^[22m[39m[31m[1m^[22m[39m[31m[1m^[22m[39m[31m[1m^[22m[39m[31m[1m^[22m[39m[31m[1m^[22m[39m[31m[1m^[22m[39m[31m[1m^[22m[39m[31m[1m^[22m[39m[31m[1m^[22m[39m[31m[1m^[22m[39m[31m[1m^[22m[39m[31m[1m^[22m[39m[31m[1m^[22m[39m[31m[1m^[22m[39m[31m[1m^[22m[39m[31m[1m^[22m[39m[31m[1m^[22m[39m[31m[1m^[22m[39m[31m[1m^[22m[39m[31m[1m^[22m[39m[31m[1m^[22m[39m[31m[1m^[22m[39m[31m[1m^[22m[39m[31m[1m^[22m[39m[31m[1m^[22m[39m[31m[1m^[22m[39m[31m[1m^[22m[39m[31m[1m^[22m[39m[31m[1m^[22m[39m[31m[1m^[22m[39m[31m[1m^[22m[39m[31m[1m^[22m[39m[31m[1m^[22m[39m[31m[1m^[22m[39m[31m[1m^[22m[39m[31m[1m^[22m[39m[31m[1m^[22m[39m[31m[1m^[22m[39m[31m[1m^[22m[39m[31m[1m^[22m[39m[31m[1m^[22m[39m[31m[1m^[22m[39m[31m[1m^[22m[39m[31m[1m^[22m[39m[31m[1m^[22m[39m[31m[1m^[22m[39m[31m[1m^[22m[39m[31m[1m^[22m[39m[31m[1m^[22m[39m[31m[1m^[22m[39m[31m[1m^[22m[39m[31m[1m^[22m[39m[31m[1m^[22m[39m[31m[1m^[22m[39m[31m[1m^[22m[39m[31m[1m^[22m[39m[31m[1m^[22m[39m[31m[1m^[22m[39m[31m[1m^[22m[39m[31m[1m^[22m[39m[31m[1m^[22m[39m[31m[1m^[22m[39m[31m[1m^[22m[39m[31m[1m^[22m[39m[31m[1m^[22m[39m[31m[1m^[22m[39m[31m[1m^[22m[39m[31m[1m^[22m[39m[31m[1m^[22m[39m[31m[1m^[22m[39m[31m[1m^[22m[39m[31m[1m^[22m[39m
 [90m 21 |[39m
 [90m 22 |[39m [36mconst[39m menuItems [33m=[39m [
 [90m 23 |[39m   {[0m

Import map: aliased to relative './components/ui/tooltip' inside of [project]/Project/engine-calc-id


Import traces:
  Client Component Browser:
    ./Project/engine-calc-id/components/sidebar.tsx [Client Component Browser]
    ./Project/engine-calc-id/app/dashboard/layout.tsx [Client Component Browser]
    ./Project/engine-calc-id/app/dashboard/layout.tsx [Server Component]

  Client Component SSR:
    ./Project/engine-calc-id/components/sidebar.tsx [Client Component SSR]
    ./Project/engine-calc-id/app/dashboard/layout.tsx [Client Component SSR]
    ./Project/engine-calc-id/app/dashboard/layout.tsx [Server Component]

https://nextjs.org/docs/messages/module-not-found


 ⨯ ./Project/engine-calc-id/components/sidebar.tsx:20:1
Module not found: Can't resolve '@/components/ui/tooltip'
[0m [90m 18 |[39m [36mimport[39m { useState[33m,[39m useEffect } [36mfrom[39m [32m"react"[39m[33m;[39m
 [90m 19 |[39m [36mimport[39m { cn } [36mfrom[39m [32m"@/lib/utils"[39m[33m;[39m
[31m[1m>[22m[39m[90m 20 |[39m [36mimport[39m { [33mTooltip[39m[33m,[39m [33mTooltipContent[39m[33m,[39m [33mTooltipProvider[39m[33m,[39m [33mTooltipTrigger[39m } [36mfrom[39m [32m"@/components/ui/tooltip"[39m[33m;[39m
 [90m    |[39m [31m[1m^[22m[39m[31m[1m^[22m[39m[31m[1m^[22m[39m[31m[1m^[22m[39m[31m[1m^[22m[39m[31m[1m^[22m[39m[31m[1m^[22m[39m[31m[1m^[22m[39m[31m[1m^[22m[39m[31m[1m^[22m[39m[31m[1m^[22m[39m[31m[1m^[22m[39m[31m[1m^[22m[39m[31m[1m^[22m[39m[31m[1m^[22m[39m[31m[1m^[22m[39m[31m[1m^[22m[39m[31m[1m^[22m[39m[31m[1m^[22m[39m[31m[1m^[22m[39m[31m[1m^[22m[39m[31m[1m^[22m[39m[31m[1m^[22m[39m[31m[1m^[22m[39m[31m[1m^[22m[39m[31m[1m^[22m[39m[31m[1m^[22m[39m[31m[1m^[22m[39m[31m[1m^[22m[39m[31m[1m^[22m[39m[31m[1m^[22m[39m[31m[1m^[22m[39m[31m[1m^[22m[39m[31m[1m^[22m[39m[31m[1m^[22m[39m[31m[1m^[22m[39m[31m[1m^[22m[39m[31m[1m^[22m[39m[31m[1m^[22m[39m[31m[1m^[22m[39m[31m[1m^[22m[39m[31m[1m^[22m[39m[31m[1m^[22m[39m[31m[1m^[22m[39m[31m[1m^[22m[39m[31m[1m^[22m[39m[31m[1m^[22m[39m[31m[1m^[22m[39m[31m[1m^[22m[39m[31m[1m^[22m[39m[31m[1m^[22m[39m[31m[1m^[22m[39m[31m[1m^[22m[39m[31m[1m^[22m[39m[31m[1m^[22m[39m[31m[1m^[22m[39m[31m[1m^[22m[39m[31m[1m^[22m[39m[31m[1m^[22m[39m[31m[1m^[22m[39m[31m[1m^[22m[39m[31m[1m^[22m[39m[31m[1m^[22m[39m[31m[1m^[22m[39m[31m[1m^[22m[39m[31m[1m^[22m[39m[31m[1m^[22m[39m[31m[1m^[22m[39m[31m[1m^[22m[39m[31m[1m^[22m[39m[31m[1m^[22m[39m[31m[1m^[22m[39m[31m[1m^[22m[39m[31m[1m^[22m[39m[31m[1m^[22m[39m[31m[1m^[22m[39m[31m[1m^[22m[39m[31m[1m^[22m[39m[31m[1m^[22m[39m[31m[1m^[22m[39m[31m[1m^[22m[39m[31m[1m^[22m[39m[31m[1m^[22m[39m[31m[1m^[22m[39m[31m[1m^[22m[39m[31m[1m^[22m[39m[31m[1m^[22m[39m[31m[1m^[22m[39m[31m[1m^[22m[39m[31m[1m^[22m[39m[31m[1m^[22m[39m[31m[1m^[22m[39m[31m[1m^[22m[39m[31m[1m^[22m[39m[31m[1m^[22m[39m[31m[1m^[22m[39m[31m[1m^[22m[39m[31m[1m^[22m[39m[31m[1m^[22m[39m
 [90m 21 |[39m
 [90m 22 |[39m [36mconst[39m menuItems [33m=[39m [
 [90m 23 |[39m   {[0m

Import map: aliased to relative './components/ui/tooltip' inside of [project]/Project/engine-calc-id


Import traces:
  Client Component Browser:
    ./Project/engine-calc-id/components/sidebar.tsx [Client Component Browser]
    ./Project/engine-calc-id/app/dashboard/layout.tsx [Client Component Browser]
    ./Project/engine-calc-id/app/dashboard/layout.tsx [Server Component]

  Client Component SSR:
    ./Project/engine-calc-id/components/sidebar.tsx [Client Component SSR]
    ./Project/engine-calc-id/app/dashboard/layout.tsx [Client Component SSR]
    ./Project/engine-calc-id/app/dashboard/layout.tsx [Server Component]

https://nextjs.org/docs/messages/module-not-found


 ⨯ ./Project/engine-calc-id/components/sidebar.tsx:20:1
Module not found: Can't resolve '@/components/ui/tooltip'
[0m [90m 18 |[39m [36mimport[39m { useState[33m,[39m useEffect } [36mfrom[39m [32m"react"[39m[33m;[39m
 [90m 19 |[39m [36mimport[39m { cn } [36mfrom[39m [32m"@/lib/utils"[39m[33m;[39m
[31m[1m>[22m[39m[90m 20 |[39m [36mimport[39m { [33mTooltip[39m[33m,[39m [33mTooltipContent[39m[33m,[39m [33mTooltipProvider[39m[33m,[39m [33mTooltipTrigger[39m } [36mfrom[39m [32m"@/components/ui/tooltip"[39m[33m;[39m
 [90m    |[39m [31m[1m^[22m[39m[31m[1m^[22m[39m[31m[1m^[22m[39m[31m[1m^[22m[39m[31m[1m^[22m[39m[31m[1m^[22m[39m[31m[1m^[22m[39m[31m[1m^[22m[39m[31m[1m^[22m[39m[31m[1m^[22m[39m[31m[1m^[22m[39m[31m[1m^[22m[39m[31m[1m^[22m[39m[31m[1m^[22m[39m[31m[1m^[22m[39m[31m[1m^[22m[39m[31m[1m^[22m[39m[31m[1m^[22m[39m[31m[1m^[22m[39m[31m[1m^[22m[39m[31m[1m^[22m[39m[31m[1m^[22m[39m[31m[1m^[22m[39m[31m[1m^[22m[39m[31m[1m^[22m[39m[31m[1m^[22m[39m[31m[1m^[22m[39m[31m[1m^[22m[39m[31m[1m^[22m[39m[31m[1m^[22m[39m[31m[1m^[22m[39m[31m[1m^[22m[39m[31m[1m^[22m[39m[31m[1m^[22m[39m[31m[1m^[22m[39m[31m[1m^[22m[39m[31m[1m^[22m[39m[31m[1m^[22m[39m[31m[1m^[22m[39m[31m[1m^[22m[39m[31m[1m^[22m[39m[31m[1m^[22m[39m[31m[1m^[22m[39m[31m[1m^[22m[39m[31m[1m^[22m[39m[31m[1m^[22m[39m[31m[1m^[22m[39m[31m[1m^[22m[39m[31m[1m^[22m[39m[31m[1m^[22m[39m[31m[1m^[22m[39m[31m[1m^[22m[39m[31m[1m^[22m[39m[31m[1m^[22m[39m[31m[1m^[22m[39m[31m[1m^[22m[39m[31m[1m^[22m[39m[31m[1m^[22m[39m[31m[1m^[22m[39m[31m[1m^[22m[39m[31m[1m^[22m[39m[31m[1m^[22m[39m[31m[1m^[22m[39m[31m[1m^[22m[39m[31m[1m^[22m[39m[31m[1m^[22m[39m[31m[1m^[22m[39m[31m[1m^[22m[39m[31m[1m^[22m[39m[31m[1m^[22m[39m[31m[1m^[22m[39m[31m[1m^[22m[39m[31m[1m^[22m[39m[31m[1m^[22m[39m[31m[1m^[22m[39m[31m[1m^[22m[39m[31m[1m^[22m[39m[31m[1m^[22m[39m[31m[1m^[22m[39m[31m[1m^[22m[39m[31m[1m^[22m[39m[31m[1m^[22m[39m[31m[1m^[22m[39m[31m[1m^[22m[39m[31m[1m^[22m[39m[31m[1m^[22m[39m[31m[1m^[22m[39m[31m[1m^[22m[39m[31m[1m^[22m[39m[31m[1m^[22m[39m[31m[1m^[22m[39m[31m[1m^[22m[39m[31m[1m^[22m[39m[31m[1m^[22m[39m[31m[1m^[22m[39m[31m[1m^[22m[39m[31m[1m^[22m[39m[31m[1m^[22m[39m[31m[1m^[22m[39m
 [90m 21 |[39m
 [90m 22 |[39m [36mconst[39m menuItems [33m=[39m [
 [90m 23 |[39m   {[0m

Import map: aliased to relative './components/ui/tooltip' inside of [project]/Project/engine-calc-id


Import traces:
  Client Component Browser:
    ./Project/engine-calc-id/components/sidebar.tsx [Client Component Browser]
    ./Project/engine-calc-id/app/dashboard/layout.tsx [Client Component Browser]
    ./Project/engine-calc-id/app/dashboard/layout.tsx [Server Component]

  Client Component SSR:
    ./Project/engine-calc-id/components/sidebar.tsx [Client Component SSR]
    ./Project/engine-calc-id/app/dashboard/layout.tsx [Client Component SSR]
    ./Project/engine-calc-id/app/dashboard/layout.tsx [Server Component]

https://nextjs.org/docs/messages/module-not-found


 ⨯ ./Project/engine-calc-id/components/sidebar.tsx:20:1
Module not found: Can't resolve '@/components/ui/tooltip'
[0m [90m 18 |[39m [36mimport[39m { useState[33m,[39m useEffect } [36mfrom[39m [32m"react"[39m[33m;[39m
 [90m 19 |[39m [36mimport[39m { cn } [36mfrom[39m [32m"@/lib/utils"[39m[33m;[39m
[31m[1m>[22m[39m[90m 20 |[39m [36mimport[39m { [33mTooltip[39m[33m,[39m [33mTooltipContent[39m[33m,[39m [33mTooltipProvider[39m[33m,[39m [33mTooltipTrigger[39m } [36mfrom[39m [32m"@/components/ui/tooltip"[39m[33m;[39m
 [90m    |[39m [31m[1m^[22m[39m[31m[1m^[22m[39m[31m[1m^[22m[39m[31m[1m^[22m[39m[31m[1m^[22m[39m[31m[1m^[22m[39m[31m[1m^[22m[39m[31m[1m^[22m[39m[31m[1m^[22m[39m[31m[1m^[22m[39m[31m[1m^[22m[39m[31m[1m^[22m[39m[31m[1m^[22m[39m[31m[1m^[22m[39m[31m[1m^[22m[39m[31m[1m^[22m[39m[31m[1m^[22m[39m[31m[1m^[22m[39m[31m[1m^[22m[39m[31m[1m^[22m[39m[31m[1m^[22m[39m[31m[1m^[22m[39m[31m[1m^[22m[39m[31m[1m^[22m[39m[31m[1m^[22m[39m[31m[1m^[22m[39m[31m[1m^[22m[39m[31m[1m^[22m[39m[31m[1m^[22m[39m[31m[1m^[22m[39m[31m[1m^[22m[39m[31m[1m^[22m[39m[31m[1m^[22m[39m[31m[1m^[22m[39m[31m[1m^[22m[39m[31m[1m^[22m[39m[31m[1m^[22m[39m[31m[1m^[22m[39m[31m[1m^[22m[39m[31m[1m^[22m[39m[31m[1m^[22m[39m[31m[1m^[22m[39m[31m[1m^[22m[39m[31m[1m^[22m[39m[31m[1m^[22m[39m[31m[1m^[22m[39m[31m[1m^[22m[39m[31m[1m^[22m[39m[31m[1m^[22m[39m[31m[1m^[22m[39m[31m[1m^[22m[39m[31m[1m^[22m[39m[31m[1m^[22m[39m[31m[1m^[22m[39m[31m[1m^[22m[39m[31m[1m^[22m[39m[31m[1m^[22m[39m[31m[1m^[22m[39m[31m[1m^[22m[39m[31m[1m^[22m[39m[31m[1m^[22m[39m[31m[1m^[22m[39m[31m[1m^[22m[39m[31m[1m^[22m[39m[31m[1m^[22m[39m[31m[1m^[22m[39m[31m[1m^[22m[39m[31m[1m^[22m[39m[31m[1m^[22m[39m[31m[1m^[22m[39m[31m[1m^[22m[39m[31m[1m^[22m[39m[31m[1m^[22m[39m[31m[1m^[22m[39m[31m[1m^[22m[39m[31m[1m^[22m[39m[31m[1m^[22m[39m[31m[1m^[22m[39m[31m[1m^[22m[39m[31m[1m^[22m[39m[31m[1m^[22m[39m[31m[1m^[22m[39m[31m[1m^[22m[39m[31m[1m^[22m[39m[31m[1m^[22m[39m[31m[1m^[22m[39m[31m[1m^[22m[39m[31m[1m^[22m[39m[31m[1m^[22m[39m[31m[1m^[22m[39m[31m[1m^[22m[39m[31m[1m^[22m[39m[31m[1m^[22m[39m[31m[1m^[22m[39m[31m[1m^[22m[39m[31m[1m^[22m[39m[31m[1m^[22m[39m[31m[1m^[22m[39m[31m[1m^[22m[39m
 [90m 21 |[39m
 [90m 22 |[39m [36mconst[39m menuItems [33m=[39m [
 [90m 23 |[39m   {[0m

Import map: aliased to relative './components/ui/tooltip' inside of [project]/Project/engine-calc-id


Import traces:
  Client Component Browser:
    ./Project/engine-calc-id/components/sidebar.tsx [Client Component Browser]
    ./Project/engine-calc-id/app/dashboard/layout.tsx [Client Component Browser]
    ./Project/engine-calc-id/app/dashboard/layout.tsx [Server Component]

  Client Component SSR:
    ./Project/engine-calc-id/components/sidebar.tsx [Client Component SSR]
    ./Project/engine-calc-id/app/dashboard/layout.tsx [Client Component SSR]
    ./Project/engine-calc-id/app/dashboard/layout.tsx [Server Component]

https://nextjs.org/docs/messages/module-not-found


 ⨯ ./Project/engine-calc-id/components/sidebar.tsx:20:1
Module not found: Can't resolve '@/components/ui/tooltip'
[0m [90m 18 |[39m [36mimport[39m { useState[33m,[39m useEffect } [36mfrom[39m [32m"react"[39m[33m;[39m
 [90m 19 |[39m [36mimport[39m { cn } [36mfrom[39m [32m"@/lib/utils"[39m[33m;[39m
[31m[1m>[22m[39m[90m 20 |[39m [36mimport[39m { [33mTooltip[39m[33m,[39m [33mTooltipContent[39m[33m,[39m [33mTooltipProvider[39m[33m,[39m [33mTooltipTrigger[39m } [36mfrom[39m [32m"@/components/ui/tooltip"[39m[33m;[39m
 [90m    |[39m [31m[1m^[22m[39m[31m[1m^[22m[39m[31m[1m^[22m[39m[31m[1m^[22m[39m[31m[1m^[22m[39m[31m[1m^[22m[39m[31m[1m^[22m[39m[31m[1m^[22m[39m[31m[1m^[22m[39m[31m[1m^[22m[39m[31m[1m^[22m[39m[31m[1m^[22m[39m[31m[1m^[22m[39m[31m[1m^[22m[39m[31m[1m^[22m[39m[31m[1m^[22m[39m[31m[1m^[22m[39m[31m[1m^[22m[39m[31m[1m^[22m[39m[31m[1m^[22m[39m[31m[1m^[22m[39m[31m[1m^[22m[39m[31m[1m^[22m[39m[31m[1m^[22m[39m[31m[1m^[22m[39m[31m[1m^[22m[39m[31m[1m^[22m[39m[31m[1m^[22m[39m[31m[1m^[22m[39m[31m[1m^[22m[39m[31m[1m^[22m[39m[31m[1m^[22m[39m[31m[1m^[22m[39m[31m[1m^[22m[39m[31m[1m^[22m[39m[31m[1m^[22m[39m[31m[1m^[22m[39m[31m[1m^[22m[39m[31m[1m^[22m[39m[31m[1m^[22m[39m[31m[1m^[22m[39m[31m[1m^[22m[39m[31m[1m^[22m[39m[31m[1m^[22m[39m[31m[1m^[22m[39m[31m[1m^[22m[39m[31m[1m^[22m[39m[31m[1m^[22m[39m[31m[1m^[22m[39m[31m[1m^[22m[39m[31m[1m^[22m[39m[31m[1m^[22m[39m[31m[1m^[22m[39m[31m[1m^[22m[39m[31m[1m^[22m[39m[31m[1m^[22m[39m[31m[1m^[22m[39m[31m[1m^[22m[39m[31m[1m^[22m[39m[31m[1m^[22m[39m[31m[1m^[22m[39m[31m[1m^[22m[39m[31m[1m^[22m[39m[31m[1m^[22m[39m[31m[1m^[22m[39m[31m[1m^[22m[39m[31m[1m^[22m[39m[31m[1m^[22m[39m[31m[1m^[22m[39m[31m[1m^[22m[39m[31m[1m^[22m[39m[31m[1m^[22m[39m[31m[1m^[22m[39m[31m[1m^[22m[39m[31m[1m^[22m[39m[31m[1m^[22m[39m[31m[1m^[22m[39m[31m[1m^[22m[39m[31m[1m^[22m[39m[31m[1m^[22m[39m[31m[1m^[22m[39m[31m[1m^[22m[39m[31m[1m^[22m[39m[31m[1m^[22m[39m[31m[1m^[22m[39m[31m[1m^[22m[39m[31m[1m^[22m[39m[31m[1m^[22m[39m[31m[1m^[22m[39m[31m[1m^[22m[39m[31m[1m^[22m[39m[31m[1m^[22m[39m[31m[1m^[22m[39m[31m[1m^[22m[39m[31m[1m^[22m[39m[31m[1m^[22m[39m[31m[1m^[22m[39m[31m[1m^[22m[39m[31m[1m^[22m[39m
 [90m 21 |[39m
 [90m 22 |[39m [36mconst[39m menuItems [33m=[39m [
 [90m 23 |[39m   {[0m

Import map: aliased to relative './components/ui/tooltip' inside of [project]/Project/engine-calc-id


Import traces:
  Client Component Browser:
    ./Project/engine-calc-id/components/sidebar.tsx [Client Component Browser]
    ./Project/engine-calc-id/app/dashboard/layout.tsx [Client Component Browser]
    ./Project/engine-calc-id/app/dashboard/layout.tsx [Server Component]

  Client Component SSR:
    ./Project/engine-calc-id/components/sidebar.tsx [Client Component SSR]
    ./Project/engine-calc-id/app/dashboard/layout.tsx [Client Component SSR]
    ./Project/engine-calc-id/app/dashboard/layout.tsx [Server Component]

https://nextjs.org/docs/messages/module-not-found


 ⨯ ./Project/engine-calc-id/components/sidebar.tsx:20:1
Module not found: Can't resolve '@/components/ui/tooltip'
[0m [90m 18 |[39m [36mimport[39m { useState[33m,[39m useEffect } [36mfrom[39m [32m"react"[39m[33m;[39m
 [90m 19 |[39m [36mimport[39m { cn } [36mfrom[39m [32m"@/lib/utils"[39m[33m;[39m
[31m[1m>[22m[39m[90m 20 |[39m [36mimport[39m { [33mTooltip[39m[33m,[39m [33mTooltipContent[39m[33m,[39m [33mTooltipProvider[39m[33m,[39m [33mTooltipTrigger[39m } [36mfrom[39m [32m"@/components/ui/tooltip"[39m[33m;[39m
 [90m    |[39m [31m[1m^[22m[39m[31m[1m^[22m[39m[31m[1m^[22m[39m[31m[1m^[22m[39m[31m[1m^[22m[39m[31m[1m^[22m[39m[31m[1m^[22m[39m[31m[1m^[22m[39m[31m[1m^[22m[39m[31m[1m^[22m[39m[31m[1m^[22m[39m[31m[1m^[22m[39m[31m[1m^[22m[39m[31m[1m^[22m[39m[31m[1m^[22m[39m[31m[1m^[22m[39m[31m[1m^[22m[39m[31m[1m^[22m[39m[31m[1m^[22m[39m[31m[1m^[22m[39m[31m[1m^[22m[39m[31m[1m^[22m[39m[31m[1m^[22m[39m[31m[1m^[22m[39m[31m[1m^[22m[39m[31m[1m^[22m[39m[31m[1m^[22m[39m[31m[1m^[22m[39m[31m[1m^[22m[39m[31m[1m^[22m[39m[31m[1m^[22m[39m[31m[1m^[22m[39m[31m[1m^[22m[39m[31m[1m^[22m[39m[31m[1m^[22m[39m[31m[1m^[22m[39m[31m[1m^[22m[39m[31m[1m^[22m[39m[31m[1m^[22m[39m[31m[1m^[22m[39m[31m[1m^[22m[39m[31m[1m^[22m[39m[31m[1m^[22m[39m[31m[1m^[22m[39m[31m[1m^[22m[39m[31m[1m^[22m[39m[31m[1m^[22m[39m[31m[1m^[22m[39m[31m[1m^[22m[39m[31m[1m^[22m[39m[31m[1m^[22m[39m[31m[1m^[22m[39m[31m[1m^[22m[39m[31m[1m^[22m[39m[31m[1m^[22m[39m[31m[1m^[22m[39m[31m[1m^[22m[39m[31m[1m^[22m[39m[31m[1m^[22m[39m[31m[1m^[22m[39m[31m[1m^[22m[39m[31m[1m^[22m[39m[31m[1m^[22m[39m[31m[1m^[22m[39m[31m[1m^[22m[39m[31m[1m^[22m[39m[31m[1m^[22m[39m[31m[1m^[22m[39m[31m[1m^[22m[39m[31m[1m^[22m[39m[31m[1m^[22m[39m[31m[1m^[22m[39m[31m[1m^[22m[39m[31m[1m^[22m[39m[31m[1m^[22m[39m[31m[1m^[22m[39m[31m[1m^[22m[39m[31m[1m^[22m[39m[31m[1m^[22m[39m[31m[1m^[22m[39m[31m[1m^[22m[39m[31m[1m^[22m[39m[31m[1m^[22m[39m[31m[1m^[22m[39m[31m[1m^[22m[39m[31m[1m^[22m[39m[31m[1m^[22m[39m[31m[1m^[22m[39m[31m[1m^[22m[39m[31m[1m^[22m[39m[31m[1m^[22m[39m[31m[1m^[22m[39m[31m[1m^[22m[39m[31m[1m^[22m[39m[31m[1m^[22m[39m[31m[1m^[22m[39m[31m[1m^[22m[39m[31m[1m^[22m[39m[31m[1m^[22m[39m
 [90m 21 |[39m
 [90m 22 |[39m [36mconst[39m menuItems [33m=[39m [
 [90m 23 |[39m   {[0m

Import map: aliased to relative './components/ui/tooltip' inside of [project]/Project/engine-calc-id


Import traces:
  Client Component Browser:
    ./Project/engine-calc-id/components/sidebar.tsx [Client Component Browser]
    ./Project/engine-calc-id/app/calculators/layout.tsx [Client Component Browser]
    ./Project/engine-calc-id/app/calculators/layout.tsx [Server Component]

  Client Component SSR:
    ./Project/engine-calc-id/components/sidebar.tsx [Client Component SSR]
    ./Project/engine-calc-id/app/calculators/layout.tsx [Client Component SSR]
    ./Project/engine-calc-id/app/calculators/layout.tsx [Server Component]

https://nextjs.org/docs/messages/module-not-found


 ⨯ ./Project/engine-calc-id/components/sidebar.tsx:20:1
Module not found: Can't resolve '@/components/ui/tooltip'
[0m [90m 18 |[39m [36mimport[39m { useState[33m,[39m useEffect } [36mfrom[39m [32m"react"[39m[33m;[39m
 [90m 19 |[39m [36mimport[39m { cn } [36mfrom[39m [32m"@/lib/utils"[39m[33m;[39m
[31m[1m>[22m[39m[90m 20 |[39m [36mimport[39m { [33mTooltip[39m[33m,[39m [33mTooltipContent[39m[33m,[39m [33mTooltipProvider[39m[33m,[39m [33mTooltipTrigger[39m } [36mfrom[39m [32m"@/components/ui/tooltip"[39m[33m;[39m
 [90m    |[39m [31m[1m^[22m[39m[31m[1m^[22m[39m[31m[1m^[22m[39m[31m[1m^[22m[39m[31m[1m^[22m[39m[31m[1m^[22m[39m[31m[1m^[22m[39m[31m[1m^[22m[39m[31m[1m^[22m[39m[31m[1m^[22m[39m[31m[1m^[22m[39m[31m[1m^[22m[39m[31m[1m^[22m[39m[31m[1m^[22m[39m[31m[1m^[22m[39m[31m[1m^[22m[39m[31m[1m^[22m[39m[31m[1m^[22m[39m[31m[1m^[22m[39m[31m[1m^[22m[39m[31m[1m^[22m[39m[31m[1m^[22m[39m[31m[1m^[22m[39m[31m[1m^[22m[39m[31m[1m^[22m[39m[31m[1m^[22m[39m[31m[1m^[22m[39m[31m[1m^[22m[39m[31m[1m^[22m[39m[31m[1m^[22m[39m[31m[1m^[22m[39m[31m[1m^[22m[39m[31m[1m^[22m[39m[31m[1m^[22m[39m[31m[1m^[22m[39m[31m[1m^[22m[39m[31m[1m^[22m[39m[31m[1m^[22m[39m[31m[1m^[22m[39m[31m[1m^[22m[39m[31m[1m^[22m[39m[31m[1m^[22m[39m[31m[1m^[22m[39m[31m[1m^[22m[39m[31m[1m^[22m[39m[31m[1m^[22m[39m[31m[1m^[22m[39m[31m[1m^[22m[39m[31m[1m^[22m[39m[31m[1m^[22m[39m[31m[1m^[22m[39m[31m[1m^[22m[39m[31m[1m^[22m[39m[31m[1m^[22m[39m[31m[1m^[22m[39m[31m[1m^[22m[39m[31m[1m^[22m[39m[31m[1m^[22m[39m[31m[1m^[22m[39m[31m[1m^[22m[39m[31m[1m^[22m[39m[31m[1m^[22m[39m[31m[1m^[22m[39m[31m[1m^[22m[39m[31m[1m^[22m[39m[31m[1m^[22m[39m[31m[1m^[22m[39m[31m[1m^[22m[39m[31m[1m^[22m[39m[31m[1m^[22m[39m[31m[1m^[22m[39m[31m[1m^[22m[39m[31m[1m^[22m[39m[31m[1m^[22m[39m[31m[1m^[22m[39m[31m[1m^[22m[39m[31m[1m^[22m[39m[31m[1m^[22m[39m[31m[1m^[22m[39m[31m[1m^[22m[39m[31m[1m^[22m[39m[31m[1m^[22m[39m[31m[1m^[22m[39m[31m[1m^[22m[39m[31m[1m^[22m[39m[31m[1m^[22m[39m[31m[1m^[22m[39m[31m[1m^[22m[39m[31m[1m^[22m[39m[31m[1m^[22m[39m[31m[1m^[22m[39m[31m[1m^[22m[39m[31m[1m^[22m[39m[31m[1m^[22m[39m[31m[1m^[22m[39m[31m[1m^[22m[39m[31m[1m^[22m[39m[31m[1m^[22m[39m[31m[1m^[22m[39m
 [90m 21 |[39m
 [90m 22 |[39m [36mconst[39m menuItems [33m=[39m [
 [90m 23 |[39m   {[0m

Import map: aliased to relative './components/ui/tooltip' inside of [project]/Project/engine-calc-id


Import traces:
  Client Component Browser:
    ./Project/engine-calc-id/components/sidebar.tsx [Client Component Browser]
    ./Project/engine-calc-id/app/calculators/layout.tsx [Client Component Browser]
    ./Project/engine-calc-id/app/calculators/layout.tsx [Server Component]

  Client Component SSR:
    ./Project/engine-calc-id/components/sidebar.tsx [Client Component SSR]
    ./Project/engine-calc-id/app/calculators/layout.tsx [Client Component SSR]
    ./Project/engine-calc-id/app/calculators/layout.tsx [Server Component]

https://nextjs.org/docs/messages/module-not-found


 ⨯ ./Project/engine-calc-id/components/sidebar.tsx:20:1
Module not found: Can't resolve '@/components/ui/tooltip'
[0m [90m 18 |[39m [36mimport[39m { useState[33m,[39m useEffect } [36mfrom[39m [32m"react"[39m[33m;[39m
 [90m 19 |[39m [36mimport[39m { cn } [36mfrom[39m [32m"@/lib/utils"[39m[33m;[39m
[31m[1m>[22m[39m[90m 20 |[39m [36mimport[39m { [33mTooltip[39m[33m,[39m [33mTooltipContent[39m[33m,[39m [33mTooltipProvider[39m[33m,[39m [33mTooltipTrigger[39m } [36mfrom[39m [32m"@/components/ui/tooltip"[39m[33m;[39m
 [90m    |[39m [31m[1m^[22m[39m[31m[1m^[22m[39m[31m[1m^[22m[39m[31m[1m^[22m[39m[31m[1m^[22m[39m[31m[1m^[22m[39m[31m[1m^[22m[39m[31m[1m^[22m[39m[31m[1m^[22m[39m[31m[1m^[22m[39m[31m[1m^[22m[39m[31m[1m^[22m[39m[31m[1m^[22m[39m[31m[1m^[22m[39m[31m[1m^[22m[39m[31m[1m^[22m[39m[31m[1m^[22m[39m[31m[1m^[22m[39m[31m[1m^[22m[39m[31m[1m^[22m[39m[31m[1m^[22m[39m[31m[1m^[22m[39m[31m[1m^[22m[39m[31m[1m^[22m[39m[31m[1m^[22m[39m[31m[1m^[22m[39m[31m[1m^[22m[39m[31m[1m^[22m[39m[31m[1m^[22m[39m[31m[1m^[22m[39m[31m[1m^[22m[39m[31m[1m^[22m[39m[31m[1m^[22m[39m[31m[1m^[22m[39m[31m[1m^[22m[39m[31m[1m^[22m[39m[31m[1m^[22m[39m[31m[1m^[22m[39m[31m[1m^[22m[39m[31m[1m^[22m[39m[31m[1m^[22m[39m[31m[1m^[22m[39m[31m[1m^[22m[39m[31m[1m^[22m[39m[31m[1m^[22m[39m[31m[1m^[22m[39m[31m[1m^[22m[39m[31m[1m^[22m[39m[31m[1m^[22m[39m[31m[1m^[22m[39m[31m[1m^[22m[39m[31m[1m^[22m[39m[31m[1m^[22m[39m[31m[1m^[22m[39m[31m[1m^[22m[39m[31m[1m^[22m[39m[31m[1m^[22m[39m[31m[1m^[22m[39m[31m[1m^[22m[39m[31m[1m^[22m[39m[31m[1m^[22m[39m[31m[1m^[22m[39m[31m[1m^[22m[39m[31m[1m^[22m[39m[31m[1m^[22m[39m[31m[1m^[22m[39m[31m[1m^[22m[39m[31m[1m^[22m[39m[31m[1m^[22m[39m[31m[1m^[22m[39m[31m[1m^[22m[39m[31m[1m^[22m[39m[31m[1m^[22m[39m[31m[1m^[22m[39m[31m[1m^[22m[39m[31m[1m^[22m[39m[31m[1m^[22m[39m[31m[1m^[22m[39m[31m[1m^[22m[39m[31m[1m^[22m[39m[31m[1m^[22m[39m[31m[1m^[22m[39m[31m[1m^[22m[39m[31m[1m^[22m[39m[31m[1m^[22m[39m[31m[1m^[22m[39m[31m[1m^[22m[39m[31m[1m^[22m[39m[31m[1m^[22m[39m[31m[1m^[22m[39m[31m[1m^[22m[39m[31m[1m^[22m[39m[31m[1m^[22m[39m[31m[1m^[22m[39m[31m[1m^[22m[39m[31m[1m^[22m[39m[31m[1m^[22m[39m[31m[1m^[22m[39m[31m[1m^[22m[39m
 [90m 21 |[39m
 [90m 22 |[39m [36mconst[39m menuItems [33m=[39m [
 [90m 23 |[39m   {[0m

Import map: aliased to relative './components/ui/tooltip' inside of [project]/Project/engine-calc-id


Import traces:
  Client Component Browser:
    ./Project/engine-calc-id/components/sidebar.tsx [Client Component Browser]
    ./Project/engine-calc-id/app/calculators/layout.tsx [Client Component Browser]
    ./Project/engine-calc-id/app/calculators/layout.tsx [Server Component]

  Client Component SSR:
    ./Project/engine-calc-id/components/sidebar.tsx [Client Component SSR]
    ./Project/engine-calc-id/app/calculators/layout.tsx [Client Component SSR]
    ./Project/engine-calc-id/app/calculators/layout.tsx [Server Component]

https://nextjs.org/docs/messages/module-not-found


 ⨯ ./Project/engine-calc-id/components/sidebar.tsx:20:1
Module not found: Can't resolve '@/components/ui/tooltip'
[0m [90m 18 |[39m [36mimport[39m { useState[33m,[39m useEffect } [36mfrom[39m [32m"react"[39m[33m;[39m
 [90m 19 |[39m [36mimport[39m { cn } [36mfrom[39m [32m"@/lib/utils"[39m[33m;[39m
[31m[1m>[22m[39m[90m 20 |[39m [36mimport[39m { [33mTooltip[39m[33m,[39m [33mTooltipContent[39m[33m,[39m [33mTooltipProvider[39m[33m,[39m [33mTooltipTrigger[39m } [36mfrom[39m [32m"@/components/ui/tooltip"[39m[33m;[39m
 [90m    |[39m [31m[1m^[22m[39m[31m[1m^[22m[39m[31m[1m^[22m[39m[31m[1m^[22m[39m[31m[1m^[22m[39m[31m[1m^[22m[39m[31m[1m^[22m[39m[31m[1m^[22m[39m[31m[1m^[22m[39m[31m[1m^[22m[39m[31m[1m^[22m[39m[31m[1m^[22m[39m[31m[1m^[22m[39m[31m[1m^[22m[39m[31m[1m^[22m[39m[31m[1m^[22m[39m[31m[1m^[22m[39m[31m[1m^[22m[39m[31m[1m^[22m[39m[31m[1m^[22m[39m[31m[1m^[22m[39m[31m[1m^[22m[39m[31m[1m^[22m[39m[31m[1m^[22m[39m[31m[1m^[22m[39m[31m[1m^[22m[39m[31m[1m^[22m[39m[31m[1m^[22m[39m[31m[1m^[22m[39m[31m[1m^[22m[39m[31m[1m^[22m[39m[31m[1m^[22m[39m[31m[1m^[22m[39m[31m[1m^[22m[39m[31m[1m^[22m[39m[31m[1m^[22m[39m[31m[1m^[22m[39m[31m[1m^[22m[39m[31m[1m^[22m[39m[31m[1m^[22m[39m[31m[1m^[22m[39m[31m[1m^[22m[39m[31m[1m^[22m[39m[31m[1m^[22m[39m[31m[1m^[22m[39m[31m[1m^[22m[39m[31m[1m^[22m[39m[31m[1m^[22m[39m[31m[1m^[22m[39m[31m[1m^[22m[39m[31m[1m^[22m[39m[31m[1m^[22m[39m[31m[1m^[22m[39m[31m[1m^[22m[39m[31m[1m^[22m[39m[31m[1m^[22m[39m[31m[1m^[22m[39m[31m[1m^[22m[39m[31m[1m^[22m[39m[31m[1m^[22m[39m[31m[1m^[22m[39m[31m[1m^[22m[39m[31m[1m^[22m[39m[31m[1m^[22m[39m[31m[1m^[22m[39m[31m[1m^[22m[39m[31m[1m^[22m[39m[31m[1m^[22m[39m[31m[1m^[22m[39m[31m[1m^[22m[39m[31m[1m^[22m[39m[31m[1m^[22m[39m[31m[1m^[22m[39m[31m[1m^[22m[39m[31m[1m^[22m[39m[31m[1m^[22m[39m[31m[1m^[22m[39m[31m[1m^[22m[39m[31m[1m^[22m[39m[31m[1m^[22m[39m[31m[1m^[22m[39m[31m[1m^[22m[39m[31m[1m^[22m[39m[31m[1m^[22m[39m[31m[1m^[22m[39m[31m[1m^[22m[39m[31m[1m^[22m[39m[31m[1m^[22m[39m[31m[1m^[22m[39m[31m[1m^[22m[39m[31m[1m^[22m[39m[31m[1m^[22m[39m[31m[1m^[22m[39m[31m[1m^[22m[39m[31m[1m^[22m[39m[31m[1m^[22m[39m[31m[1m^[22m[39m[31m[1m^[22m[39m[31m[1m^[22m[39m
 [90m 21 |[39m
 [90m 22 |[39m [36mconst[39m menuItems [33m=[39m [
 [90m 23 |[39m   {[0m

Import map: aliased to relative './components/ui/tooltip' inside of [project]/Project/engine-calc-id


Import traces:
  Client Component Browser:
    ./Project/engine-calc-id/components/sidebar.tsx [Client Component Browser]
    ./Project/engine-calc-id/app/calculators/layout.tsx [Client Component Browser]
    ./Project/engine-calc-id/app/calculators/layout.tsx [Server Component]

  Client Component SSR:
    ./Project/engine-calc-id/components/sidebar.tsx [Client Component SSR]
    ./Project/engine-calc-id/app/calculators/layout.tsx [Client Component SSR]
    ./Project/engine-calc-id/app/calculators/layout.tsx [Server Component]

https://nextjs.org/docs/messages/module-not-found


 ⨯ ./Project/engine-calc-id/components/sidebar.tsx:20:1
Module not found: Can't resolve '@/components/ui/tooltip'
[0m [90m 18 |[39m [36mimport[39m { useState[33m,[39m useEffect } [36mfrom[39m [32m"react"[39m[33m;[39m
 [90m 19 |[39m [36mimport[39m { cn } [36mfrom[39m [32m"@/lib/utils"[39m[33m;[39m
[31m[1m>[22m[39m[90m 20 |[39m [36mimport[39m { [33mTooltip[39m[33m,[39m [33mTooltipContent[39m[33m,[39m [33mTooltipProvider[39m[33m,[39m [33mTooltipTrigger[39m } [36mfrom[39m [32m"@/components/ui/tooltip"[39m[33m;[39m
 [90m    |[39m [31m[1m^[22m[39m[31m[1m^[22m[39m[31m[1m^[22m[39m[31m[1m^[22m[39m[31m[1m^[22m[39m[31m[1m^[22m[39m[31m[1m^[22m[39m[31m[1m^[22m[39m[31m[1m^[22m[39m[31m[1m^[22m[39m[31m[1m^[22m[39m[31m[1m^[22m[39m[31m[1m^[22m[39m[31m[1m^[22m[39m[31m[1m^[22m[39m[31m[1m^[22m[39m[31m[1m^[22m[39m[31m[1m^[22m[39m[31m[1m^[22m[39m[31m[1m^[22m[39m[31m[1m^[22m[39m[31m[1m^[22m[39m[31m[1m^[22m[39m[31m[1m^[22m[39m[31m[1m^[22m[39m[31m[1m^[22m[39m[31m[1m^[22m[39m[31m[1m^[22m[39m[31m[1m^[22m[39m[31m[1m^[22m[39m[31m[1m^[22m[39m[31m[1m^[22m[39m[31m[1m^[22m[39m[31m[1m^[22m[39m[31m[1m^[22m[39m[31m[1m^[22m[39m[31m[1m^[22m[39m[31m[1m^[22m[39m[31m[1m^[22m[39m[31m[1m^[22m[39m[31m[1m^[22m[39m[31m[1m^[22m[39m[31m[1m^[22m[39m[31m[1m^[22m[39m[31m[1m^[22m[39m[31m[1m^[22m[39m[31m[1m^[22m[39m[31m[1m^[22m[39m[31m[1m^[22m[39m[31m[1m^[22m[39m[31m[1m^[22m[39m[31m[1m^[22m[39m[31m[1m^[22m[39m[31m[1m^[22m[39m[31m[1m^[22m[39m[31m[1m^[22m[39m[31m[1m^[22m[39m[31m[1m^[22m[39m[31m[1m^[22m[39m[31m[1m^[22m[39m[31m[1m^[22m[39m[31m[1m^[22m[39m[31m[1m^[22m[39m[31m[1m^[22m[39m[31m[1m^[22m[39m[31m[1m^[22m[39m[31m[1m^[22m[39m[31m[1m^[22m[39m[31m[1m^[22m[39m[31m[1m^[22m[39m[31m[1m^[22m[39m[31m[1m^[22m[39m[31m[1m^[22m[39m[31m[1m^[22m[39m[31m[1m^[22m[39m[31m[1m^[22m[39m[31m[1m^[22m[39m[31m[1m^[22m[39m[31m[1m^[22m[39m[31m[1m^[22m[39m[31m[1m^[22m[39m[31m[1m^[22m[39m[31m[1m^[22m[39m[31m[1m^[22m[39m[31m[1m^[22m[39m[31m[1m^[22m[39m[31m[1m^[22m[39m[31m[1m^[22m[39m[31m[1m^[22m[39m[31m[1m^[22m[39m[31m[1m^[22m[39m[31m[1m^[22m[39m[31m[1m^[22m[39m[31m[1m^[22m[39m[31m[1m^[22m[39m[31m[1m^[22m[39m[31m[1m^[22m[39m[31m[1m^[22m[39m[31m[1m^[22m[39m
 [90m 21 |[39m
 [90m 22 |[39m [36mconst[39m menuItems [33m=[39m [
 [90m 23 |[39m   {[0m

Import map: aliased to relative './components/ui/tooltip' inside of [project]/Project/engine-calc-id


Import traces:
  Client Component Browser:
    ./Project/engine-calc-id/components/sidebar.tsx [Client Component Browser]
    ./Project/engine-calc-id/app/calculators/layout.tsx [Client Component Browser]
    ./Project/engine-calc-id/app/calculators/layout.tsx [Server Component]

  Client Component SSR:
    ./Project/engine-calc-id/components/sidebar.tsx [Client Component SSR]
    ./Project/engine-calc-id/app/calculators/layout.tsx [Client Component SSR]
    ./Project/engine-calc-id/app/calculators/layout.tsx [Server Component]

https://nextjs.org/docs/messages/module-not-found


 ⨯ ./Project/engine-calc-id/components/sidebar.tsx:20:1
Module not found: Can't resolve '@/components/ui/tooltip'
[0m [90m 18 |[39m [36mimport[39m { useState[33m,[39m useEffect } [36mfrom[39m [32m"react"[39m[33m;[39m
 [90m 19 |[39m [36mimport[39m { cn } [36mfrom[39m [32m"@/lib/utils"[39m[33m;[39m
[31m[1m>[22m[39m[90m 20 |[39m [36mimport[39m { [33mTooltip[39m[33m,[39m [33mTooltipContent[39m[33m,[39m [33mTooltipProvider[39m[33m,[39m [33mTooltipTrigger[39m } [36mfrom[39m [32m"@/components/ui/tooltip"[39m[33m;[39m
 [90m    |[39m [31m[1m^[22m[39m[31m[1m^[22m[39m[31m[1m^[22m[39m[31m[1m^[22m[39m[31m[1m^[22m[39m[31m[1m^[22m[39m[31m[1m^[22m[39m[31m[1m^[22m[39m[31m[1m^[22m[39m[31m[1m^[22m[39m[31m[1m^[22m[39m[31m[1m^[22m[39m[31m[1m^[22m[39m[31m[1m^[22m[39m[31m[1m^[22m[39m[31m[1m^[22m[39m[31m[1m^[22m[39m[31m[1m^[22m[39m[31m[1m^[22m[39m[31m[1m^[22m[39m[31m[1m^[22m[39m[31m[1m^[22m[39m[31m[1m^[22m[39m[31m[1m^[22m[39m[31m[1m^[22m[39m[31m[1m^[22m[39m[31m[1m^[22m[39m[31m[1m^[22m[39m[31m[1m^[22m[39m[31m[1m^[22m[39m[31m[1m^[22m[39m[31m[1m^[22m[39m[31m[1m^[22m[39m[31m[1m^[22m[39m[31m[1m^[22m[39m[31m[1m^[22m[39m[31m[1m^[22m[39m[31m[1m^[22m[39m[31m[1m^[22m[39m[31m[1m^[22m[39m[31m[1m^[22m[39m[31m[1m^[22m[39m[31m[1m^[22m[39m[31m[1m^[22m[39m[31m[1m^[22m[39m[31m[1m^[22m[39m[31m[1m^[22m[39m[31m[1m^[22m[39m[31m[1m^[22m[39m[31m[1m^[22m[39m[31m[1m^[22m[39m[31m[1m^[22m[39m[31m[1m^[22m[39m[31m[1m^[22m[39m[31m[1m^[22m[39m[31m[1m^[22m[39m[31m[1m^[22m[39m[31m[1m^[22m[39m[31m[1m^[22m[39m[31m[1m^[22m[39m[31m[1m^[22m[39m[31m[1m^[22m[39m[31m[1m^[22m[39m[31m[1m^[22m[39m[31m[1m^[22m[39m[31m[1m^[22m[39m[31m[1m^[22m[39m[31m[1m^[22m[39m[31m[1m^[22m[39m[31m[1m^[22m[39m[31m[1m^[22m[39m[31m[1m^[22m[39m[31m[1m^[22m[39m[31m[1m^[22m[39m[31m[1m^[22m[39m[31m[1m^[22m[39m[31m[1m^[22m[39m[31m[1m^[22m[39m[31m[1m^[22m[39m[31m[1m^[22m[39m[31m[1m^[22m[39m[31m[1m^[22m[39m[31m[1m^[22m[39m[31m[1m^[22m[39m[31m[1m^[22m[39m[31m[1m^[22m[39m[31m[1m^[22m[39m[31m[1m^[22m[39m[31m[1m^[22m[39m[31m[1m^[22m[39m[31m[1m^[22m[39m[31m[1m^[22m[39m[31m[1m^[22m[39m[31m[1m^[22m[39m[31m[1m^[22m[39m[31m[1m^[22m[39m[31m[1m^[22m[39m[31m[1m^[22m[39m[31m[1m^[22m[39m
 [90m 21 |[39m
 [90m 22 |[39m [36mconst[39m menuItems [33m=[39m [
 [90m 23 |[39m   {[0m

Import map: aliased to relative './components/ui/tooltip' inside of [project]/Project/engine-calc-id


Import traces:
  Client Component Browser:
    ./Project/engine-calc-id/components/sidebar.tsx [Client Component Browser]
    ./Project/engine-calc-id/app/calculators/layout.tsx [Client Component Browser]
    ./Project/engine-calc-id/app/calculators/layout.tsx [Server Component]

  Client Component SSR:
    ./Project/engine-calc-id/components/sidebar.tsx [Client Component SSR]
    ./Project/engine-calc-id/app/calculators/layout.tsx [Client Component SSR]
    ./Project/engine-calc-id/app/calculators/layout.tsx [Server Component]

https://nextjs.org/docs/messages/module-not-found


 ⨯ ./Project/engine-calc-id/components/sidebar.tsx:20:1
Module not found: Can't resolve '@/components/ui/tooltip'
[0m [90m 18 |[39m [36mimport[39m { useState[33m,[39m useEffect } [36mfrom[39m [32m"react"[39m[33m;[39m
 [90m 19 |[39m [36mimport[39m { cn } [36mfrom[39m [32m"@/lib/utils"[39m[33m;[39m
[31m[1m>[22m[39m[90m 20 |[39m [36mimport[39m { [33mTooltip[39m[33m,[39m [33mTooltipContent[39m[33m,[39m [33mTooltipProvider[39m[33m,[39m [33mTooltipTrigger[39m } [36mfrom[39m [32m"@/components/ui/tooltip"[39m[33m;[39m
 [90m    |[39m [31m[1m^[22m[39m[31m[1m^[22m[39m[31m[1m^[22m[39m[31m[1m^[22m[39m[31m[1m^[22m[39m[31m[1m^[22m[39m[31m[1m^[22m[39m[31m[1m^[22m[39m[31m[1m^[22m[39m[31m[1m^[22m[39m[31m[1m^[22m[39m[31m[1m^[22m[39m[31m[1m^[22m[39m[31m[1m^[22m[39m[31m[1m^[22m[39m[31m[1m^[22m[39m[31m[1m^[22m[39m[31m[1m^[22m[39m[31m[1m^[22m[39m[31m[1m^[22m[39m[31m[1m^[22m[39m[31m[1m^[22m[39m[31m[1m^[22m[39m[31m[1m^[22m[39m[31m[1m^[22m[39m[31m[1m^[22m[39m[31m[1m^[22m[39m[31m[1m^[22m[39m[31m[1m^[22m[39m[31m[1m^[22m[39m[31m[1m^[22m[39m[31m[1m^[22m[39m[31m[1m^[22m[39m[31m[1m^[22m[39m[31m[1m^[22m[39m[31m[1m^[22m[39m[31m[1m^[22m[39m[31m[1m^[22m[39m[31m[1m^[22m[39m[31m[1m^[22m[39m[31m[1m^[22m[39m[31m[1m^[22m[39m[31m[1m^[22m[39m[31m[1m^[22m[39m[31m[1m^[22m[39m[31m[1m^[22m[39m[31m[1m^[22m[39m[31m[1m^[22m[39m[31m[1m^[22m[39m[31m[1m^[22m[39m[31m[1m^[22m[39m[31m[1m^[22m[39m[31m[1m^[22m[39m[31m[1m^[22m[39m[31m[1m^[22m[39m[31m[1m^[22m[39m[31m[1m^[22m[39m[31m[1m^[22m[39m[31m[1m^[22m[39m[31m[1m^[22m[39m[31m[1m^[22m[39m[31m[1m^[22m[39m[31m[1m^[22m[39m[31m[1m^[22m[39m[31m[1m^[22m[39m[31m[1m^[22m[39m[31m[1m^[22m[39m[31m[1m^[22m[39m[31m[1m^[22m[39m[31m[1m^[22m[39m[31m[1m^[22m[39m[31m[1m^[22m[39m[31m[1m^[22m[39m[31m[1m^[22m[39m[31m[1m^[22m[39m[31m[1m^[22m[39m[31m[1m^[22m[39m[31m[1m^[22m[39m[31m[1m^[22m[39m[31m[1m^[22m[39m[31m[1m^[22m[39m[31m[1m^[22m[39m[31m[1m^[22m[39m[31m[1m^[22m[39m[31m[1m^[22m[39m[31m[1m^[22m[39m[31m[1m^[22m[39m[31m[1m^[22m[39m[31m[1m^[22m[39m[31m[1m^[22m[39m[31m[1m^[22m[39m[31m[1m^[22m[39m[31m[1m^[22m[39m[31m[1m^[22m[39m[31m[1m^[22m[39m[31m[1m^[22m[39m[31m[1m^[22m[39m[31m[1m^[22m[39m[31m[1m^[22m[39m
 [90m 21 |[39m
 [90m 22 |[39m [36mconst[39m menuItems [33m=[39m [
 [90m 23 |[39m   {[0m

Import map: aliased to relative './components/ui/tooltip' inside of [project]/Project/engine-calc-id


Import traces:
  Client Component Browser:
    ./Project/engine-calc-id/components/sidebar.tsx [Client Component Browser]
    ./Project/engine-calc-id/app/calculators/layout.tsx [Client Component Browser]
    ./Project/engine-calc-id/app/calculators/layout.tsx [Server Component]

  Client Component SSR:
    ./Project/engine-calc-id/components/sidebar.tsx [Client Component SSR]
    ./Project/engine-calc-id/app/calculators/layout.tsx [Client Component SSR]
    ./Project/engine-calc-id/app/calculators/layout.tsx [Server Component]

https://nextjs.org/docs/messages/module-not-found


 ⨯ ./Project/engine-calc-id/components/sidebar.tsx:20:1
Module not found: Can't resolve '@/components/ui/tooltip'
[0m [90m 18 |[39m [36mimport[39m { useState[33m,[39m useEffect } [36mfrom[39m [32m"react"[39m[33m;[39m
 [90m 19 |[39m [36mimport[39m { cn } [36mfrom[39m [32m"@/lib/utils"[39m[33m;[39m
[31m[1m>[22m[39m[90m 20 |[39m [36mimport[39m { [33mTooltip[39m[33m,[39m [33mTooltipContent[39m[33m,[39m [33mTooltipProvider[39m[33m,[39m [33mTooltipTrigger[39m } [36mfrom[39m [32m"@/components/ui/tooltip"[39m[33m;[39m
 [90m    |[39m [31m[1m^[22m[39m[31m[1m^[22m[39m[31m[1m^[22m[39m[31m[1m^[22m[39m[31m[1m^[22m[39m[31m[1m^[22m[39m[31m[1m^[22m[39m[31m[1m^[22m[39m[31m[1m^[22m[39m[31m[1m^[22m[39m[31m[1m^[22m[39m[31m[1m^[22m[39m[31m[1m^[22m[39m[31m[1m^[22m[39m[31m[1m^[22m[39m[31m[1m^[22m[39m[31m[1m^[22m[39m[31m[1m^[22m[39m[31m[1m^[22m[39m[31m[1m^[22m[39m[31m[1m^[22m[39m[31m[1m^[22m[39m[31m[1m^[22m[39m[31m[1m^[22m[39m[31m[1m^[22m[39m[31m[1m^[22m[39m[31m[1m^[22m[39m[31m[1m^[22m[39m[31m[1m^[22m[39m[31m[1m^[22m[39m[31m[1m^[22m[39m[31m[1m^[22m[39m[31m[1m^[22m[39m[31m[1m^[22m[39m[31m[1m^[22m[39m[31m[1m^[22m[39m[31m[1m^[22m[39m[31m[1m^[22m[39m[31m[1m^[22m[39m[31m[1m^[22m[39m[31m[1m^[22m[39m[31m[1m^[22m[39m[31m[1m^[22m[39m[31m[1m^[22m[39m[31m[1m^[22m[39m[31m[1m^[22m[39m[31m[1m^[22m[39m[31m[1m^[22m[39m[31m[1m^[22m[39m[31m[1m^[22m[39m[31m[1m^[22m[39m[31m[1m^[22m[39m[31m[1m^[22m[39m[31m[1m^[22m[39m[31m[1m^[22m[39m[31m[1m^[22m[39m[31m[1m^[22m[39m[31m[1m^[22m[39m[31m[1m^[22m[39m[31m[1m^[22m[39m[31m[1m^[22m[39m[31m[1m^[22m[39m[31m[1m^[22m[39m[31m[1m^[22m[39m[31m[1m^[22m[39m[31m[1m^[22m[39m[31m[1m^[22m[39m[31m[1m^[22m[39m[31m[1m^[22m[39m[31m[1m^[22m[39m[31m[1m^[22m[39m[31m[1m^[22m[39m[31m[1m^[22m[39m[31m[1m^[22m[39m[31m[1m^[22m[39m[31m[1m^[22m[39m[31m[1m^[22m[39m[31m[1m^[22m[39m[31m[1m^[22m[39m[31m[1m^[22m[39m[31m[1m^[22m[39m[31m[1m^[22m[39m[31m[1m^[22m[39m[31m[1m^[22m[39m[31m[1m^[22m[39m[31m[1m^[22m[39m[31m[1m^[22m[39m[31m[1m^[22m[39m[31m[1m^[22m[39m[31m[1m^[22m[39m[31m[1m^[22m[39m[31m[1m^[22m[39m[31m[1m^[22m[39m[31m[1m^[22m[39m[31m[1m^[22m[39m[31m[1m^[22m[39m[31m[1m^[22m[39m[31m[1m^[22m[39m[31m[1m^[22m[39m
 [90m 21 |[39m
 [90m 22 |[39m [36mconst[39m menuItems [33m=[39m [
 [90m 23 |[39m   {[0m

Import map: aliased to relative './components/ui/tooltip' inside of [project]/Project/engine-calc-id


Import traces:
  Client Component Browser:
    ./Project/engine-calc-id/components/sidebar.tsx [Client Component Browser]
    ./Project/engine-calc-id/app/calculators/layout.tsx [Client Component Browser]
    ./Project/engine-calc-id/app/calculators/layout.tsx [Server Component]

  Client Component SSR:
    ./Project/engine-calc-id/components/sidebar.tsx [Client Component SSR]
    ./Project/engine-calc-id/app/calculators/layout.tsx [Client Component SSR]
    ./Project/engine-calc-id/app/calculators/layout.tsx [Server Component]

https://nextjs.org/docs/messages/module-not-found


 ⨯ ./Project/engine-calc-id/components/sidebar.tsx:20:1
Module not found: Can't resolve '@/components/ui/tooltip'
[0m [90m 18 |[39m [36mimport[39m { useState[33m,[39m useEffect } [36mfrom[39m [32m"react"[39m[33m;[39m
 [90m 19 |[39m [36mimport[39m { cn } [36mfrom[39m [32m"@/lib/utils"[39m[33m;[39m
[31m[1m>[22m[39m[90m 20 |[39m [36mimport[39m { [33mTooltip[39m[33m,[39m [33mTooltipContent[39m[33m,[39m [33mTooltipProvider[39m[33m,[39m [33mTooltipTrigger[39m } [36mfrom[39m [32m"@/components/ui/tooltip"[39m[33m;[39m
 [90m    |[39m [31m[1m^[22m[39m[31m[1m^[22m[39m[31m[1m^[22m[39m[31m[1m^[22m[39m[31m[1m^[22m[39m[31m[1m^[22m[39m[31m[1m^[22m[39m[31m[1m^[22m[39m[31m[1m^[22m[39m[31m[1m^[22m[39m[31m[1m^[22m[39m[31m[1m^[22m[39m[31m[1m^[22m[39m[31m[1m^[22m[39m[31m[1m^[22m[39m[31m[1m^[22m[39m[31m[1m^[22m[39m[31m[1m^[22m[39m[31m[1m^[22m[39m[31m[1m^[22m[39m[31m[1m^[22m[39m[31m[1m^[22m[39m[31m[1m^[22m[39m[31m[1m^[22m[39m[31m[1m^[22m[39m[31m[1m^[22m[39m[31m[1m^[22m[39m[31m[1m^[22m[39m[31m[1m^[22m[39m[31m[1m^[22m[39m[31m[1m^[22m[39m[31m[1m^[22m[39m[31m[1m^[22m[39m[31m[1m^[22m[39m[31m[1m^[22m[39m[31m[1m^[22m[39m[31m[1m^[22m[39m[31m[1m^[22m[39m[31m[1m^[22m[39m[31m[1m^[22m[39m[31m[1m^[22m[39m[31m[1m^[22m[39m[31m[1m^[22m[39m[31m[1m^[22m[39m[31m[1m^[22m[39m[31m[1m^[22m[39m[31m[1m^[22m[39m[31m[1m^[22m[39m[31m[1m^[22m[39m[31m[1m^[22m[39m[31m[1m^[22m[39m[31m[1m^[22m[39m[31m[1m^[22m[39m[31m[1m^[22m[39m[31m[1m^[22m[39m[31m[1m^[22m[39m[31m[1m^[22m[39m[31m[1m^[22m[39m[31m[1m^[22m[39m[31m[1m^[22m[39m[31m[1m^[22m[39m[31m[1m^[22m[39m[31m[1m^[22m[39m[31m[1m^[22m[39m[31m[1m^[22m[39m[31m[1m^[22m[39m[31m[1m^[22m[39m[31m[1m^[22m[39m[31m[1m^[22m[39m[31m[1m^[22m[39m[31m[1m^[22m[39m[31m[1m^[22m[39m[31m[1m^[22m[39m[31m[1m^[22m[39m[31m[1m^[22m[39m[31m[1m^[22m[39m[31m[1m^[22m[39m[31m[1m^[22m[39m[31m[1m^[22m[39m[31m[1m^[22m[39m[31m[1m^[22m[39m[31m[1m^[22m[39m[31m[1m^[22m[39m[31m[1m^[22m[39m[31m[1m^[22m[39m[31m[1m^[22m[39m[31m[1m^[22m[39m[31m[1m^[22m[39m[31m[1m^[22m[39m[31m[1m^[22m[39m[31m[1m^[22m[39m[31m[1m^[22m[39m[31m[1m^[22m[39m[31m[1m^[22m[39m[31m[1m^[22m[39m[31m[1m^[22m[39m[31m[1m^[22m[39m[31m[1m^[22m[39m[31m[1m^[22m[39m
 [90m 21 |[39m
 [90m 22 |[39m [36mconst[39m menuItems [33m=[39m [
 [90m 23 |[39m   {[0m

Import map: aliased to relative './components/ui/tooltip' inside of [project]/Project/engine-calc-id


Import traces:
  Client Component Browser:
    ./Project/engine-calc-id/components/sidebar.tsx [Client Component Browser]
    ./Project/engine-calc-id/app/calculators/layout.tsx [Client Component Browser]
    ./Project/engine-calc-id/app/calculators/layout.tsx [Server Component]

  Client Component SSR:
    ./Project/engine-calc-id/components/sidebar.tsx [Client Component SSR]
    ./Project/engine-calc-id/app/calculators/layout.tsx [Client Component SSR]
    ./Project/engine-calc-id/app/calculators/layout.tsx [Server Component]

https://nextjs.org/docs/messages/module-not-found


 ⨯ ./Project/engine-calc-id/components/sidebar.tsx:20:1
Module not found: Can't resolve '@/components/ui/tooltip'
[0m [90m 18 |[39m [36mimport[39m { useState[33m,[39m useEffect } [36mfrom[39m [32m"react"[39m[33m;[39m
 [90m 19 |[39m [36mimport[39m { cn } [36mfrom[39m [32m"@/lib/utils"[39m[33m;[39m
[31m[1m>[22m[39m[90m 20 |[39m [36mimport[39m { [33mTooltip[39m[33m,[39m [33mTooltipContent[39m[33m,[39m [33mTooltipProvider[39m[33m,[39m [33mTooltipTrigger[39m } [36mfrom[39m [32m"@/components/ui/tooltip"[39m[33m;[39m
 [90m    |[39m [31m[1m^[22m[39m[31m[1m^[22m[39m[31m[1m^[22m[39m[31m[1m^[22m[39m[31m[1m^[22m[39m[31m[1m^[22m[39m[31m[1m^[22m[39m[31m[1m^[22m[39m[31m[1m^[22m[39m[31m[1m^[22m[39m[31m[1m^[22m[39m[31m[1m^[22m[39m[31m[1m^[22m[39m[31m[1m^[22m[39m[31m[1m^[22m[39m[31m[1m^[22m[39m[31m[1m^[22m[39m[31m[1m^[22m[39m[31m[1m^[22m[39m[31m[1m^[22m[39m[31m[1m^[22m[39m[31m[1m^[22m[39m[31m[1m^[22m[39m[31m[1m^[22m[39m[31m[1m^[22m[39m[31m[1m^[22m[39m[31m[1m^[22m[39m[31m[1m^[22m[39m[31m[1m^[22m[39m[31m[1m^[22m[39m[31m[1m^[22m[39m[31m[1m^[22m[39m[31m[1m^[22m[39m[31m[1m^[22m[39m[31m[1m^[22m[39m[31m[1m^[22m[39m[31m[1m^[22m[39m[31m[1m^[22m[39m[31m[1m^[22m[39m[31m[1m^[22m[39m[31m[1m^[22m[39m[31m[1m^[22m[39m[31m[1m^[22m[39m[31m[1m^[22m[39m[31m[1m^[22m[39m[31m[1m^[22m[39m[31m[1m^[22m[39m[31m[1m^[22m[39m[31m[1m^[22m[39m[31m[1m^[22m[39m[31m[1m^[22m[39m[31m[1m^[22m[39m[31m[1m^[22m[39m[31m[1m^[22m[39m[31m[1m^[22m[39m[31m[1m^[22m[39m[31m[1m^[22m[39m[31m[1m^[22m[39m[31m[1m^[22m[39m[31m[1m^[22m[39m[31m[1m^[22m[39m[31m[1m^[22m[39m[31m[1m^[22m[39m[31m[1m^[22m[39m[31m[1m^[22m[39m[31m[1m^[22m[39m[31m[1m^[22m[39m[31m[1m^[22m[39m[31m[1m^[22m[39m[31m[1m^[22m[39m[31m[1m^[22m[39m[31m[1m^[22m[39m[31m[1m^[22m[39m[31m[1m^[22m[39m[31m[1m^[22m[39m[31m[1m^[22m[39m[31m[1m^[22m[39m[31m[1m^[22m[39m[31m[1m^[22m[39m[31m[1m^[22m[39m[31m[1m^[22m[39m[31m[1m^[22m[39m[31m[1m^[22m[39m[31m[1m^[22m[39m[31m[1m^[22m[39m[31m[1m^[22m[39m[31m[1m^[22m[39m[31m[1m^[22m[39m[31m[1m^[22m[39m[31m[1m^[22m[39m[31m[1m^[22m[39m[31m[1m^[22m[39m[31m[1m^[22m[39m[31m[1m^[22m[39m[31m[1m^[22m[39m[31m[1m^[22m[39m[31m[1m^[22m[39m[31m[1m^[22m[39m[31m[1m^[22m[39m
 [90m 21 |[39m
 [90m 22 |[39m [36mconst[39m menuItems [33m=[39m [
 [90m 23 |[39m   {[0m

Import map: aliased to relative './components/ui/tooltip' inside of [project]/Project/engine-calc-id


Import traces:
  Client Component Browser:
    ./Project/engine-calc-id/components/sidebar.tsx [Client Component Browser]
    ./Project/engine-calc-id/app/calculators/layout.tsx [Client Component Browser]
    ./Project/engine-calc-id/app/calculators/layout.tsx [Server Component]

  Client Component SSR:
    ./Project/engine-calc-id/components/sidebar.tsx [Client Component SSR]
    ./Project/engine-calc-id/app/calculators/layout.tsx [Client Component SSR]
    ./Project/engine-calc-id/app/calculators/layout.tsx [Server Component]

https://nextjs.org/docs/messages/module-not-found


 ⨯ ./Project/engine-calc-id/components/sidebar.tsx:20:1
Module not found: Can't resolve '@/components/ui/tooltip'
[0m [90m 18 |[39m [36mimport[39m { useState[33m,[39m useEffect } [36mfrom[39m [32m"react"[39m[33m;[39m
 [90m 19 |[39m [36mimport[39m { cn } [36mfrom[39m [32m"@/lib/utils"[39m[33m;[39m
[31m[1m>[22m[39m[90m 20 |[39m [36mimport[39m { [33mTooltip[39m[33m,[39m [33mTooltipContent[39m[33m,[39m [33mTooltipProvider[39m[33m,[39m [33mTooltipTrigger[39m } [36mfrom[39m [32m"@/components/ui/tooltip"[39m[33m;[39m
 [90m    |[39m [31m[1m^[22m[39m[31m[1m^[22m[39m[31m[1m^[22m[39m[31m[1m^[22m[39m[31m[1m^[22m[39m[31m[1m^[22m[39m[31m[1m^[22m[39m[31m[1m^[22m[39m[31m[1m^[22m[39m[31m[1m^[22m[39m[31m[1m^[22m[39m[31m[1m^[22m[39m[31m[1m^[22m[39m[31m[1m^[22m[39m[31m[1m^[22m[39m[31m[1m^[22m[39m[31m[1m^[22m[39m[31m[1m^[22m[39m[31m[1m^[22m[39m[31m[1m^[22m[39m[31m[1m^[22m[39m[31m[1m^[22m[39m[31m[1m^[22m[39m[31m[1m^[22m[39m[31m[1m^[22m[39m[31m[1m^[22m[39m[31m[1m^[22m[39m[31m[1m^[22m[39m[31m[1m^[22m[39m[31m[1m^[22m[39m[31m[1m^[22m[39m[31m[1m^[22m[39m[31m[1m^[22m[39m[31m[1m^[22m[39m[31m[1m^[22m[39m[31m[1m^[22m[39m[31m[1m^[22m[39m[31m[1m^[22m[39m[31m[1m^[22m[39m[31m[1m^[22m[39m[31m[1m^[22m[39m[31m[1m^[22m[39m[31m[1m^[22m[39m[31m[1m^[22m[39m[31m[1m^[22m[39m[31m[1m^[22m[39m[31m[1m^[22m[39m[31m[1m^[22m[39m[31m[1m^[22m[39m[31m[1m^[22m[39m[31m[1m^[22m[39m[31m[1m^[22m[39m[31m[1m^[22m[39m[31m[1m^[22m[39m[31m[1m^[22m[39m[31m[1m^[22m[39m[31m[1m^[22m[39m[31m[1m^[22m[39m[31m[1m^[22m[39m[31m[1m^[22m[39m[31m[1m^[22m[39m[31m[1m^[22m[39m[31m[1m^[22m[39m[31m[1m^[22m[39m[31m[1m^[22m[39m[31m[1m^[22m[39m[31m[1m^[22m[39m[31m[1m^[22m[39m[31m[1m^[22m[39m[31m[1m^[22m[39m[31m[1m^[22m[39m[31m[1m^[22m[39m[31m[1m^[22m[39m[31m[1m^[22m[39m[31m[1m^[22m[39m[31m[1m^[22m[39m[31m[1m^[22m[39m[31m[1m^[22m[39m[31m[1m^[22m[39m[31m[1m^[22m[39m[31m[1m^[22m[39m[31m[1m^[22m[39m[31m[1m^[22m[39m[31m[1m^[22m[39m[31m[1m^[22m[39m[31m[1m^[22m[39m[31m[1m^[22m[39m[31m[1m^[22m[39m[31m[1m^[22m[39m[31m[1m^[22m[39m[31m[1m^[22m[39m[31m[1m^[22m[39m[31m[1m^[22m[39m[31m[1m^[22m[39m[31m[1m^[22m[39m[31m[1m^[22m[39m[31m[1m^[22m[39m[31m[1m^[22m[39m[31m[1m^[22m[39m
 [90m 21 |[39m
 [90m 22 |[39m [36mconst[39m menuItems [33m=[39m [
 [90m 23 |[39m   {[0m

Import map: aliased to relative './components/ui/tooltip' inside of [project]/Project/engine-calc-id


Import traces:
  Client Component Browser:
    ./Project/engine-calc-id/components/sidebar.tsx [Client Component Browser]
    ./Project/engine-calc-id/app/calculators/layout.tsx [Client Component Browser]
    ./Project/engine-calc-id/app/calculators/layout.tsx [Server Component]

  Client Component SSR:
    ./Project/engine-calc-id/components/sidebar.tsx [Client Component SSR]
    ./Project/engine-calc-id/app/calculators/layout.tsx [Client Component SSR]
    ./Project/engine-calc-id/app/calculators/layout.tsx [Server Component]

https://nextjs.org/docs/messages/module-not-found


 ⨯ ./Project/engine-calc-id/components/sidebar.tsx:20:1
Module not found: Can't resolve '@/components/ui/tooltip'
[0m [90m 18 |[39m [36mimport[39m { useState[33m,[39m useEffect } [36mfrom[39m [32m"react"[39m[33m;[39m
 [90m 19 |[39m [36mimport[39m { cn } [36mfrom[39m [32m"@/lib/utils"[39m[33m;[39m
[31m[1m>[22m[39m[90m 20 |[39m [36mimport[39m { [33mTooltip[39m[33m,[39m [33mTooltipContent[39m[33m,[39m [33mTooltipProvider[39m[33m,[39m [33mTooltipTrigger[39m } [36mfrom[39m [32m"@/components/ui/tooltip"[39m[33m;[39m
 [90m    |[39m [31m[1m^[22m[39m[31m[1m^[22m[39m[31m[1m^[22m[39m[31m[1m^[22m[39m[31m[1m^[22m[39m[31m[1m^[22m[39m[31m[1m^[22m[39m[31m[1m^[22m[39m[31m[1m^[22m[39m[31m[1m^[22m[39m[31m[1m^[22m[39m[31m[1m^[22m[39m[31m[1m^[22m[39m[31m[1m^[22m[39m[31m[1m^[22m[39m[31m[1m^[22m[39m[31m[1m^[22m[39m[31m[1m^[22m[39m[31m[1m^[22m[39m[31m[1m^[22m[39m[31m[1m^[22m[39m[31m[1m^[22m[39m[31m[1m^[22m[39m[31m[1m^[22m[39m[31m[1m^[22m[39m[31m[1m^[22m[39m[31m[1m^[22m[39m[31m[1m^[22m[39m[31m[1m^[22m[39m[31m[1m^[22m[39m[31m[1m^[22m[39m[31m[1m^[22m[39m[31m[1m^[22m[39m[31m[1m^[22m[39m[31m[1m^[22m[39m[31m[1m^[22m[39m[31m[1m^[22m[39m[31m[1m^[22m[39m[31m[1m^[22m[39m[31m[1m^[22m[39m[31m[1m^[22m[39m[31m[1m^[22m[39m[31m[1m^[22m[39m[31m[1m^[22m[39m[31m[1m^[22m[39m[31m[1m^[22m[39m[31m[1m^[22m[39m[31m[1m^[22m[39m[31m[1m^[22m[39m[31m[1m^[22m[39m[31m[1m^[22m[39m[31m[1m^[22m[39m[31m[1m^[22m[39m[31m[1m^[22m[39m[31m[1m^[22m[39m[31m[1m^[22m[39m[31m[1m^[22m[39m[31m[1m^[22m[39m[31m[1m^[22m[39m[31m[1m^[22m[39m[31m[1m^[22m[39m[31m[1m^[22m[39m[31m[1m^[22m[39m[31m[1m^[22m[39m[31m[1m^[22m[39m[31m[1m^[22m[39m[31m[1m^[22m[39m[31m[1m^[22m[39m[31m[1m^[22m[39m[31m[1m^[22m[39m[31m[1m^[22m[39m[31m[1m^[22m[39m[31m[1m^[22m[39m[31m[1m^[22m[39m[31m[1m^[22m[39m[31m[1m^[22m[39m[31m[1m^[22m[39m[31m[1m^[22m[39m[31m[1m^[22m[39m[31m[1m^[22m[39m[31m[1m^[22m[39m[31m[1m^[22m[39m[31m[1m^[22m[39m[31m[1m^[22m[39m[31m[1m^[22m[39m[31m[1m^[22m[39m[31m[1m^[22m[39m[31m[1m^[22m[39m[31m[1m^[22m[39m[31m[1m^[22m[39m[31m[1m^[22m[39m[31m[1m^[22m[39m[31m[1m^[22m[39m[31m[1m^[22m[39m[31m[1m^[22m[39m[31m[1m^[22m[39m[31m[1m^[22m[39m[31m[1m^[22m[39m[31m[1m^[22m[39m
 [90m 21 |[39m
 [90m 22 |[39m [36mconst[39m menuItems [33m=[39m [
 [90m 23 |[39m   {[0m

Import map: aliased to relative './components/ui/tooltip' inside of [project]/Project/engine-calc-id


Import traces:
  Client Component Browser:
    ./Project/engine-calc-id/components/sidebar.tsx [Client Component Browser]
    ./Project/engine-calc-id/app/calculators/layout.tsx [Client Component Browser]
    ./Project/engine-calc-id/app/calculators/layout.tsx [Server Component]

  Client Component SSR:
    ./Project/engine-calc-id/components/sidebar.tsx [Client Component SSR]
    ./Project/engine-calc-id/app/calculators/layout.tsx [Client Component SSR]
    ./Project/engine-calc-id/app/calculators/layout.tsx [Server Component]

https://nextjs.org/docs/messages/module-not-found


 ⨯ ./Project/engine-calc-id/components/sidebar.tsx:20:1
Module not found: Can't resolve '@/components/ui/tooltip'
[0m [90m 18 |[39m [36mimport[39m { useState[33m,[39m useEffect } [36mfrom[39m [32m"react"[39m[33m;[39m
 [90m 19 |[39m [36mimport[39m { cn } [36mfrom[39m [32m"@/lib/utils"[39m[33m;[39m
[31m[1m>[22m[39m[90m 20 |[39m [36mimport[39m { [33mTooltip[39m[33m,[39m [33mTooltipContent[39m[33m,[39m [33mTooltipProvider[39m[33m,[39m [33mTooltipTrigger[39m } [36mfrom[39m [32m"@/components/ui/tooltip"[39m[33m;[39m
 [90m    |[39m [31m[1m^[22m[39m[31m[1m^[22m[39m[31m[1m^[22m[39m[31m[1m^[22m[39m[31m[1m^[22m[39m[31m[1m^[22m[39m[31m[1m^[22m[39m[31m[1m^[22m[39m[31m[1m^[22m[39m[31m[1m^[22m[39m[31m[1m^[22m[39m[31m[1m^[22m[39m[31m[1m^[22m[39m[31m[1m^[22m[39m[31m[1m^[22m[39m[31m[1m^[22m[39m[31m[1m^[22m[39m[31m[1m^[22m[39m[31m[1m^[22m[39m[31m[1m^[22m[39m[31m[1m^[22m[39m[31m[1m^[22m[39m[31m[1m^[22m[39m[31m[1m^[22m[39m[31m[1m^[22m[39m[31m[1m^[22m[39m[31m[1m^[22m[39m[31m[1m^[22m[39m[31m[1m^[22m[39m[31m[1m^[22m[39m[31m[1m^[22m[39m[31m[1m^[22m[39m[31m[1m^[22m[39m[31m[1m^[22m[39m[31m[1m^[22m[39m[31m[1m^[22m[39m[31m[1m^[22m[39m[31m[1m^[22m[39m[31m[1m^[22m[39m[31m[1m^[22m[39m[31m[1m^[22m[39m[31m[1m^[22m[39m[31m[1m^[22m[39m[31m[1m^[22m[39m[31m[1m^[22m[39m[31m[1m^[22m[39m[31m[1m^[22m[39m[31m[1m^[22m[39m[31m[1m^[22m[39m[31m[1m^[22m[39m[31m[1m^[22m[39m[31m[1m^[22m[39m[31m[1m^[22m[39m[31m[1m^[22m[39m[31m[1m^[22m[39m[31m[1m^[22m[39m[31m[1m^[22m[39m[31m[1m^[22m[39m[31m[1m^[22m[39m[31m[1m^[22m[39m[31m[1m^[22m[39m[31m[1m^[22m[39m[31m[1m^[22m[39m[31m[1m^[22m[39m[31m[1m^[22m[39m[31m[1m^[22m[39m[31m[1m^[22m[39m[31m[1m^[22m[39m[31m[1m^[22m[39m[31m[1m^[22m[39m[31m[1m^[22m[39m[31m[1m^[22m[39m[31m[1m^[22m[39m[31m[1m^[22m[39m[31m[1m^[22m[39m[31m[1m^[22m[39m[31m[1m^[22m[39m[31m[1m^[22m[39m[31m[1m^[22m[39m[31m[1m^[22m[39m[31m[1m^[22m[39m[31m[1m^[22m[39m[31m[1m^[22m[39m[31m[1m^[22m[39m[31m[1m^[22m[39m[31m[1m^[22m[39m[31m[1m^[22m[39m[31m[1m^[22m[39m[31m[1m^[22m[39m[31m[1m^[22m[39m[31m[1m^[22m[39m[31m[1m^[22m[39m[31m[1m^[22m[39m[31m[1m^[22m[39m[31m[1m^[22m[39m[31m[1m^[22m[39m[31m[1m^[22m[39m[31m[1m^[22m[39m[31m[1m^[22m[39m
 [90m 21 |[39m
 [90m 22 |[39m [36mconst[39m menuItems [33m=[39m [
 [90m 23 |[39m   {[0m

Import map: aliased to relative './components/ui/tooltip' inside of [project]/Project/engine-calc-id


Import traces:
  Client Component Browser:
    ./Project/engine-calc-id/components/sidebar.tsx [Client Component Browser]
    ./Project/engine-calc-id/app/calculators/layout.tsx [Client Component Browser]
    ./Project/engine-calc-id/app/calculators/layout.tsx [Server Component]

  Client Component SSR:
    ./Project/engine-calc-id/components/sidebar.tsx [Client Component SSR]
    ./Project/engine-calc-id/app/calculators/layout.tsx [Client Component SSR]
    ./Project/engine-calc-id/app/calculators/layout.tsx [Server Component]

https://nextjs.org/docs/messages/module-not-found


 ⨯ ./Project/engine-calc-id/components/sidebar.tsx:20:1
Module not found: Can't resolve '@/components/ui/tooltip'
[0m [90m 18 |[39m [36mimport[39m { useState[33m,[39m useEffect } [36mfrom[39m [32m"react"[39m[33m;[39m
 [90m 19 |[39m [36mimport[39m { cn } [36mfrom[39m [32m"@/lib/utils"[39m[33m;[39m
[31m[1m>[22m[39m[90m 20 |[39m [36mimport[39m { [33mTooltip[39m[33m,[39m [33mTooltipContent[39m[33m,[39m [33mTooltipProvider[39m[33m,[39m [33mTooltipTrigger[39m } [36mfrom[39m [32m"@/components/ui/tooltip"[39m[33m;[39m
 [90m    |[39m [31m[1m^[22m[39m[31m[1m^[22m[39m[31m[1m^[22m[39m[31m[1m^[22m[39m[31m[1m^[22m[39m[31m[1m^[22m[39m[31m[1m^[22m[39m[31m[1m^[22m[39m[31m[1m^[22m[39m[31m[1m^[22m[39m[31m[1m^[22m[39m[31m[1m^[22m[39m[31m[1m^[22m[39m[31m[1m^[22m[39m[31m[1m^[22m[39m[31m[1m^[22m[39m[31m[1m^[22m[39m[31m[1m^[22m[39m[31m[1m^[22m[39m[31m[1m^[22m[39m[31m[1m^[22m[39m[31m[1m^[22m[39m[31m[1m^[22m[39m[31m[1m^[22m[39m[31m[1m^[22m[39m[31m[1m^[22m[39m[31m[1m^[22m[39m[31m[1m^[22m[39m[31m[1m^[22m[39m[31m[1m^[22m[39m[31m[1m^[22m[39m[31m[1m^[22m[39m[31m[1m^[22m[39m[31m[1m^[22m[39m[31m[1m^[22m[39m[31m[1m^[22m[39m[31m[1m^[22m[39m[31m[1m^[22m[39m[31m[1m^[22m[39m[31m[1m^[22m[39m[31m[1m^[22m[39m[31m[1m^[22m[39m[31m[1m^[22m[39m[31m[1m^[22m[39m[31m[1m^[22m[39m[31m[1m^[22m[39m[31m[1m^[22m[39m[31m[1m^[22m[39m[31m[1m^[22m[39m[31m[1m^[22m[39m[31m[1m^[22m[39m[31m[1m^[22m[39m[31m[1m^[22m[39m[31m[1m^[22m[39m[31m[1m^[22m[39m[31m[1m^[22m[39m[31m[1m^[22m[39m[31m[1m^[22m[39m[31m[1m^[22m[39m[31m[1m^[22m[39m[31m[1m^[22m[39m[31m[1m^[22m[39m[31m[1m^[22m[39m[31m[1m^[22m[39m[31m[1m^[22m[39m[31m[1m^[22m[39m[31m[1m^[22m[39m[31m[1m^[22m[39m[31m[1m^[22m[39m[31m[1m^[22m[39m[31m[1m^[22m[39m[31m[1m^[22m[39m[31m[1m^[22m[39m[31m[1m^[22m[39m[31m[1m^[22m[39m[31m[1m^[22m[39m[31m[1m^[22m[39m[31m[1m^[22m[39m[31m[1m^[22m[39m[31m[1m^[22m[39m[31m[1m^[22m[39m[31m[1m^[22m[39m[31m[1m^[22m[39m[31m[1m^[22m[39m[31m[1m^[22m[39m[31m[1m^[22m[39m[31m[1m^[22m[39m[31m[1m^[22m[39m[31m[1m^[22m[39m[31m[1m^[22m[39m[31m[1m^[22m[39m[31m[1m^[22m[39m[31m[1m^[22m[39m[31m[1m^[22m[39m[31m[1m^[22m[39m[31m[1m^[22m[39m[31m[1m^[22m[39m[31m[1m^[22m[39m[31m[1m^[22m[39m
 [90m 21 |[39m
 [90m 22 |[39m [36mconst[39m menuItems [33m=[39m [
 [90m 23 |[39m   {[0m

Import map: aliased to relative './components/ui/tooltip' inside of [project]/Project/engine-calc-id


Import traces:
  Client Component Browser:
    ./Project/engine-calc-id/components/sidebar.tsx [Client Component Browser]
    ./Project/engine-calc-id/app/calculators/layout.tsx [Client Component Browser]
    ./Project/engine-calc-id/app/calculators/layout.tsx [Server Component]

  Client Component SSR:
    ./Project/engine-calc-id/components/sidebar.tsx [Client Component SSR]
    ./Project/engine-calc-id/app/calculators/layout.tsx [Client Component SSR]
    ./Project/engine-calc-id/app/calculators/layout.tsx [Server Component]

https://nextjs.org/docs/messages/module-not-found


 ⨯ ./Project/engine-calc-id/components/sidebar.tsx:20:1
Module not found: Can't resolve '@/components/ui/tooltip'
[0m [90m 18 |[39m [36mimport[39m { useState[33m,[39m useEffect } [36mfrom[39m [32m"react"[39m[33m;[39m
 [90m 19 |[39m [36mimport[39m { cn } [36mfrom[39m [32m"@/lib/utils"[39m[33m;[39m
[31m[1m>[22m[39m[90m 20 |[39m [36mimport[39m { [33mTooltip[39m[33m,[39m [33mTooltipContent[39m[33m,[39m [33mTooltipProvider[39m[33m,[39m [33mTooltipTrigger[39m } [36mfrom[39m [32m"@/components/ui/tooltip"[39m[33m;[39m
 [90m    |[39m [31m[1m^[22m[39m[31m[1m^[22m[39m[31m[1m^[22m[39m[31m[1m^[22m[39m[31m[1m^[22m[39m[31m[1m^[22m[39m[31m[1m^[22m[39m[31m[1m^[22m[39m[31m[1m^[22m[39m[31m[1m^[22m[39m[31m[1m^[22m[39m[31m[1m^[22m[39m[31m[1m^[22m[39m[31m[1m^[22m[39m[31m[1m^[22m[39m[31m[1m^[22m[39m[31m[1m^[22m[39m[31m[1m^[22m[39m[31m[1m^[22m[39m[31m[1m^[22m[39m[31m[1m^[22m[39m[31m[1m^[22m[39m[31m[1m^[22m[39m[31m[1m^[22m[39m[31m[1m^[22m[39m[31m[1m^[22m[39m[31m[1m^[22m[39m[31m[1m^[22m[39m[31m[1m^[22m[39m[31m[1m^[22m[39m[31m[1m^[22m[39m[31m[1m^[22m[39m[31m[1m^[22m[39m[31m[1m^[22m[39m[31m[1m^[22m[39m[31m[1m^[22m[39m[31m[1m^[22m[39m[31m[1m^[22m[39m[31m[1m^[22m[39m[31m[1m^[22m[39m[31m[1m^[22m[39m[31m[1m^[22m[39m[31m[1m^[22m[39m[31m[1m^[22m[39m[31m[1m^[22m[39m[31m[1m^[22m[39m[31m[1m^[22m[39m[31m[1m^[22m[39m[31m[1m^[22m[39m[31m[1m^[22m[39m[31m[1m^[22m[39m[31m[1m^[22m[39m[31m[1m^[22m[39m[31m[1m^[22m[39m[31m[1m^[22m[39m[31m[1m^[22m[39m[31m[1m^[22m[39m[31m[1m^[22m[39m[31m[1m^[22m[39m[31m[1m^[22m[39m[31m[1m^[22m[39m[31m[1m^[22m[39m[31m[1m^[22m[39m[31m[1m^[22m[39m[31m[1m^[22m[39m[31m[1m^[22m[39m[31m[1m^[22m[39m[31m[1m^[22m[39m[31m[1m^[22m[39m[31m[1m^[22m[39m[31m[1m^[22m[39m[31m[1m^[22m[39m[31m[1m^[22m[39m[31m[1m^[22m[39m[31m[1m^[22m[39m[31m[1m^[22m[39m[31m[1m^[22m[39m[31m[1m^[22m[39m[31m[1m^[22m[39m[31m[1m^[22m[39m[31m[1m^[22m[39m[31m[1m^[22m[39m[31m[1m^[22m[39m[31m[1m^[22m[39m[31m[1m^[22m[39m[31m[1m^[22m[39m[31m[1m^[22m[39m[31m[1m^[22m[39m[31m[1m^[22m[39m[31m[1m^[22m[39m[31m[1m^[22m[39m[31m[1m^[22m[39m[31m[1m^[22m[39m[31m[1m^[22m[39m[31m[1m^[22m[39m[31m[1m^[22m[39m[31m[1m^[22m[39m[31m[1m^[22m[39m[31m[1m^[22m[39m
 [90m 21 |[39m
 [90m 22 |[39m [36mconst[39m menuItems [33m=[39m [
 [90m 23 |[39m   {[0m

Import map: aliased to relative './components/ui/tooltip' inside of [project]/Project/engine-calc-id


Import traces:
  Client Component Browser:
    ./Project/engine-calc-id/components/sidebar.tsx [Client Component Browser]
    ./Project/engine-calc-id/app/calculators/layout.tsx [Client Component Browser]
    ./Project/engine-calc-id/app/calculators/layout.tsx [Server Component]

  Client Component SSR:
    ./Project/engine-calc-id/components/sidebar.tsx [Client Component SSR]
    ./Project/engine-calc-id/app/calculators/layout.tsx [Client Component SSR]
    ./Project/engine-calc-id/app/calculators/layout.tsx [Server Component]

https://nextjs.org/docs/messages/module-not-found


 ⨯ ./Project/engine-calc-id/components/sidebar.tsx:20:1
Module not found: Can't resolve '@/components/ui/tooltip'
[0m [90m 18 |[39m [36mimport[39m { useState[33m,[39m useEffect } [36mfrom[39m [32m"react"[39m[33m;[39m
 [90m 19 |[39m [36mimport[39m { cn } [36mfrom[39m [32m"@/lib/utils"[39m[33m;[39m
[31m[1m>[22m[39m[90m 20 |[39m [36mimport[39m { [33mTooltip[39m[33m,[39m [33mTooltipContent[39m[33m,[39m [33mTooltipProvider[39m[33m,[39m [33mTooltipTrigger[39m } [36mfrom[39m [32m"@/components/ui/tooltip"[39m[33m;[39m
 [90m    |[39m [31m[1m^[22m[39m[31m[1m^[22m[39m[31m[1m^[22m[39m[31m[1m^[22m[39m[31m[1m^[22m[39m[31m[1m^[22m[39m[31m[1m^[22m[39m[31m[1m^[22m[39m[31m[1m^[22m[39m[31m[1m^[22m[39m[31m[1m^[22m[39m[31m[1m^[22m[39m[31m[1m^[22m[39m[31m[1m^[22m[39m[31m[1m^[22m[39m[31m[1m^[22m[39m[31m[1m^[22m[39m[31m[1m^[22m[39m[31m[1m^[22m[39m[31m[1m^[22m[39m[31m[1m^[22m[39m[31m[1m^[22m[39m[31m[1m^[22m[39m[31m[1m^[22m[39m[31m[1m^[22m[39m[31m[1m^[22m[39m[31m[1m^[22m[39m[31m[1m^[22m[39m[31m[1m^[22m[39m[31m[1m^[22m[39m[31m[1m^[22m[39m[31m[1m^[22m[39m[31m[1m^[22m[39m[31m[1m^[22m[39m[31m[1m^[22m[39m[31m[1m^[22m[39m[31m[1m^[22m[39m[31m[1m^[22m[39m[31m[1m^[22m[39m[31m[1m^[22m[39m[31m[1m^[22m[39m[31m[1m^[22m[39m[31m[1m^[22m[39m[31m[1m^[22m[39m[31m[1m^[22m[39m[31m[1m^[22m[39m[31m[1m^[22m[39m[31m[1m^[22m[39m[31m[1m^[22m[39m[31m[1m^[22m[39m[31m[1m^[22m[39m[31m[1m^[22m[39m[31m[1m^[22m[39m[31m[1m^[22m[39m[31m[1m^[22m[39m[31m[1m^[22m[39m[31m[1m^[22m[39m[31m[1m^[22m[39m[31m[1m^[22m[39m[31m[1m^[22m[39m[31m[1m^[22m[39m[31m[1m^[22m[39m[31m[1m^[22m[39m[31m[1m^[22m[39m[31m[1m^[22m[39m[31m[1m^[22m[39m[31m[1m^[22m[39m[31m[1m^[22m[39m[31m[1m^[22m[39m[31m[1m^[22m[39m[31m[1m^[22m[39m[31m[1m^[22m[39m[31m[1m^[22m[39m[31m[1m^[22m[39m[31m[1m^[22m[39m[31m[1m^[22m[39m[31m[1m^[22m[39m[31m[1m^[22m[39m[31m[1m^[22m[39m[31m[1m^[22m[39m[31m[1m^[22m[39m[31m[1m^[22m[39m[31m[1m^[22m[39m[31m[1m^[22m[39m[31m[1m^[22m[39m[31m[1m^[22m[39m[31m[1m^[22m[39m[31m[1m^[22m[39m[31m[1m^[22m[39m[31m[1m^[22m[39m[31m[1m^[22m[39m[31m[1m^[22m[39m[31m[1m^[22m[39m[31m[1m^[22m[39m[31m[1m^[22m[39m[31m[1m^[22m[39m[31m[1m^[22m[39m[31m[1m^[22m[39m[31m[1m^[22m[39m
 [90m 21 |[39m
 [90m 22 |[39m [36mconst[39m menuItems [33m=[39m [
 [90m 23 |[39m   {[0m

Import map: aliased to relative './components/ui/tooltip' inside of [project]/Project/engine-calc-id


Import traces:
  Client Component Browser:
    ./Project/engine-calc-id/components/sidebar.tsx [Client Component Browser]
    ./Project/engine-calc-id/app/calculators/layout.tsx [Client Component Browser]
    ./Project/engine-calc-id/app/calculators/layout.tsx [Server Component]

  Client Component SSR:
    ./Project/engine-calc-id/components/sidebar.tsx [Client Component SSR]
    ./Project/engine-calc-id/app/calculators/layout.tsx [Client Component SSR]
    ./Project/engine-calc-id/app/calculators/layout.tsx [Server Component]

https://nextjs.org/docs/messages/module-not-found


 ⨯ ./Project/engine-calc-id/components/sidebar.tsx:20:1
Module not found: Can't resolve '@/components/ui/tooltip'
[0m [90m 18 |[39m [36mimport[39m { useState[33m,[39m useEffect } [36mfrom[39m [32m"react"[39m[33m;[39m
 [90m 19 |[39m [36mimport[39m { cn } [36mfrom[39m [32m"@/lib/utils"[39m[33m;[39m
[31m[1m>[22m[39m[90m 20 |[39m [36mimport[39m { [33mTooltip[39m[33m,[39m [33mTooltipContent[39m[33m,[39m [33mTooltipProvider[39m[33m,[39m [33mTooltipTrigger[39m } [36mfrom[39m [32m"@/components/ui/tooltip"[39m[33m;[39m
 [90m    |[39m [31m[1m^[22m[39m[31m[1m^[22m[39m[31m[1m^[22m[39m[31m[1m^[22m[39m[31m[1m^[22m[39m[31m[1m^[22m[39m[31m[1m^[22m[39m[31m[1m^[22m[39m[31m[1m^[22m[39m[31m[1m^[22m[39m[31m[1m^[22m[39m[31m[1m^[22m[39m[31m[1m^[22m[39m[31m[1m^[22m[39m[31m[1m^[22m[39m[31m[1m^[22m[39m[31m[1m^[22m[39m[31m[1m^[22m[39m[31m[1m^[22m[39m[31m[1m^[22m[39m[31m[1m^[22m[39m[31m[1m^[22m[39m[31m[1m^[22m[39m[31m[1m^[22m[39m[31m[1m^[22m[39m[31m[1m^[22m[39m[31m[1m^[22m[39m[31m[1m^[22m[39m[31m[1m^[22m[39m[31m[1m^[22m[39m[31m[1m^[22m[39m[31m[1m^[22m[39m[31m[1m^[22m[39m[31m[1m^[22m[39m[31m[1m^[22m[39m[31m[1m^[22m[39m[31m[1m^[22m[39m[31m[1m^[22m[39m[31m[1m^[22m[39m[31m[1m^[22m[39m[31m[1m^[22m[39m[31m[1m^[22m[39m[31m[1m^[22m[39m[31m[1m^[22m[39m[31m[1m^[22m[39m[31m[1m^[22m[39m[31m[1m^[22m[39m[31m[1m^[22m[39m[31m[1m^[22m[39m[31m[1m^[22m[39m[31m[1m^[22m[39m[31m[1m^[22m[39m[31m[1m^[22m[39m[31m[1m^[22m[39m[31m[1m^[22m[39m[31m[1m^[22m[39m[31m[1m^[22m[39m[31m[1m^[22m[39m[31m[1m^[22m[39m[31m[1m^[22m[39m[31m[1m^[22m[39m[31m[1m^[22m[39m[31m[1m^[22m[39m[31m[1m^[22m[39m[31m[1m^[22m[39m[31m[1m^[22m[39m[31m[1m^[22m[39m[31m[1m^[22m[39m[31m[1m^[22m[39m[31m[1m^[22m[39m[31m[1m^[22m[39m[31m[1m^[22m[39m[31m[1m^[22m[39m[31m[1m^[22m[39m[31m[1m^[22m[39m[31m[1m^[22m[39m[31m[1m^[22m[39m[31m[1m^[22m[39m[31m[1m^[22m[39m[31m[1m^[22m[39m[31m[1m^[22m[39m[31m[1m^[22m[39m[31m[1m^[22m[39m[31m[1m^[22m[39m[31m[1m^[22m[39m[31m[1m^[22m[39m[31m[1m^[22m[39m[31m[1m^[22m[39m[31m[1m^[22m[39m[31m[1m^[22m[39m[31m[1m^[22m[39m[31m[1m^[22m[39m[31m[1m^[22m[39m[31m[1m^[22m[39m[31m[1m^[22m[39m[31m[1m^[22m[39m[31m[1m^[22m[39m[31m[1m^[22m[39m[31m[1m^[22m[39m
 [90m 21 |[39m
 [90m 22 |[39m [36mconst[39m menuItems [33m=[39m [
 [90m 23 |[39m   {[0m

Import map: aliased to relative './components/ui/tooltip' inside of [project]/Project/engine-calc-id


Import traces:
  Client Component Browser:
    ./Project/engine-calc-id/components/sidebar.tsx [Client Component Browser]
    ./Project/engine-calc-id/app/calculators/layout.tsx [Client Component Browser]
    ./Project/engine-calc-id/app/calculators/layout.tsx [Server Component]

  Client Component SSR:
    ./Project/engine-calc-id/components/sidebar.tsx [Client Component SSR]
    ./Project/engine-calc-id/app/calculators/layout.tsx [Client Component SSR]
    ./Project/engine-calc-id/app/calculators/layout.tsx [Server Component]

https://nextjs.org/docs/messages/module-not-found


 ⨯ ./Project/engine-calc-id/components/sidebar.tsx:20:1
Module not found: Can't resolve '@/components/ui/tooltip'
[0m [90m 18 |[39m [36mimport[39m { useState[33m,[39m useEffect } [36mfrom[39m [32m"react"[39m[33m;[39m
 [90m 19 |[39m [36mimport[39m { cn } [36mfrom[39m [32m"@/lib/utils"[39m[33m;[39m
[31m[1m>[22m[39m[90m 20 |[39m [36mimport[39m { [33mTooltip[39m[33m,[39m [33mTooltipContent[39m[33m,[39m [33mTooltipProvider[39m[33m,[39m [33mTooltipTrigger[39m } [36mfrom[39m [32m"@/components/ui/tooltip"[39m[33m;[39m
 [90m    |[39m [31m[1m^[22m[39m[31m[1m^[22m[39m[31m[1m^[22m[39m[31m[1m^[22m[39m[31m[1m^[22m[39m[31m[1m^[22m[39m[31m[1m^[22m[39m[31m[1m^[22m[39m[31m[1m^[22m[39m[31m[1m^[22m[39m[31m[1m^[22m[39m[31m[1m^[22m[39m[31m[1m^[22m[39m[31m[1m^[22m[39m[31m[1m^[22m[39m[31m[1m^[22m[39m[31m[1m^[22m[39m[31m[1m^[22m[39m[31m[1m^[22m[39m[31m[1m^[22m[39m[31m[1m^[22m[39m[31m[1m^[22m[39m[31m[1m^[22m[39m[31m[1m^[22m[39m[31m[1m^[22m[39m[31m[1m^[22m[39m[31m[1m^[22m[39m[31m[1m^[22m[39m[31m[1m^[22m[39m[31m[1m^[22m[39m[31m[1m^[22m[39m[31m[1m^[22m[39m[31m[1m^[22m[39m[31m[1m^[22m[39m[31m[1m^[22m[39m[31m[1m^[22m[39m[31m[1m^[22m[39m[31m[1m^[22m[39m[31m[1m^[22m[39m[31m[1m^[22m[39m[31m[1m^[22m[39m[31m[1m^[22m[39m[31m[1m^[22m[39m[31m[1m^[22m[39m[31m[1m^[22m[39m[31m[1m^[22m[39m[31m[1m^[22m[39m[31m[1m^[22m[39m[31m[1m^[22m[39m[31m[1m^[22m[39m[31m[1m^[22m[39m[31m[1m^[22m[39m[31m[1m^[22m[39m[31m[1m^[22m[39m[31m[1m^[22m[39m[31m[1m^[22m[39m[31m[1m^[22m[39m[31m[1m^[22m[39m[31m[1m^[22m[39m[31m[1m^[22m[39m[31m[1m^[22m[39m[31m[1m^[22m[39m[31m[1m^[22m[39m[31m[1m^[22m[39m[31m[1m^[22m[39m[31m[1m^[22m[39m[31m[1m^[22m[39m[31m[1m^[22m[39m[31m[1m^[22m[39m[31m[1m^[22m[39m[31m[1m^[22m[39m[31m[1m^[22m[39m[31m[1m^[22m[39m[31m[1m^[22m[39m[31m[1m^[22m[39m[31m[1m^[22m[39m[31m[1m^[22m[39m[31m[1m^[22m[39m[31m[1m^[22m[39m[31m[1m^[22m[39m[31m[1m^[22m[39m[31m[1m^[22m[39m[31m[1m^[22m[39m[31m[1m^[22m[39m[31m[1m^[22m[39m[31m[1m^[22m[39m[31m[1m^[22m[39m[31m[1m^[22m[39m[31m[1m^[22m[39m[31m[1m^[22m[39m[31m[1m^[22m[39m[31m[1m^[22m[39m[31m[1m^[22m[39m[31m[1m^[22m[39m[31m[1m^[22m[39m[31m[1m^[22m[39m[31m[1m^[22m[39m[31m[1m^[22m[39m[31m[1m^[22m[39m
 [90m 21 |[39m
 [90m 22 |[39m [36mconst[39m menuItems [33m=[39m [
 [90m 23 |[39m   {[0m

Import map: aliased to relative './components/ui/tooltip' inside of [project]/Project/engine-calc-id


Import traces:
  Client Component Browser:
    ./Project/engine-calc-id/components/sidebar.tsx [Client Component Browser]
    ./Project/engine-calc-id/app/calculators/layout.tsx [Client Component Browser]
    ./Project/engine-calc-id/app/calculators/layout.tsx [Server Component]

  Client Component SSR:
    ./Project/engine-calc-id/components/sidebar.tsx [Client Component SSR]
    ./Project/engine-calc-id/app/calculators/layout.tsx [Client Component SSR]
    ./Project/engine-calc-id/app/calculators/layout.tsx [Server Component]

https://nextjs.org/docs/messages/module-not-found


 ⨯ ./Project/engine-calc-id/components/sidebar.tsx:20:1
Module not found: Can't resolve '@/components/ui/tooltip'
[0m [90m 18 |[39m [36mimport[39m { useState[33m,[39m useEffect } [36mfrom[39m [32m"react"[39m[33m;[39m
 [90m 19 |[39m [36mimport[39m { cn } [36mfrom[39m [32m"@/lib/utils"[39m[33m;[39m
[31m[1m>[22m[39m[90m 20 |[39m [36mimport[39m { [33mTooltip[39m[33m,[39m [33mTooltipContent[39m[33m,[39m [33mTooltipProvider[39m[33m,[39m [33mTooltipTrigger[39m } [36mfrom[39m [32m"@/components/ui/tooltip"[39m[33m;[39m
 [90m    |[39m [31m[1m^[22m[39m[31m[1m^[22m[39m[31m[1m^[22m[39m[31m[1m^[22m[39m[31m[1m^[22m[39m[31m[1m^[22m[39m[31m[1m^[22m[39m[31m[1m^[22m[39m[31m[1m^[22m[39m[31m[1m^[22m[39m[31m[1m^[22m[39m[31m[1m^[22m[39m[31m[1m^[22m[39m[31m[1m^[22m[39m[31m[1m^[22m[39m[31m[1m^[22m[39m[31m[1m^[22m[39m[31m[1m^[22m[39m[31m[1m^[22m[39m[31m[1m^[22m[39m[31m[1m^[22m[39m[31m[1m^[22m[39m[31m[1m^[22m[39m[31m[1m^[22m[39m[31m[1m^[22m[39m[31m[1m^[22m[39m[31m[1m^[22m[39m[31m[1m^[22m[39m[31m[1m^[22m[39m[31m[1m^[22m[39m[31m[1m^[22m[39m[31m[1m^[22m[39m[31m[1m^[22m[39m[31m[1m^[22m[39m[31m[1m^[22m[39m[31m[1m^[22m[39m[31m[1m^[22m[39m[31m[1m^[22m[39m[31m[1m^[22m[39m[31m[1m^[22m[39m[31m[1m^[22m[39m[31m[1m^[22m[39m[31m[1m^[22m[39m[31m[1m^[22m[39m[31m[1m^[22m[39m[31m[1m^[22m[39m[31m[1m^[22m[39m[31m[1m^[22m[39m[31m[1m^[22m[39m[31m[1m^[22m[39m[31m[1m^[22m[39m[31m[1m^[22m[39m[31m[1m^[22m[39m[31m[1m^[22m[39m[31m[1m^[22m[39m[31m[1m^[22m[39m[31m[1m^[22m[39m[31m[1m^[22m[39m[31m[1m^[22m[39m[31m[1m^[22m[39m[31m[1m^[22m[39m[31m[1m^[22m[39m[31m[1m^[22m[39m[31m[1m^[22m[39m[31m[1m^[22m[39m[31m[1m^[22m[39m[31m[1m^[22m[39m[31m[1m^[22m[39m[31m[1m^[22m[39m[31m[1m^[22m[39m[31m[1m^[22m[39m[31m[1m^[22m[39m[31m[1m^[22m[39m[31m[1m^[22m[39m[31m[1m^[22m[39m[31m[1m^[22m[39m[31m[1m^[22m[39m[31m[1m^[22m[39m[31m[1m^[22m[39m[31m[1m^[22m[39m[31m[1m^[22m[39m[31m[1m^[22m[39m[31m[1m^[22m[39m[31m[1m^[22m[39m[31m[1m^[22m[39m[31m[1m^[22m[39m[31m[1m^[22m[39m[31m[1m^[22m[39m[31m[1m^[22m[39m[31m[1m^[22m[39m[31m[1m^[22m[39m[31m[1m^[22m[39m[31m[1m^[22m[39m[31m[1m^[22m[39m[31m[1m^[22m[39m[31m[1m^[22m[39m[31m[1m^[22m[39m[31m[1m^[22m[39m[31m[1m^[22m[39m
 [90m 21 |[39m
 [90m 22 |[39m [36mconst[39m menuItems [33m=[39m [
 [90m 23 |[39m   {[0m

Import map: aliased to relative './components/ui/tooltip' inside of [project]/Project/engine-calc-id


Import traces:
  Client Component Browser:
    ./Project/engine-calc-id/components/sidebar.tsx [Client Component Browser]
    ./Project/engine-calc-id/app/calculators/layout.tsx [Client Component Browser]
    ./Project/engine-calc-id/app/calculators/layout.tsx [Server Component]

  Client Component SSR:
    ./Project/engine-calc-id/components/sidebar.tsx [Client Component SSR]
    ./Project/engine-calc-id/app/calculators/layout.tsx [Client Component SSR]
    ./Project/engine-calc-id/app/calculators/layout.tsx [Server Component]

https://nextjs.org/docs/messages/module-not-found


 ⨯ ./Project/engine-calc-id/components/sidebar.tsx:20:1
Module not found: Can't resolve '@/components/ui/tooltip'
[0m [90m 18 |[39m [36mimport[39m { useState[33m,[39m useEffect } [36mfrom[39m [32m"react"[39m[33m;[39m
 [90m 19 |[39m [36mimport[39m { cn } [36mfrom[39m [32m"@/lib/utils"[39m[33m;[39m
[31m[1m>[22m[39m[90m 20 |[39m [36mimport[39m { [33mTooltip[39m[33m,[39m [33mTooltipContent[39m[33m,[39m [33mTooltipProvider[39m[33m,[39m [33mTooltipTrigger[39m } [36mfrom[39m [32m"@/components/ui/tooltip"[39m[33m;[39m
 [90m    |[39m [31m[1m^[22m[39m[31m[1m^[22m[39m[31m[1m^[22m[39m[31m[1m^[22m[39m[31m[1m^[22m[39m[31m[1m^[22m[39m[31m[1m^[22m[39m[31m[1m^[22m[39m[31m[1m^[22m[39m[31m[1m^[22m[39m[31m[1m^[22m[39m[31m[1m^[22m[39m[31m[1m^[22m[39m[31m[1m^[22m[39m[31m[1m^[22m[39m[31m[1m^[22m[39m[31m[1m^[22m[39m[31m[1m^[22m[39m[31m[1m^[22m[39m[31m[1m^[22m[39m[31m[1m^[22m[39m[31m[1m^[22m[39m[31m[1m^[22m[39m[31m[1m^[22m[39m[31m[1m^[22m[39m[31m[1m^[22m[39m[31m[1m^[22m[39m[31m[1m^[22m[39m[31m[1m^[22m[39m[31m[1m^[22m[39m[31m[1m^[22m[39m[31m[1m^[22m[39m[31m[1m^[22m[39m[31m[1m^[22m[39m[31m[1m^[22m[39m[31m[1m^[22m[39m[31m[1m^[22m[39m[31m[1m^[22m[39m[31m[1m^[22m[39m[31m[1m^[22m[39m[31m[1m^[22m[39m[31m[1m^[22m[39m[31m[1m^[22m[39m[31m[1m^[22m[39m[31m[1m^[22m[39m[31m[1m^[22m[39m[31m[1m^[22m[39m[31m[1m^[22m[39m[31m[1m^[22m[39m[31m[1m^[22m[39m[31m[1m^[22m[39m[31m[1m^[22m[39m[31m[1m^[22m[39m[31m[1m^[22m[39m[31m[1m^[22m[39m[31m[1m^[22m[39m[31m[1m^[22m[39m[31m[1m^[22m[39m[31m[1m^[22m[39m[31m[1m^[22m[39m[31m[1m^[22m[39m[31m[1m^[22m[39m[31m[1m^[22m[39m[31m[1m^[22m[39m[31m[1m^[22m[39m[31m[1m^[22m[39m[31m[1m^[22m[39m[31m[1m^[22m[39m[31m[1m^[22m[39m[31m[1m^[22m[39m[31m[1m^[22m[39m[31m[1m^[22m[39m[31m[1m^[22m[39m[31m[1m^[22m[39m[31m[1m^[22m[39m[31m[1m^[22m[39m[31m[1m^[22m[39m[31m[1m^[22m[39m[31m[1m^[22m[39m[31m[1m^[22m[39m[31m[1m^[22m[39m[31m[1m^[22m[39m[31m[1m^[22m[39m[31m[1m^[22m[39m[31m[1m^[22m[39m[31m[1m^[22m[39m[31m[1m^[22m[39m[31m[1m^[22m[39m[31m[1m^[22m[39m[31m[1m^[22m[39m[31m[1m^[22m[39m[31m[1m^[22m[39m[31m[1m^[22m[39m[31m[1m^[22m[39m[31m[1m^[22m[39m[31m[1m^[22m[39m[31m[1m^[22m[39m[31m[1m^[22m[39m[31m[1m^[22m[39m
 [90m 21 |[39m
 [90m 22 |[39m [36mconst[39m menuItems [33m=[39m [
 [90m 23 |[39m   {[0m

Import map: aliased to relative './components/ui/tooltip' inside of [project]/Project/engine-calc-id


Import traces:
  Client Component Browser:
    ./Project/engine-calc-id/components/sidebar.tsx [Client Component Browser]
    ./Project/engine-calc-id/app/calculators/layout.tsx [Client Component Browser]
    ./Project/engine-calc-id/app/calculators/layout.tsx [Server Component]

  Client Component SSR:
    ./Project/engine-calc-id/components/sidebar.tsx [Client Component SSR]
    ./Project/engine-calc-id/app/calculators/layout.tsx [Client Component SSR]
    ./Project/engine-calc-id/app/calculators/layout.tsx [Server Component]

https://nextjs.org/docs/messages/module-not-found


 ⨯ ./Project/engine-calc-id/components/sidebar.tsx:20:1
Module not found: Can't resolve '@/components/ui/tooltip'
[0m [90m 18 |[39m [36mimport[39m { useState[33m,[39m useEffect } [36mfrom[39m [32m"react"[39m[33m;[39m
 [90m 19 |[39m [36mimport[39m { cn } [36mfrom[39m [32m"@/lib/utils"[39m[33m;[39m
[31m[1m>[22m[39m[90m 20 |[39m [36mimport[39m { [33mTooltip[39m[33m,[39m [33mTooltipContent[39m[33m,[39m [33mTooltipProvider[39m[33m,[39m [33mTooltipTrigger[39m } [36mfrom[39m [32m"@/components/ui/tooltip"[39m[33m;[39m
 [90m    |[39m [31m[1m^[22m[39m[31m[1m^[22m[39m[31m[1m^[22m[39m[31m[1m^[22m[39m[31m[1m^[22m[39m[31m[1m^[22m[39m[31m[1m^[22m[39m[31m[1m^[22m[39m[31m[1m^[22m[39m[31m[1m^[22m[39m[31m[1m^[22m[39m[31m[1m^[22m[39m[31m[1m^[22m[39m[31m[1m^[22m[39m[31m[1m^[22m[39m[31m[1m^[22m[39m[31m[1m^[22m[39m[31m[1m^[22m[39m[31m[1m^[22m[39m[31m[1m^[22m[39m[31m[1m^[22m[39m[31m[1m^[22m[39m[31m[1m^[22m[39m[31m[1m^[22m[39m[31m[1m^[22m[39m[31m[1m^[22m[39m[31m[1m^[22m[39m[31m[1m^[22m[39m[31m[1m^[22m[39m[31m[1m^[22m[39m[31m[1m^[22m[39m[31m[1m^[22m[39m[31m[1m^[22m[39m[31m[1m^[22m[39m[31m[1m^[22m[39m[31m[1m^[22m[39m[31m[1m^[22m[39m[31m[1m^[22m[39m[31m[1m^[22m[39m[31m[1m^[22m[39m[31m[1m^[22m[39m[31m[1m^[22m[39m[31m[1m^[22m[39m[31m[1m^[22m[39m[31m[1m^[22m[39m[31m[1m^[22m[39m[31m[1m^[22m[39m[31m[1m^[22m[39m[31m[1m^[22m[39m[31m[1m^[22m[39m[31m[1m^[22m[39m[31m[1m^[22m[39m[31m[1m^[22m[39m[31m[1m^[22m[39m[31m[1m^[22m[39m[31m[1m^[22m[39m[31m[1m^[22m[39m[31m[1m^[22m[39m[31m[1m^[22m[39m[31m[1m^[22m[39m[31m[1m^[22m[39m[31m[1m^[22m[39m[31m[1m^[22m[39m[31m[1m^[22m[39m[31m[1m^[22m[39m[31m[1m^[22m[39m[31m[1m^[22m[39m[31m[1m^[22m[39m[31m[1m^[22m[39m[31m[1m^[22m[39m[31m[1m^[22m[39m[31m[1m^[22m[39m[31m[1m^[22m[39m[31m[1m^[22m[39m[31m[1m^[22m[39m[31m[1m^[22m[39m[31m[1m^[22m[39m[31m[1m^[22m[39m[31m[1m^[22m[39m[31m[1m^[22m[39m[31m[1m^[22m[39m[31m[1m^[22m[39m[31m[1m^[22m[39m[31m[1m^[22m[39m[31m[1m^[22m[39m[31m[1m^[22m[39m[31m[1m^[22m[39m[31m[1m^[22m[39m[31m[1m^[22m[39m[31m[1m^[22m[39m[31m[1m^[22m[39m[31m[1m^[22m[39m[31m[1m^[22m[39m[31m[1m^[22m[39m[31m[1m^[22m[39m[31m[1m^[22m[39m[31m[1m^[22m[39m[31m[1m^[22m[39m[31m[1m^[22m[39m
 [90m 21 |[39m
 [90m 22 |[39m [36mconst[39m menuItems [33m=[39m [
 [90m 23 |[39m   {[0m

Import map: aliased to relative './components/ui/tooltip' inside of [project]/Project/engine-calc-id


Import traces:
  Client Component Browser:
    ./Project/engine-calc-id/components/sidebar.tsx [Client Component Browser]
    ./Project/engine-calc-id/app/dashboard/layout.tsx [Client Component Browser]
    ./Project/engine-calc-id/app/dashboard/layout.tsx [Server Component]

  Client Component SSR:
    ./Project/engine-calc-id/components/sidebar.tsx [Client Component SSR]
    ./Project/engine-calc-id/app/dashboard/layout.tsx [Client Component SSR]
    ./Project/engine-calc-id/app/dashboard/layout.tsx [Server Component]

https://nextjs.org/docs/messages/module-not-found


 ⨯ ./Project/engine-calc-id/components/sidebar.tsx:20:1
Module not found: Can't resolve '@/components/ui/tooltip'
[0m [90m 18 |[39m [36mimport[39m { useState[33m,[39m useEffect } [36mfrom[39m [32m"react"[39m[33m;[39m
 [90m 19 |[39m [36mimport[39m { cn } [36mfrom[39m [32m"@/lib/utils"[39m[33m;[39m
[31m[1m>[22m[39m[90m 20 |[39m [36mimport[39m { [33mTooltip[39m[33m,[39m [33mTooltipContent[39m[33m,[39m [33mTooltipProvider[39m[33m,[39m [33mTooltipTrigger[39m } [36mfrom[39m [32m"@/components/ui/tooltip"[39m[33m;[39m
 [90m    |[39m [31m[1m^[22m[39m[31m[1m^[22m[39m[31m[1m^[22m[39m[31m[1m^[22m[39m[31m[1m^[22m[39m[31m[1m^[22m[39m[31m[1m^[22m[39m[31m[1m^[22m[39m[31m[1m^[22m[39m[31m[1m^[22m[39m[31m[1m^[22m[39m[31m[1m^[22m[39m[31m[1m^[22m[39m[31m[1m^[22m[39m[31m[1m^[22m[39m[31m[1m^[22m[39m[31m[1m^[22m[39m[31m[1m^[22m[39m[31m[1m^[22m[39m[31m[1m^[22m[39m[31m[1m^[22m[39m[31m[1m^[22m[39m[31m[1m^[22m[39m[31m[1m^[22m[39m[31m[1m^[22m[39m[31m[1m^[22m[39m[31m[1m^[22m[39m[31m[1m^[22m[39m[31m[1m^[22m[39m[31m[1m^[22m[39m[31m[1m^[22m[39m[31m[1m^[22m[39m[31m[1m^[22m[39m[31m[1m^[22m[39m[31m[1m^[22m[39m[31m[1m^[22m[39m[31m[1m^[22m[39m[31m[1m^[22m[39m[31m[1m^[22m[39m[31m[1m^[22m[39m[31m[1m^[22m[39m[31m[1m^[22m[39m[31m[1m^[22m[39m[31m[1m^[22m[39m[31m[1m^[22m[39m[31m[1m^[22m[39m[31m[1m^[22m[39m[31m[1m^[22m[39m[31m[1m^[22m[39m[31m[1m^[22m[39m[31m[1m^[22m[39m[31m[1m^[22m[39m[31m[1m^[22m[39m[31m[1m^[22m[39m[31m[1m^[22m[39m[31m[1m^[22m[39m[31m[1m^[22m[39m[31m[1m^[22m[39m[31m[1m^[22m[39m[31m[1m^[22m[39m[31m[1m^[22m[39m[31m[1m^[22m[39m[31m[1m^[22m[39m[31m[1m^[22m[39m[31m[1m^[22m[39m[31m[1m^[22m[39m[31m[1m^[22m[39m[31m[1m^[22m[39m[31m[1m^[22m[39m[31m[1m^[22m[39m[31m[1m^[22m[39m[31m[1m^[22m[39m[31m[1m^[22m[39m[31m[1m^[22m[39m[31m[1m^[22m[39m[31m[1m^[22m[39m[31m[1m^[22m[39m[31m[1m^[22m[39m[31m[1m^[22m[39m[31m[1m^[22m[39m[31m[1m^[22m[39m[31m[1m^[22m[39m[31m[1m^[22m[39m[31m[1m^[22m[39m[31m[1m^[22m[39m[31m[1m^[22m[39m[31m[1m^[22m[39m[31m[1m^[22m[39m[31m[1m^[22m[39m[31m[1m^[22m[39m[31m[1m^[22m[39m[31m[1m^[22m[39m[31m[1m^[22m[39m[31m[1m^[22m[39m[31m[1m^[22m[39m[31m[1m^[22m[39m[31m[1m^[22m[39m[31m[1m^[22m[39m[31m[1m^[22m[39m
 [90m 21 |[39m
 [90m 22 |[39m [36mconst[39m menuItems [33m=[39m [
 [90m 23 |[39m   {[0m

Import map: aliased to relative './components/ui/tooltip' inside of [project]/Project/engine-calc-id


Import traces:
  Client Component Browser:
    ./Project/engine-calc-id/components/sidebar.tsx [Client Component Browser]
    ./Project/engine-calc-id/app/dashboard/layout.tsx [Client Component Browser]
    ./Project/engine-calc-id/app/dashboard/layout.tsx [Server Component]

  Client Component SSR:
    ./Project/engine-calc-id/components/sidebar.tsx [Client Component SSR]
    ./Project/engine-calc-id/app/dashboard/layout.tsx [Client Component SSR]
    ./Project/engine-calc-id/app/dashboard/layout.tsx [Server Component]

https://nextjs.org/docs/messages/module-not-found


 ⨯ ./Project/engine-calc-id/components/sidebar.tsx:20:1
Module not found: Can't resolve '@/components/ui/tooltip'
[0m [90m 18 |[39m [36mimport[39m { useState[33m,[39m useEffect } [36mfrom[39m [32m"react"[39m[33m;[39m
 [90m 19 |[39m [36mimport[39m { cn } [36mfrom[39m [32m"@/lib/utils"[39m[33m;[39m
[31m[1m>[22m[39m[90m 20 |[39m [36mimport[39m { [33mTooltip[39m[33m,[39m [33mTooltipContent[39m[33m,[39m [33mTooltipProvider[39m[33m,[39m [33mTooltipTrigger[39m } [36mfrom[39m [32m"@/components/ui/tooltip"[39m[33m;[39m
 [90m    |[39m [31m[1m^[22m[39m[31m[1m^[22m[39m[31m[1m^[22m[39m[31m[1m^[22m[39m[31m[1m^[22m[39m[31m[1m^[22m[39m[31m[1m^[22m[39m[31m[1m^[22m[39m[31m[1m^[22m[39m[31m[1m^[22m[39m[31m[1m^[22m[39m[31m[1m^[22m[39m[31m[1m^[22m[39m[31m[1m^[22m[39m[31m[1m^[22m[39m[31m[1m^[22m[39m[31m[1m^[22m[39m[31m[1m^[22m[39m[31m[1m^[22m[39m[31m[1m^[22m[39m[31m[1m^[22m[39m[31m[1m^[22m[39m[31m[1m^[22m[39m[31m[1m^[22m[39m[31m[1m^[22m[39m[31m[1m^[22m[39m[31m[1m^[22m[39m[31m[1m^[22m[39m[31m[1m^[22m[39m[31m[1m^[22m[39m[31m[1m^[22m[39m[31m[1m^[22m[39m[31m[1m^[22m[39m[31m[1m^[22m[39m[31m[1m^[22m[39m[31m[1m^[22m[39m[31m[1m^[22m[39m[31m[1m^[22m[39m[31m[1m^[22m[39m[31m[1m^[22m[39m[31m[1m^[22m[39m[31m[1m^[22m[39m[31m[1m^[22m[39m[31m[1m^[22m[39m[31m[1m^[22m[39m[31m[1m^[22m[39m[31m[1m^[22m[39m[31m[1m^[22m[39m[31m[1m^[22m[39m[31m[1m^[22m[39m[31m[1m^[22m[39m[31m[1m^[22m[39m[31m[1m^[22m[39m[31m[1m^[22m[39m[31m[1m^[22m[39m[31m[1m^[22m[39m[31m[1m^[22m[39m[31m[1m^[22m[39m[31m[1m^[22m[39m[31m[1m^[22m[39m[31m[1m^[22m[39m[31m[1m^[22m[39m[31m[1m^[22m[39m[31m[1m^[22m[39m[31m[1m^[22m[39m[31m[1m^[22m[39m[31m[1m^[22m[39m[31m[1m^[22m[39m[31m[1m^[22m[39m[31m[1m^[22m[39m[31m[1m^[22m[39m[31m[1m^[22m[39m[31m[1m^[22m[39m[31m[1m^[22m[39m[31m[1m^[22m[39m[31m[1m^[22m[39m[31m[1m^[22m[39m[31m[1m^[22m[39m[31m[1m^[22m[39m[31m[1m^[22m[39m[31m[1m^[22m[39m[31m[1m^[22m[39m[31m[1m^[22m[39m[31m[1m^[22m[39m[31m[1m^[22m[39m[31m[1m^[22m[39m[31m[1m^[22m[39m[31m[1m^[22m[39m[31m[1m^[22m[39m[31m[1m^[22m[39m[31m[1m^[22m[39m[31m[1m^[22m[39m[31m[1m^[22m[39m[31m[1m^[22m[39m[31m[1m^[22m[39m[31m[1m^[22m[39m[31m[1m^[22m[39m[31m[1m^[22m[39m[31m[1m^[22m[39m
 [90m 21 |[39m
 [90m 22 |[39m [36mconst[39m menuItems [33m=[39m [
 [90m 23 |[39m   {[0m

Import map: aliased to relative './components/ui/tooltip' inside of [project]/Project/engine-calc-id


Import traces:
  Client Component Browser:
    ./Project/engine-calc-id/components/sidebar.tsx [Client Component Browser]
    ./Project/engine-calc-id/app/dashboard/layout.tsx [Client Component Browser]
    ./Project/engine-calc-id/app/dashboard/layout.tsx [Server Component]

  Client Component SSR:
    ./Project/engine-calc-id/components/sidebar.tsx [Client Component SSR]
    ./Project/engine-calc-id/app/dashboard/layout.tsx [Client Component SSR]
    ./Project/engine-calc-id/app/dashboard/layout.tsx [Server Component]

https://nextjs.org/docs/messages/module-not-found


 ⨯ ./Project/engine-calc-id/components/sidebar.tsx:20:1
Module not found: Can't resolve '@/components/ui/tooltip'
[0m [90m 18 |[39m [36mimport[39m { useState[33m,[39m useEffect } [36mfrom[39m [32m"react"[39m[33m;[39m
 [90m 19 |[39m [36mimport[39m { cn } [36mfrom[39m [32m"@/lib/utils"[39m[33m;[39m
[31m[1m>[22m[39m[90m 20 |[39m [36mimport[39m { [33mTooltip[39m[33m,[39m [33mTooltipContent[39m[33m,[39m [33mTooltipProvider[39m[33m,[39m [33mTooltipTrigger[39m } [36mfrom[39m [32m"@/components/ui/tooltip"[39m[33m;[39m
 [90m    |[39m [31m[1m^[22m[39m[31m[1m^[22m[39m[31m[1m^[22m[39m[31m[1m^[22m[39m[31m[1m^[22m[39m[31m[1m^[22m[39m[31m[1m^[22m[39m[31m[1m^[22m[39m[31m[1m^[22m[39m[31m[1m^[22m[39m[31m[1m^[22m[39m[31m[1m^[22m[39m[31m[1m^[22m[39m[31m[1m^[22m[39m[31m[1m^[22m[39m[31m[1m^[22m[39m[31m[1m^[22m[39m[31m[1m^[22m[39m[31m[1m^[22m[39m[31m[1m^[22m[39m[31m[1m^[22m[39m[31m[1m^[22m[39m[31m[1m^[22m[39m[31m[1m^[22m[39m[31m[1m^[22m[39m[31m[1m^[22m[39m[31m[1m^[22m[39m[31m[1m^[22m[39m[31m[1m^[22m[39m[31m[1m^[22m[39m[31m[1m^[22m[39m[31m[1m^[22m[39m[31m[1m^[22m[39m[31m[1m^[22m[39m[31m[1m^[22m[39m[31m[1m^[22m[39m[31m[1m^[22m[39m[31m[1m^[22m[39m[31m[1m^[22m[39m[31m[1m^[22m[39m[31m[1m^[22m[39m[31m[1m^[22m[39m[31m[1m^[22m[39m[31m[1m^[22m[39m[31m[1m^[22m[39m[31m[1m^[22m[39m[31m[1m^[22m[39m[31m[1m^[22m[39m[31m[1m^[22m[39m[31m[1m^[22m[39m[31m[1m^[22m[39m[31m[1m^[22m[39m[31m[1m^[22m[39m[31m[1m^[22m[39m[31m[1m^[22m[39m[31m[1m^[22m[39m[31m[1m^[22m[39m[31m[1m^[22m[39m[31m[1m^[22m[39m[31m[1m^[22m[39m[31m[1m^[22m[39m[31m[1m^[22m[39m[31m[1m^[22m[39m[31m[1m^[22m[39m[31m[1m^[22m[39m[31m[1m^[22m[39m[31m[1m^[22m[39m[31m[1m^[22m[39m[31m[1m^[22m[39m[31m[1m^[22m[39m[31m[1m^[22m[39m[31m[1m^[22m[39m[31m[1m^[22m[39m[31m[1m^[22m[39m[31m[1m^[22m[39m[31m[1m^[22m[39m[31m[1m^[22m[39m[31m[1m^[22m[39m[31m[1m^[22m[39m[31m[1m^[22m[39m[31m[1m^[22m[39m[31m[1m^[22m[39m[31m[1m^[22m[39m[31m[1m^[22m[39m[31m[1m^[22m[39m[31m[1m^[22m[39m[31m[1m^[22m[39m[31m[1m^[22m[39m[31m[1m^[22m[39m[31m[1m^[22m[39m[31m[1m^[22m[39m[31m[1m^[22m[39m[31m[1m^[22m[39m[31m[1m^[22m[39m[31m[1m^[22m[39m[31m[1m^[22m[39m[31m[1m^[22m[39m[31m[1m^[22m[39m[31m[1m^[22m[39m
 [90m 21 |[39m
 [90m 22 |[39m [36mconst[39m menuItems [33m=[39m [
 [90m 23 |[39m   {[0m

Import map: aliased to relative './components/ui/tooltip' inside of [project]/Project/engine-calc-id


Import traces:
  Client Component Browser:
    ./Project/engine-calc-id/components/sidebar.tsx [Client Component Browser]
    ./Project/engine-calc-id/app/dashboard/layout.tsx [Client Component Browser]
    ./Project/engine-calc-id/app/dashboard/layout.tsx [Server Component]

  Client Component SSR:
    ./Project/engine-calc-id/components/sidebar.tsx [Client Component SSR]
    ./Project/engine-calc-id/app/dashboard/layout.tsx [Client Component SSR]
    ./Project/engine-calc-id/app/dashboard/layout.tsx [Server Component]

https://nextjs.org/docs/messages/module-not-found


 ⨯ ./Project/engine-calc-id/components/sidebar.tsx:20:1
Module not found: Can't resolve '@/components/ui/tooltip'
[0m [90m 18 |[39m [36mimport[39m { useState[33m,[39m useEffect } [36mfrom[39m [32m"react"[39m[33m;[39m
 [90m 19 |[39m [36mimport[39m { cn } [36mfrom[39m [32m"@/lib/utils"[39m[33m;[39m
[31m[1m>[22m[39m[90m 20 |[39m [36mimport[39m { [33mTooltip[39m[33m,[39m [33mTooltipContent[39m[33m,[39m [33mTooltipProvider[39m[33m,[39m [33mTooltipTrigger[39m } [36mfrom[39m [32m"@/components/ui/tooltip"[39m[33m;[39m
 [90m    |[39m [31m[1m^[22m[39m[31m[1m^[22m[39m[31m[1m^[22m[39m[31m[1m^[22m[39m[31m[1m^[22m[39m[31m[1m^[22m[39m[31m[1m^[22m[39m[31m[1m^[22m[39m[31m[1m^[22m[39m[31m[1m^[22m[39m[31m[1m^[22m[39m[31m[1m^[22m[39m[31m[1m^[22m[39m[31m[1m^[22m[39m[31m[1m^[22m[39m[31m[1m^[22m[39m[31m[1m^[22m[39m[31m[1m^[22m[39m[31m[1m^[22m[39m[31m[1m^[22m[39m[31m[1m^[22m[39m[31m[1m^[22m[39m[31m[1m^[22m[39m[31m[1m^[22m[39m[31m[1m^[22m[39m[31m[1m^[22m[39m[31m[1m^[22m[39m[31m[1m^[22m[39m[31m[1m^[22m[39m[31m[1m^[22m[39m[31m[1m^[22m[39m[31m[1m^[22m[39m[31m[1m^[22m[39m[31m[1m^[22m[39m[31m[1m^[22m[39m[31m[1m^[22m[39m[31m[1m^[22m[39m[31m[1m^[22m[39m[31m[1m^[22m[39m[31m[1m^[22m[39m[31m[1m^[22m[39m[31m[1m^[22m[39m[31m[1m^[22m[39m[31m[1m^[22m[39m[31m[1m^[22m[39m[31m[1m^[22m[39m[31m[1m^[22m[39m[31m[1m^[22m[39m[31m[1m^[22m[39m[31m[1m^[22m[39m[31m[1m^[22m[39m[31m[1m^[22m[39m[31m[1m^[22m[39m[31m[1m^[22m[39m[31m[1m^[22m[39m[31m[1m^[22m[39m[31m[1m^[22m[39m[31m[1m^[22m[39m[31m[1m^[22m[39m[31m[1m^[22m[39m[31m[1m^[22m[39m[31m[1m^[22m[39m[31m[1m^[22m[39m[31m[1m^[22m[39m[31m[1m^[22m[39m[31m[1m^[22m[39m[31m[1m^[22m[39m[31m[1m^[22m[39m[31m[1m^[22m[39m[31m[1m^[22m[39m[31m[1m^[22m[39m[31m[1m^[22m[39m[31m[1m^[22m[39m[31m[1m^[22m[39m[31m[1m^[22m[39m[31m[1m^[22m[39m[31m[1m^[22m[39m[31m[1m^[22m[39m[31m[1m^[22m[39m[31m[1m^[22m[39m[31m[1m^[22m[39m[31m[1m^[22m[39m[31m[1m^[22m[39m[31m[1m^[22m[39m[31m[1m^[22m[39m[31m[1m^[22m[39m[31m[1m^[22m[39m[31m[1m^[22m[39m[31m[1m^[22m[39m[31m[1m^[22m[39m[31m[1m^[22m[39m[31m[1m^[22m[39m[31m[1m^[22m[39m[31m[1m^[22m[39m[31m[1m^[22m[39m[31m[1m^[22m[39m[31m[1m^[22m[39m[31m[1m^[22m[39m[31m[1m^[22m[39m
 [90m 21 |[39m
 [90m 22 |[39m [36mconst[39m menuItems [33m=[39m [
 [90m 23 |[39m   {[0m

Import map: aliased to relative './components/ui/tooltip' inside of [project]/Project/engine-calc-id


Import traces:
  Client Component Browser:
    ./Project/engine-calc-id/components/sidebar.tsx [Client Component Browser]
    ./Project/engine-calc-id/app/dashboard/layout.tsx [Client Component Browser]
    ./Project/engine-calc-id/app/dashboard/layout.tsx [Server Component]

  Client Component SSR:
    ./Project/engine-calc-id/components/sidebar.tsx [Client Component SSR]
    ./Project/engine-calc-id/app/dashboard/layout.tsx [Client Component SSR]
    ./Project/engine-calc-id/app/dashboard/layout.tsx [Server Component]

https://nextjs.org/docs/messages/module-not-found


 ⨯ ./Project/engine-calc-id/components/sidebar.tsx:20:1
Module not found: Can't resolve '@/components/ui/tooltip'
[0m [90m 18 |[39m [36mimport[39m { useState[33m,[39m useEffect } [36mfrom[39m [32m"react"[39m[33m;[39m
 [90m 19 |[39m [36mimport[39m { cn } [36mfrom[39m [32m"@/lib/utils"[39m[33m;[39m
[31m[1m>[22m[39m[90m 20 |[39m [36mimport[39m { [33mTooltip[39m[33m,[39m [33mTooltipContent[39m[33m,[39m [33mTooltipProvider[39m[33m,[39m [33mTooltipTrigger[39m } [36mfrom[39m [32m"@/components/ui/tooltip"[39m[33m;[39m
 [90m    |[39m [31m[1m^[22m[39m[31m[1m^[22m[39m[31m[1m^[22m[39m[31m[1m^[22m[39m[31m[1m^[22m[39m[31m[1m^[22m[39m[31m[1m^[22m[39m[31m[1m^[22m[39m[31m[1m^[22m[39m[31m[1m^[22m[39m[31m[1m^[22m[39m[31m[1m^[22m[39m[31m[1m^[22m[39m[31m[1m^[22m[39m[31m[1m^[22m[39m[31m[1m^[22m[39m[31m[1m^[22m[39m[31m[1m^[22m[39m[31m[1m^[22m[39m[31m[1m^[22m[39m[31m[1m^[22m[39m[31m[1m^[22m[39m[31m[1m^[22m[39m[31m[1m^[22m[39m[31m[1m^[22m[39m[31m[1m^[22m[39m[31m[1m^[22m[39m[31m[1m^[22m[39m[31m[1m^[22m[39m[31m[1m^[22m[39m[31m[1m^[22m[39m[31m[1m^[22m[39m[31m[1m^[22m[39m[31m[1m^[22m[39m[31m[1m^[22m[39m[31m[1m^[22m[39m[31m[1m^[22m[39m[31m[1m^[22m[39m[31m[1m^[22m[39m[31m[1m^[22m[39m[31m[1m^[22m[39m[31m[1m^[22m[39m[31m[1m^[22m[39m[31m[1m^[22m[39m[31m[1m^[22m[39m[31m[1m^[22m[39m[31m[1m^[22m[39m[31m[1m^[22m[39m[31m[1m^[22m[39m[31m[1m^[22m[39m[31m[1m^[22m[39m[31m[1m^[22m[39m[31m[1m^[22m[39m[31m[1m^[22m[39m[31m[1m^[22m[39m[31m[1m^[22m[39m[31m[1m^[22m[39m[31m[1m^[22m[39m[31m[1m^[22m[39m[31m[1m^[22m[39m[31m[1m^[22m[39m[31m[1m^[22m[39m[31m[1m^[22m[39m[31m[1m^[22m[39m[31m[1m^[22m[39m[31m[1m^[22m[39m[31m[1m^[22m[39m[31m[1m^[22m[39m[31m[1m^[22m[39m[31m[1m^[22m[39m[31m[1m^[22m[39m[31m[1m^[22m[39m[31m[1m^[22m[39m[31m[1m^[22m[39m[31m[1m^[22m[39m[31m[1m^[22m[39m[31m[1m^[22m[39m[31m[1m^[22m[39m[31m[1m^[22m[39m[31m[1m^[22m[39m[31m[1m^[22m[39m[31m[1m^[22m[39m[31m[1m^[22m[39m[31m[1m^[22m[39m[31m[1m^[22m[39m[31m[1m^[22m[39m[31m[1m^[22m[39m[31m[1m^[22m[39m[31m[1m^[22m[39m[31m[1m^[22m[39m[31m[1m^[22m[39m[31m[1m^[22m[39m[31m[1m^[22m[39m[31m[1m^[22m[39m[31m[1m^[22m[39m[31m[1m^[22m[39m[31m[1m^[22m[39m[31m[1m^[22m[39m[31m[1m^[22m[39m
 [90m 21 |[39m
 [90m 22 |[39m [36mconst[39m menuItems [33m=[39m [
 [90m 23 |[39m   {[0m

Import map: aliased to relative './components/ui/tooltip' inside of [project]/Project/engine-calc-id


Import traces:
  Client Component Browser:
    ./Project/engine-calc-id/components/sidebar.tsx [Client Component Browser]
    ./Project/engine-calc-id/app/dashboard/layout.tsx [Client Component Browser]
    ./Project/engine-calc-id/app/dashboard/layout.tsx [Server Component]

  Client Component SSR:
    ./Project/engine-calc-id/components/sidebar.tsx [Client Component SSR]
    ./Project/engine-calc-id/app/dashboard/layout.tsx [Client Component SSR]
    ./Project/engine-calc-id/app/dashboard/layout.tsx [Server Component]

https://nextjs.org/docs/messages/module-not-found


 ⨯ ./Project/engine-calc-id/components/sidebar.tsx:20:1
Module not found: Can't resolve '@/components/ui/tooltip'
[0m [90m 18 |[39m [36mimport[39m { useState[33m,[39m useEffect } [36mfrom[39m [32m"react"[39m[33m;[39m
 [90m 19 |[39m [36mimport[39m { cn } [36mfrom[39m [32m"@/lib/utils"[39m[33m;[39m
[31m[1m>[22m[39m[90m 20 |[39m [36mimport[39m { [33mTooltip[39m[33m,[39m [33mTooltipContent[39m[33m,[39m [33mTooltipProvider[39m[33m,[39m [33mTooltipTrigger[39m } [36mfrom[39m [32m"@/components/ui/tooltip"[39m[33m;[39m
 [90m    |[39m [31m[1m^[22m[39m[31m[1m^[22m[39m[31m[1m^[22m[39m[31m[1m^[22m[39m[31m[1m^[22m[39m[31m[1m^[22m[39m[31m[1m^[22m[39m[31m[1m^[22m[39m[31m[1m^[22m[39m[31m[1m^[22m[39m[31m[1m^[22m[39m[31m[1m^[22m[39m[31m[1m^[22m[39m[31m[1m^[22m[39m[31m[1m^[22m[39m[31m[1m^[22m[39m[31m[1m^[22m[39m[31m[1m^[22m[39m[31m[1m^[22m[39m[31m[1m^[22m[39m[31m[1m^[22m[39m[31m[1m^[22m[39m[31m[1m^[22m[39m[31m[1m^[22m[39m[31m[1m^[22m[39m[31m[1m^[22m[39m[31m[1m^[22m[39m[31m[1m^[22m[39m[31m[1m^[22m[39m[31m[1m^[22m[39m[31m[1m^[22m[39m[31m[1m^[22m[39m[31m[1m^[22m[39m[31m[1m^[22m[39m[31m[1m^[22m[39m[31m[1m^[22m[39m[31m[1m^[22m[39m[31m[1m^[22m[39m[31m[1m^[22m[39m[31m[1m^[22m[39m[31m[1m^[22m[39m[31m[1m^[22m[39m[31m[1m^[22m[39m[31m[1m^[22m[39m[31m[1m^[22m[39m[31m[1m^[22m[39m[31m[1m^[22m[39m[31m[1m^[22m[39m[31m[1m^[22m[39m[31m[1m^[22m[39m[31m[1m^[22m[39m[31m[1m^[22m[39m[31m[1m^[22m[39m[31m[1m^[22m[39m[31m[1m^[22m[39m[31m[1m^[22m[39m[31m[1m^[22m[39m[31m[1m^[22m[39m[31m[1m^[22m[39m[31m[1m^[22m[39m[31m[1m^[22m[39m[31m[1m^[22m[39m[31m[1m^[22m[39m[31m[1m^[22m[39m[31m[1m^[22m[39m[31m[1m^[22m[39m[31m[1m^[22m[39m[31m[1m^[22m[39m[31m[1m^[22m[39m[31m[1m^[22m[39m[31m[1m^[22m[39m[31m[1m^[22m[39m[31m[1m^[22m[39m[31m[1m^[22m[39m[31m[1m^[22m[39m[31m[1m^[22m[39m[31m[1m^[22m[39m[31m[1m^[22m[39m[31m[1m^[22m[39m[31m[1m^[22m[39m[31m[1m^[22m[39m[31m[1m^[22m[39m[31m[1m^[22m[39m[31m[1m^[22m[39m[31m[1m^[22m[39m[31m[1m^[22m[39m[31m[1m^[22m[39m[31m[1m^[22m[39m[31m[1m^[22m[39m[31m[1m^[22m[39m[31m[1m^[22m[39m[31m[1m^[22m[39m[31m[1m^[22m[39m[31m[1m^[22m[39m[31m[1m^[22m[39m[31m[1m^[22m[39m[31m[1m^[22m[39m[31m[1m^[22m[39m[31m[1m^[22m[39m
 [90m 21 |[39m
 [90m 22 |[39m [36mconst[39m menuItems [33m=[39m [
 [90m 23 |[39m   {[0m

Import map: aliased to relative './components/ui/tooltip' inside of [project]/Project/engine-calc-id


Import traces:
  Client Component Browser:
    ./Project/engine-calc-id/components/sidebar.tsx [Client Component Browser]
    ./Project/engine-calc-id/app/dashboard/layout.tsx [Client Component Browser]
    ./Project/engine-calc-id/app/dashboard/layout.tsx [Server Component]

  Client Component SSR:
    ./Project/engine-calc-id/components/sidebar.tsx [Client Component SSR]
    ./Project/engine-calc-id/app/dashboard/layout.tsx [Client Component SSR]
    ./Project/engine-calc-id/app/dashboard/layout.tsx [Server Component]

https://nextjs.org/docs/messages/module-not-found


 ⨯ ./Project/engine-calc-id/components/sidebar.tsx:20:1
Module not found: Can't resolve '@/components/ui/tooltip'
[0m [90m 18 |[39m [36mimport[39m { useState[33m,[39m useEffect } [36mfrom[39m [32m"react"[39m[33m;[39m
 [90m 19 |[39m [36mimport[39m { cn } [36mfrom[39m [32m"@/lib/utils"[39m[33m;[39m
[31m[1m>[22m[39m[90m 20 |[39m [36mimport[39m { [33mTooltip[39m[33m,[39m [33mTooltipContent[39m[33m,[39m [33mTooltipProvider[39m[33m,[39m [33mTooltipTrigger[39m } [36mfrom[39m [32m"@/components/ui/tooltip"[39m[33m;[39m
 [90m    |[39m [31m[1m^[22m[39m[31m[1m^[22m[39m[31m[1m^[22m[39m[31m[1m^[22m[39m[31m[1m^[22m[39m[31m[1m^[22m[39m[31m[1m^[22m[39m[31m[1m^[22m[39m[31m[1m^[22m[39m[31m[1m^[22m[39m[31m[1m^[22m[39m[31m[1m^[22m[39m[31m[1m^[22m[39m[31m[1m^[22m[39m[31m[1m^[22m[39m[31m[1m^[22m[39m[31m[1m^[22m[39m[31m[1m^[22m[39m[31m[1m^[22m[39m[31m[1m^[22m[39m[31m[1m^[22m[39m[31m[1m^[22m[39m[31m[1m^[22m[39m[31m[1m^[22m[39m[31m[1m^[22m[39m[31m[1m^[22m[39m[31m[1m^[22m[39m[31m[1m^[22m[39m[31m[1m^[22m[39m[31m[1m^[22m[39m[31m[1m^[22m[39m[31m[1m^[22m[39m[31m[1m^[22m[39m[31m[1m^[22m[39m[31m[1m^[22m[39m[31m[1m^[22m[39m[31m[1m^[22m[39m[31m[1m^[22m[39m[31m[1m^[22m[39m[31m[1m^[22m[39m[31m[1m^[22m[39m[31m[1m^[22m[39m[31m[1m^[22m[39m[31m[1m^[22m[39m[31m[1m^[22m[39m[31m[1m^[22m[39m[31m[1m^[22m[39m[31m[1m^[22m[39m[31m[1m^[22m[39m[31m[1m^[22m[39m[31m[1m^[22m[39m[31m[1m^[22m[39m[31m[1m^[22m[39m[31m[1m^[22m[39m[31m[1m^[22m[39m[31m[1m^[22m[39m[31m[1m^[22m[39m[31m[1m^[22m[39m[31m[1m^[22m[39m[31m[1m^[22m[39m[31m[1m^[22m[39m[31m[1m^[22m[39m[31m[1m^[22m[39m[31m[1m^[22m[39m[31m[1m^[22m[39m[31m[1m^[22m[39m[31m[1m^[22m[39m[31m[1m^[22m[39m[31m[1m^[22m[39m[31m[1m^[22m[39m[31m[1m^[22m[39m[31m[1m^[22m[39m[31m[1m^[22m[39m[31m[1m^[22m[39m[31m[1m^[22m[39m[31m[1m^[22m[39m[31m[1m^[22m[39m[31m[1m^[22m[39m[31m[1m^[22m[39m[31m[1m^[22m[39m[31m[1m^[22m[39m[31m[1m^[22m[39m[31m[1m^[22m[39m[31m[1m^[22m[39m[31m[1m^[22m[39m[31m[1m^[22m[39m[31m[1m^[22m[39m[31m[1m^[22m[39m[31m[1m^[22m[39m[31m[1m^[22m[39m[31m[1m^[22m[39m[31m[1m^[22m[39m[31m[1m^[22m[39m[31m[1m^[22m[39m[31m[1m^[22m[39m[31m[1m^[22m[39m[31m[1m^[22m[39m[31m[1m^[22m[39m[31m[1m^[22m[39m
 [90m 21 |[39m
 [90m 22 |[39m [36mconst[39m menuItems [33m=[39m [
 [90m 23 |[39m   {[0m

Import map: aliased to relative './components/ui/tooltip' inside of [project]/Project/engine-calc-id


Import traces:
  Client Component Browser:
    ./Project/engine-calc-id/components/sidebar.tsx [Client Component Browser]
    ./Project/engine-calc-id/app/dashboard/layout.tsx [Client Component Browser]
    ./Project/engine-calc-id/app/dashboard/layout.tsx [Server Component]

  Client Component SSR:
    ./Project/engine-calc-id/components/sidebar.tsx [Client Component SSR]
    ./Project/engine-calc-id/app/dashboard/layout.tsx [Client Component SSR]
    ./Project/engine-calc-id/app/dashboard/layout.tsx [Server Component]

https://nextjs.org/docs/messages/module-not-found


 ⨯ ./Project/engine-calc-id/components/sidebar.tsx:20:1
Module not found: Can't resolve '@/components/ui/tooltip'
[0m [90m 18 |[39m [36mimport[39m { useState[33m,[39m useEffect } [36mfrom[39m [32m"react"[39m[33m;[39m
 [90m 19 |[39m [36mimport[39m { cn } [36mfrom[39m [32m"@/lib/utils"[39m[33m;[39m
[31m[1m>[22m[39m[90m 20 |[39m [36mimport[39m { [33mTooltip[39m[33m,[39m [33mTooltipContent[39m[33m,[39m [33mTooltipProvider[39m[33m,[39m [33mTooltipTrigger[39m } [36mfrom[39m [32m"@/components/ui/tooltip"[39m[33m;[39m
 [90m    |[39m [31m[1m^[22m[39m[31m[1m^[22m[39m[31m[1m^[22m[39m[31m[1m^[22m[39m[31m[1m^[22m[39m[31m[1m^[22m[39m[31m[1m^[22m[39m[31m[1m^[22m[39m[31m[1m^[22m[39m[31m[1m^[22m[39m[31m[1m^[22m[39m[31m[1m^[22m[39m[31m[1m^[22m[39m[31m[1m^[22m[39m[31m[1m^[22m[39m[31m[1m^[22m[39m[31m[1m^[22m[39m[31m[1m^[22m[39m[31m[1m^[22m[39m[31m[1m^[22m[39m[31m[1m^[22m[39m[31m[1m^[22m[39m[31m[1m^[22m[39m[31m[1m^[22m[39m[31m[1m^[22m[39m[31m[1m^[22m[39m[31m[1m^[22m[39m[31m[1m^[22m[39m[31m[1m^[22m[39m[31m[1m^[22m[39m[31m[1m^[22m[39m[31m[1m^[22m[39m[31m[1m^[22m[39m[31m[1m^[22m[39m[31m[1m^[22m[39m[31m[1m^[22m[39m[31m[1m^[22m[39m[31m[1m^[22m[39m[31m[1m^[22m[39m[31m[1m^[22m[39m[31m[1m^[22m[39m[31m[1m^[22m[39m[31m[1m^[22m[39m[31m[1m^[22m[39m[31m[1m^[22m[39m[31m[1m^[22m[39m[31m[1m^[22m[39m[31m[1m^[22m[39m[31m[1m^[22m[39m[31m[1m^[22m[39m[31m[1m^[22m[39m[31m[1m^[22m[39m[31m[1m^[22m[39m[31m[1m^[22m[39m[31m[1m^[22m[39m[31m[1m^[22m[39m[31m[1m^[22m[39m[31m[1m^[22m[39m[31m[1m^[22m[39m[31m[1m^[22m[39m[31m[1m^[22m[39m[31m[1m^[22m[39m[31m[1m^[22m[39m[31m[1m^[22m[39m[31m[1m^[22m[39m[31m[1m^[22m[39m[31m[1m^[22m[39m[31m[1m^[22m[39m[31m[1m^[22m[39m[31m[1m^[22m[39m[31m[1m^[22m[39m[31m[1m^[22m[39m[31m[1m^[22m[39m[31m[1m^[22m[39m[31m[1m^[22m[39m[31m[1m^[22m[39m[31m[1m^[22m[39m[31m[1m^[22m[39m[31m[1m^[22m[39m[31m[1m^[22m[39m[31m[1m^[22m[39m[31m[1m^[22m[39m[31m[1m^[22m[39m[31m[1m^[22m[39m[31m[1m^[22m[39m[31m[1m^[22m[39m[31m[1m^[22m[39m[31m[1m^[22m[39m[31m[1m^[22m[39m[31m[1m^[22m[39m[31m[1m^[22m[39m[31m[1m^[22m[39m[31m[1m^[22m[39m[31m[1m^[22m[39m[31m[1m^[22m[39m[31m[1m^[22m[39m[31m[1m^[22m[39m[31m[1m^[22m[39m[31m[1m^[22m[39m
 [90m 21 |[39m
 [90m 22 |[39m [36mconst[39m menuItems [33m=[39m [
 [90m 23 |[39m   {[0m

Import map: aliased to relative './components/ui/tooltip' inside of [project]/Project/engine-calc-id


Import traces:
  Client Component Browser:
    ./Project/engine-calc-id/components/sidebar.tsx [Client Component Browser]
    ./Project/engine-calc-id/app/dashboard/layout.tsx [Client Component Browser]
    ./Project/engine-calc-id/app/dashboard/layout.tsx [Server Component]

  Client Component SSR:
    ./Project/engine-calc-id/components/sidebar.tsx [Client Component SSR]
    ./Project/engine-calc-id/app/dashboard/layout.tsx [Client Component SSR]
    ./Project/engine-calc-id/app/dashboard/layout.tsx [Server Component]

https://nextjs.org/docs/messages/module-not-found


 ⨯ ./Project/engine-calc-id/components/sidebar.tsx:20:1
Module not found: Can't resolve '@/components/ui/tooltip'
[0m [90m 18 |[39m [36mimport[39m { useState[33m,[39m useEffect } [36mfrom[39m [32m"react"[39m[33m;[39m
 [90m 19 |[39m [36mimport[39m { cn } [36mfrom[39m [32m"@/lib/utils"[39m[33m;[39m
[31m[1m>[22m[39m[90m 20 |[39m [36mimport[39m { [33mTooltip[39m[33m,[39m [33mTooltipContent[39m[33m,[39m [33mTooltipProvider[39m[33m,[39m [33mTooltipTrigger[39m } [36mfrom[39m [32m"@/components/ui/tooltip"[39m[33m;[39m
 [90m    |[39m [31m[1m^[22m[39m[31m[1m^[22m[39m[31m[1m^[22m[39m[31m[1m^[22m[39m[31m[1m^[22m[39m[31m[1m^[22m[39m[31m[1m^[22m[39m[31m[1m^[22m[39m[31m[1m^[22m[39m[31m[1m^[22m[39m[31m[1m^[22m[39m[31m[1m^[22m[39m[31m[1m^[22m[39m[31m[1m^[22m[39m[31m[1m^[22m[39m[31m[1m^[22m[39m[31m[1m^[22m[39m[31m[1m^[22m[39m[31m[1m^[22m[39m[31m[1m^[22m[39m[31m[1m^[22m[39m[31m[1m^[22m[39m[31m[1m^[22m[39m[31m[1m^[22m[39m[31m[1m^[22m[39m[31m[1m^[22m[39m[31m[1m^[22m[39m[31m[1m^[22m[39m[31m[1m^[22m[39m[31m[1m^[22m[39m[31m[1m^[22m[39m[31m[1m^[22m[39m[31m[1m^[22m[39m[31m[1m^[22m[39m[31m[1m^[22m[39m[31m[1m^[22m[39m[31m[1m^[22m[39m[31m[1m^[22m[39m[31m[1m^[22m[39m[31m[1m^[22m[39m[31m[1m^[22m[39m[31m[1m^[22m[39m[31m[1m^[22m[39m[31m[1m^[22m[39m[31m[1m^[22m[39m[31m[1m^[22m[39m[31m[1m^[22m[39m[31m[1m^[22m[39m[31m[1m^[22m[39m[31m[1m^[22m[39m[31m[1m^[22m[39m[31m[1m^[22m[39m[31m[1m^[22m[39m[31m[1m^[22m[39m[31m[1m^[22m[39m[31m[1m^[22m[39m[31m[1m^[22m[39m[31m[1m^[22m[39m[31m[1m^[22m[39m[31m[1m^[22m[39m[31m[1m^[22m[39m[31m[1m^[22m[39m[31m[1m^[22m[39m[31m[1m^[22m[39m[31m[1m^[22m[39m[31m[1m^[22m[39m[31m[1m^[22m[39m[31m[1m^[22m[39m[31m[1m^[22m[39m[31m[1m^[22m[39m[31m[1m^[22m[39m[31m[1m^[22m[39m[31m[1m^[22m[39m[31m[1m^[22m[39m[31m[1m^[22m[39m[31m[1m^[22m[39m[31m[1m^[22m[39m[31m[1m^[22m[39m[31m[1m^[22m[39m[31m[1m^[22m[39m[31m[1m^[22m[39m[31m[1m^[22m[39m[31m[1m^[22m[39m[31m[1m^[22m[39m[31m[1m^[22m[39m[31m[1m^[22m[39m[31m[1m^[22m[39m[31m[1m^[22m[39m[31m[1m^[22m[39m[31m[1m^[22m[39m[31m[1m^[22m[39m[31m[1m^[22m[39m[31m[1m^[22m[39m[31m[1m^[22m[39m[31m[1m^[22m[39m[31m[1m^[22m[39m[31m[1m^[22m[39m[31m[1m^[22m[39m[31m[1m^[22m[39m
 [90m 21 |[39m
 [90m 22 |[39m [36mconst[39m menuItems [33m=[39m [
 [90m 23 |[39m   {[0m

Import map: aliased to relative './components/ui/tooltip' inside of [project]/Project/engine-calc-id


Import traces:
  Client Component Browser:
    ./Project/engine-calc-id/components/sidebar.tsx [Client Component Browser]
    ./Project/engine-calc-id/app/dashboard/layout.tsx [Client Component Browser]
    ./Project/engine-calc-id/app/dashboard/layout.tsx [Server Component]

  Client Component SSR:
    ./Project/engine-calc-id/components/sidebar.tsx [Client Component SSR]
    ./Project/engine-calc-id/app/dashboard/layout.tsx [Client Component SSR]
    ./Project/engine-calc-id/app/dashboard/layout.tsx [Server Component]

https://nextjs.org/docs/messages/module-not-found


 ✓ Compiled in 716ms
 ✓ Compiled in 508ms
 ✓ Compiled /dashboard in 98ms
 GET /dashboard 200 in 1278ms
 GET /dashboard 200 in 220ms
 GET /dashboard 200 in 315ms
 GET /dashboard 200 in 252ms
 GET /dashboard 200 in 273ms
 ✓ Compiled in 551ms
 HEAD / 307 in 554ms
 GET /dashboard 200 in 1203ms
 ✓ Compiled /calculators/displacement in 47ms
 GET /calculators/displacement 200 in 307ms
 GET /dashboard 200 in 253ms
 GET /calculators/displacement 200 in 118ms
 GET /dashboard 200 in 170ms
 ✓ Compiled in 596ms
 HEAD / 307 in 550ms
 GET /dashboard 200 in 1914ms
 GET /calculators/displacement 200 in 405ms
 ✓ Compiled /calculators/valve-size in 98ms
 GET /calculators/valve-size 200 in 193ms
 ○ Compiling /calculators/gear-ratio ...
 ✓ Compiled /calculators/gear-ratio in 944ms
 GET /calculators/gear-ratio 200 in 1099ms
 GET /dashboard 200 in 445ms
 GET /dashboard 200 in 972ms
 GET /calculators/displacement 200 in 168ms
 GET /calculators/displacement 200 in 1043ms
 GET /dashboard 200 in 234ms
 ○ Compiling /calculators/speed ...
 ✓ Compiled /calculators/speed in 667ms
 GET /calculators/speed 200 in 797ms
 ○ Compiling /calculators/power-to-weight ...
 ✓ Compiled /calculators/power-to-weight in 633ms
 GET /calculators/power-to-weight 200 in 774ms
 ○ Compiling /calculators/torque ...
 ✓ Compiled /calculators/torque in 698ms
 GET /calculators/torque 200 in 823ms
 GET /calculators/displacement 200 in 241ms
 GET /calculators/valve-size 200 in 121ms
 GET /dashboard 200 in 208ms
 GET /dashboard 200 in 175ms
 GET /dashboard 200 in 468ms
 ⚠ Cross origin request detected from 192.168.1.14 to /_next/* resource. In a future major version of Next.js, you will need to explicitly configure "allowedDevOrigins" in next.config to allow this.
Read more: https://nextjs.org/docs/app/api-reference/config/next-config-js/allowedDevOrigins
 GET /favicon.ico?favicon.0b3bf435.ico 200 in 271ms
 GET /dashboard 200 in 330ms
 GET /favicon.ico?favicon.0b3bf435.ico 200 in 349ms
 ✓ Compiled in 890ms
 ✓ Compiled in 1402ms
 ✓ Compiled /dashboard in 184ms
 GET /dashboard 200 in 2456ms
 GET /calculators/valve-size 200 in 2597ms
 GET /dashboard 200 in 3260ms
 GET /favicon.ico?favicon.0b3bf435.ico 200 in 1063ms
 ✓ Compiled in 3.2s
 ○ Compiling /calculators/valve-size ...
 ✓ Compiled /calculators/valve-size in 756ms
 GET /dashboard 200 in 832ms
 GET /calculators/valve-size 200 in 2039ms
 GET /calculators/valve-size 200 in 1896ms
 GET /dashboard 200 in 2228ms
 GET /dashboard 200 in 1407ms
 GET /dashboard 200 in 305ms
 GET /dashboard 200 in 202ms
 GET /dashboard 200 in 427ms
 GET /dashboard 200 in 336ms
 GET /dashboard 200 in 483ms
 GET /favicon.ico?favicon.0b3bf435.ico 200 in 489ms
 GET /favicon.ico?favicon.0b3bf435.ico 200 in 325ms
 ✓ Compiled in 2.3s
 GET /dashboard 200 in 2149ms
 GET /calculators/valve-size 200 in 2236ms
 GET /dashboard 200 in 2885ms
 GET /favicon.ico?favicon.0b3bf435.ico 200 in 409ms
 ✓ Compiled in 319ms
 HEAD / 307 in 690ms
 GET /calculators/valve-size 200 in 2876ms
 GET /dashboard 200 in 246ms
 ✓ Compiled /calculators/displacement in 80ms
 GET /calculators/displacement 200 in 479ms
 GET /dashboard 200 in 279ms
 ○ Compiling /calculators/ignition-timing ...
 ✓ Compiled /calculators/ignition-timing in 1312ms
 GET /calculators/ignition-timing 200 in 1445ms
 GET /calculators/ignition-timing 200 in 1562ms
 GET /calculators/ignition-timing 200 in 236ms
 ○ Compiling /calculators/fuel-ratio ...
 ✓ Compiled /calculators/fuel-ratio in 777ms
 GET /calculators/fuel-ratio 200 in 911ms
 ✓ Compiled /calculators/carburetor-size in 42ms
 GET /calculators/carburetor-size 200 in 346ms
 GET /dashboard 200 in 228ms
 ✓ Compiled /auth/login in 100ms
 GET /auth/login 200 in 1751ms
